# Converted from Roblox mesh format
# Vertices: 3201, Faces: 3159

v 72.754364 -63.643757 -63.767334 1.000000 1.000000 1.000000
v 78.853210 -58.358128 -60.971436 1.000000 1.000000 1.000000
v 74.890137 -64.290085 -60.971436 1.000000 1.000000 1.000000
v 77.620209 -56.361485 -63.774658 1.000000 1.000000 1.000000
v 81.499329 53.811592 -61.017578 1.000000 1.000000 1.000000
v 81.769287 53.302818 -68.605713 1.000000 1.000000 1.000000
v 81.568573 53.796890 -69.101074 1.000000 1.000000 1.000000
v 81.709534 53.316441 -61.124756 1.000000 1.000000 1.000000
v 77.620209 -56.361485 -63.774658 1.000000 1.000000 1.000000
v 81.216431 -49.175365 -60.971191 1.000000 1.000000 1.000000
v 79.801544 -56.315533 -60.971436 1.000000 1.000000 1.000000
v 79.285980 -47.720486 -63.777344 1.000000 1.000000 1.000000
v 79.285980 -47.720486 -63.777344 1.000000 1.000000 1.000000
v 81.775177 -39.186779 -60.971191 1.000000 1.000000 1.000000
v 81.668945 -46.892025 -60.971191 1.000000 1.000000 1.000000
v 79.586792 -37.918262 -63.776855 1.000000 1.000000 1.000000
v 79.582977 -27.866726 -63.775879 1.000000 1.000000 1.000000
v 81.778503 44.858593 -60.971191 1.000000 1.000000 1.000000
v 81.775665 -26.922123 -60.971191 1.000000 1.000000 1.000000
v 79.575531 47.332058 -63.774170 1.000000 1.000000 1.000000
v 79.586792 -37.918262 -63.776855 1.000000 1.000000 1.000000
v 81.775574 -29.117168 -60.971191 1.000000 1.000000 1.000000
v 81.775269 -36.993801 -60.971191 1.000000 1.000000 1.000000
v 79.582977 -27.866726 -63.775879 1.000000 1.000000 1.000000
v 79.575531 47.332058 -63.774170 1.000000 1.000000 1.000000
v 79.545013 47.332054 -59.008789 1.000000 1.000000 1.000000
v 81.778503 44.858593 -60.971191 1.000000 1.000000 1.000000
v 81.692291 37.131294 -45.958252 1.000000 1.000000 1.000000
v 79.466034 41.906525 -48.186768 1.000000 1.000000 1.000000
v 79.443207 41.906525 -43.031494 1.000000 1.000000 1.000000
v 72.754364 -63.643757 -63.767334 1.000000 1.000000 1.000000
v 67.700562 -70.163879 -60.971436 1.000000 1.000000 1.000000
v 65.653778 -68.836990 -63.758057 1.000000 1.000000 1.000000
v 73.524719 -66.272232 -60.971436 1.000000 1.000000 1.000000
v 80.527069 -51.211681 -37.802002 1.000000 1.000000 1.000000
v 77.452057 -60.401394 -39.353516 1.000000 1.000000 1.000000
v 80.536133 -51.214085 -39.354248 1.000000 1.000000 1.000000
v 77.271606 -60.302998 -39.848389 1.000000 1.000000 1.000000
v 80.337860 -51.170643 -39.849121 1.000000 1.000000 1.000000
v 77.445435 -60.398182 -37.793945 1.000000 1.000000 1.000000
v 77.258636 -60.303753 -37.303711 1.000000 1.000000 1.000000
v 80.322998 -51.166927 -37.307129 1.000000 1.000000 1.000000
v 74.890137 -64.290085 -60.971436 1.000000 1.000000 1.000000
v 78.841858 -58.348408 -57.093018 1.000000 1.000000 1.000000
v 74.874207 -64.285950 -57.093018 1.000000 1.000000 1.000000
v 78.853210 -58.358128 -60.971436 1.000000 1.000000 1.000000
v 78.087402 -59.424740 -49.390625 1.000000 1.000000 1.000000
v 80.447571 -52.732449 -49.390625 1.000000 1.000000 1.000000
v 78.069000 -59.422909 -45.958496 1.000000 1.000000 1.000000
v 80.430115 -52.720623 -45.958496 1.000000 1.000000 1.000000
v 79.655457 -57.179707 -68.603516 1.000000 1.000000 1.000000
v 81.767487 -46.344929 -67.227295 1.000000 1.000000 1.000000
v 79.643494 -57.181293 -67.226318 1.000000 1.000000 1.000000
v 79.445892 -57.102131 -66.731201 1.000000 1.000000 1.000000
v 81.558136 -46.325695 -66.732178 1.000000 1.000000 1.000000
v 81.779938 -46.343082 -68.605225 1.000000 1.000000 1.000000
v 79.466461 -57.099392 -69.098633 1.000000 1.000000 1.000000
v 81.579041 -46.322529 -69.099854 1.000000 1.000000 1.000000
v 79.779083 -56.316692 -57.093018 1.000000 1.000000 1.000000
v 81.216431 -49.175365 -60.971191 1.000000 1.000000 1.000000
v 81.198029 -49.165043 -57.093018 1.000000 1.000000 1.000000
v 79.801544 -56.315533 -60.971436 1.000000 1.000000 1.000000
v 80.889221 -50.513393 -49.390625 1.000000 1.000000 1.000000
v 81.709900 -42.996716 -49.390625 1.000000 1.000000 1.000000
v 80.868713 -50.517040 -45.958252 1.000000 1.000000 1.000000
v 81.690979 -42.987919 -45.958252 1.000000 1.000000 1.000000
v 77.598083 58.814606 -29.768311 1.000000 1.000000 1.000000
v 76.922028 46.811317 51.306396 1.000000 1.000000 1.000000
v 77.598083 46.811340 -29.768311 1.000000 1.000000 1.000000
v 77.766327 47.129017 -69.299072 1.000000 1.000000 1.000000
v 77.766327 59.238056 -69.299072 1.000000 1.000000 1.000000
v 76.922028 58.814583 51.306396 1.000000 1.000000 1.000000
v 75.329620 46.811314 66.798584 1.000000 1.000000 1.000000
v 76.521393 68.744514 -29.768311 1.000000 1.000000 1.000000
v 76.037872 68.320770 -69.299316 1.000000 1.000000 1.000000
v 75.726685 68.313972 51.306396 1.000000 1.000000 1.000000
v 75.329620 58.814583 66.798584 1.000000 1.000000 1.000000
v 73.200348 46.811317 72.468506 1.000000 1.000000 1.000000
v 73.923096 67.402039 66.800537 1.000000 1.000000 1.000000
v 71.330353 76.012779 -29.768311 1.000000 1.000000 1.000000
v 70.930664 75.920593 -69.299072 1.000000 1.000000 1.000000
v 70.659546 75.278038 51.306396 1.000000 1.000000 1.000000
v 69.174377 73.757851 66.801270 1.000000 1.000000 1.000000
v 71.831299 66.450401 72.469482 1.000000 1.000000 1.000000
v 73.200348 58.814579 72.468506 1.000000 1.000000 1.000000
v 68.576416 46.811317 76.619141 1.000000 1.000000 1.000000
v 68.576385 58.814579 76.619141 1.000000 1.000000 1.000000
v 62.696686 46.811317 78.138428 1.000000 1.000000 1.000000
v 67.473877 64.536644 76.619385 1.000000 1.000000 1.000000
v 67.552277 72.122780 72.469727 1.000000 1.000000 1.000000
v 61.891632 76.416351 72.469727 1.000000 1.000000 1.000000
v 62.020294 62.174622 78.138428 1.000000 1.000000 1.000000
v 62.696686 58.814575 78.138428 1.000000 1.000000 1.000000
v 54.259186 67.257698 78.138428 1.000000 1.000000 1.000000
v 17.690887 46.811317 78.138428 1.000000 1.000000 1.000000
v 60.119537 64.677086 78.138428 1.000000 1.000000 1.000000
v 64.237488 68.798500 76.619629 1.000000 1.000000 1.000000
v 1.210205 67.257690 78.138428 1.000000 1.000000 1.000000
v 11.383957 45.556801 78.138428 1.000000 1.000000 1.000000
v 6.037231 41.984241 78.138428 1.000000 1.000000 1.000000
v 2.464661 36.637524 78.138428 1.000000 1.000000 1.000000
v 1.210205 30.330645 78.138428 1.000000 1.000000 1.000000
v 59.980011 72.040207 76.619629 1.000000 1.000000 1.000000
v 54.259186 73.147850 76.619385 1.000000 1.000000 1.000000
v 1.210205 73.147842 76.619385 1.000000 1.000000 1.000000
v 57.618805 66.579826 78.138428 1.000000 1.000000 1.000000
v 54.259186 77.800385 72.469238 1.000000 1.000000 1.000000
v 1.210205 77.800385 72.469238 1.000000 1.000000 1.000000
v 1.210205 79.968674 66.800049 1.000000 1.000000 1.000000
v 54.259186 79.968681 66.800049 1.000000 1.000000 1.000000
v 1.210205 81.665543 51.306396 1.000000 1.000000 1.000000
v 62.840637 78.534027 66.801270 1.000000 1.000000 1.000000
v 54.259186 81.665550 51.306396 1.000000 1.000000 1.000000
v 63.746643 80.408859 51.306396 1.000000 1.000000 1.000000
v 54.259186 82.532486 -29.768311 1.000000 1.000000 1.000000
v 1.210205 82.532471 -29.768311 1.000000 1.000000 1.000000
v 64.166351 81.333588 -29.768311 1.000000 1.000000 1.000000
v 63.339996 81.039078 -69.299316 1.000000 1.000000 1.000000
v 54.259186 82.778137 -69.299072 1.000000 1.000000 1.000000
v 1.210205 82.778130 -69.299072 1.000000 1.000000 1.000000
v 77.445435 -60.398182 -37.793945 1.000000 1.000000 1.000000
v 71.404541 -68.000732 -39.352539 1.000000 1.000000 1.000000
v 77.452057 -60.401394 -39.353516 1.000000 1.000000 1.000000
v 71.270844 -67.842743 -39.847412 1.000000 1.000000 1.000000
v 77.271606 -60.302998 -39.848389 1.000000 1.000000 1.000000
v 71.399994 -67.997467 -37.792480 1.000000 1.000000 1.000000
v 77.258636 -60.303753 -37.303711 1.000000 1.000000 1.000000
v 71.264648 -67.839325 -37.302490 1.000000 1.000000 1.000000
v 62.571411 -72.651077 -49.390625 1.000000 1.000000 1.000000
v 57.390106 -71.576355 -57.093018 1.000000 1.000000 1.000000
v 62.882996 -70.542267 -49.390625 1.000000 1.000000 1.000000
v 56.761169 -73.800797 -57.093018 1.000000 1.000000 1.000000
v 81.710052 -32.927616 -49.390625 1.000000 1.000000 1.000000
v 81.691071 -40.860271 -45.958252 1.000000 1.000000 1.000000
v 81.709961 -40.854572 -49.390625 1.000000 1.000000 1.000000
v 81.691162 -32.918987 -45.958252 1.000000 1.000000 1.000000
v 81.752960 -39.176502 -57.093018 1.000000 1.000000 1.000000
v 81.647400 -46.897465 -57.093018 1.000000 1.000000 1.000000
v 81.775177 -39.186779 -60.971191 1.000000 1.000000 1.000000
v 81.668945 -46.892025 -60.971191 1.000000 1.000000 1.000000
v 81.710236 -22.858387 -49.390625 1.000000 1.000000 1.000000
v 81.691223 -30.789371 -45.958252 1.000000 1.000000 1.000000
v 81.710083 -30.783527 -49.390625 1.000000 1.000000 1.000000
v 81.691345 -22.849911 -45.958252 1.000000 1.000000 1.000000
v 81.753143 -29.106953 -57.093018 1.000000 1.000000 1.000000
v 81.753052 -37.000584 -57.093018 1.000000 1.000000 1.000000
v 81.775574 -29.117168 -60.971191 1.000000 1.000000 1.000000
v 81.775269 -36.993801 -60.971191 1.000000 1.000000 1.000000
v 81.692291 37.131294 -45.958252 1.000000 1.000000 1.000000
v 81.691345 -20.718555 -45.958252 1.000000 1.000000 1.000000
v 81.710236 -20.712559 -49.390625 1.000000 1.000000 1.000000
v 81.778503 44.858593 -60.971191 1.000000 1.000000 1.000000
v 81.775665 -26.922123 -60.971191 1.000000 1.000000 1.000000
v 81.753204 -26.929195 -57.093018 1.000000 1.000000 1.000000
v 81.759460 52.086571 -67.227539 1.000000 1.000000 1.000000
v 81.709534 53.316441 -61.124756 1.000000 1.000000 1.000000
v 81.701324 52.086555 -60.807861 1.000000 1.000000 1.000000
v 81.769287 53.302818 -68.605713 1.000000 1.000000 1.000000
v 81.550323 51.591667 -66.734863 1.000000 1.000000 1.000000
v 81.500305 51.591660 -60.926025 1.000000 1.000000 1.000000
v 81.620605 44.608028 -45.718018 1.000000 1.000000 1.000000
v 81.419464 44.112854 -45.836182 1.000000 1.000000 1.000000
v 81.701324 52.086555 -60.807861 1.000000 1.000000 1.000000
v 81.635803 46.333221 -45.983887 1.000000 1.000000 1.000000
v 81.558136 -46.325695 -66.732178 1.000000 1.000000 1.000000
v 81.767487 -46.344929 -67.227295 1.000000 1.000000 1.000000
v 81.759460 52.086571 -67.227539 1.000000 1.000000 1.000000
v 81.779938 -46.343082 -68.605225 1.000000 1.000000 1.000000
v 81.769287 53.302818 -68.605713 1.000000 1.000000 1.000000
v 81.769287 53.302818 -68.605713 1.000000 1.000000 1.000000
v 81.579041 -46.322529 -69.099854 1.000000 1.000000 1.000000
v 81.568573 53.796890 -69.101074 1.000000 1.000000 1.000000
v 81.571991 44.608036 -39.355469 1.000000 1.000000 1.000000
v 81.620605 44.608028 -45.718018 1.000000 1.000000 1.000000
v 81.562073 46.347397 -37.803955 1.000000 1.000000 1.000000
v 81.371124 44.112583 -39.852783 1.000000 1.000000 1.000000
v 81.419464 44.112854 -45.836182 1.000000 1.000000 1.000000
v 81.426086 46.828373 -45.876709 1.000000 1.000000 1.000000
v 81.635803 46.333221 -45.983887 1.000000 1.000000 1.000000
v 81.352844 46.843231 -37.309570 1.000000 1.000000 1.000000
v 81.635803 46.333221 -45.983887 1.000000 1.000000 1.000000
v 81.709534 53.316441 -61.124756 1.000000 1.000000 1.000000
v 81.499329 53.811592 -61.017578 1.000000 1.000000 1.000000
v 81.582306 -41.569485 -39.355225 1.000000 1.000000 1.000000
v 81.380829 -41.558743 -39.852051 1.000000 1.000000 1.000000
v 81.571991 44.608036 -39.355469 1.000000 1.000000 1.000000
v 81.571136 -41.568394 -37.803223 1.000000 1.000000 1.000000
v 81.562073 46.347397 -37.803955 1.000000 1.000000 1.000000
v 81.362915 -41.557011 -37.308838 1.000000 1.000000 1.000000
v 81.352844 46.843231 -37.309570 1.000000 1.000000 1.000000
v 80.337860 -51.170643 -39.849121 1.000000 1.000000 1.000000
v 81.380829 -41.558743 -39.852051 1.000000 1.000000 1.000000
v 80.536133 -51.214085 -39.354248 1.000000 1.000000 1.000000
v 80.527069 -51.211681 -37.802002 1.000000 1.000000 1.000000
v 81.571136 -41.568394 -37.803223 1.000000 1.000000 1.000000
v 80.322998 -51.166927 -37.307129 1.000000 1.000000 1.000000
v 81.362915 -41.557011 -37.308838 1.000000 1.000000 1.000000
v 73.636536 -66.187180 -68.601562 1.000000 1.000000 1.000000
v 79.643494 -57.181293 -67.226318 1.000000 1.000000 1.000000
v 73.624847 -66.188553 -67.224854 1.000000 1.000000 1.000000
v 79.655457 -57.179707 -68.603516 1.000000 1.000000 1.000000
v 73.492981 -66.038879 -69.096436 1.000000 1.000000 1.000000
v 79.466461 -57.099392 -69.098633 1.000000 1.000000 1.000000
v 79.445892 -57.102131 -66.731201 1.000000 1.000000 1.000000
v 73.472809 -66.041245 -66.729736 1.000000 1.000000 1.000000
v 73.472809 -66.041245 -66.729736 1.000000 1.000000 1.000000
v 64.617676 -72.207474 -67.223633 1.000000 1.000000 1.000000
v 64.533752 -72.014633 -66.728760 1.000000 1.000000 1.000000
v 64.629211 -72.206177 -68.599365 1.000000 1.000000 1.000000
v 73.636536 -66.187180 -68.601562 1.000000 1.000000 1.000000
v 64.553589 -72.012421 -69.094727 1.000000 1.000000 1.000000
v 73.492981 -66.038879 -69.096436 1.000000 1.000000 1.000000
v 73.519226 -66.267227 -57.093018 1.000000 1.000000 1.000000
v 67.700562 -70.163879 -60.971436 1.000000 1.000000 1.000000
v 73.524719 -66.272232 -60.971436 1.000000 1.000000 1.000000
v 67.693695 -70.159805 -57.093018 1.000000 1.000000 1.000000
v 72.555542 -66.894135 -49.390625 1.000000 1.000000 1.000000
v 76.813873 -61.324963 -49.390625 1.000000 1.000000 1.000000
v 72.546234 -66.890121 -45.958496 1.000000 1.000000 1.000000
v 76.802826 -61.312229 -45.958496 1.000000 1.000000 1.000000
v 53.179535 -74.412674 -49.390625 1.000000 1.000000 1.000000
v 47.900513 -72.388672 -57.093018 1.000000 1.000000 1.000000
v 54.005524 -72.255447 -49.390625 1.000000 1.000000 1.000000
v 47.062683 -74.404739 -57.093018 1.000000 1.000000 1.000000
v 81.002228 54.016693 -60.975098 1.000000 1.000000 1.000000
v 81.568573 53.796890 -69.101074 1.000000 1.000000 1.000000
v 81.075378 54.001549 -69.306885 1.000000 1.000000 1.000000
v 81.499329 53.811592 -61.017578 1.000000 1.000000 1.000000
v 81.778503 44.858593 -60.971191 1.000000 1.000000 1.000000
v 79.466034 41.906525 -48.186768 1.000000 1.000000 1.000000
v 81.692291 37.131294 -45.958252 1.000000 1.000000 1.000000
v 79.545013 47.332054 -59.008789 1.000000 1.000000 1.000000
v 57.373993 -71.449860 -63.751953 1.000000 1.000000 1.000000
v 53.566650 -72.186401 -66.526611 1.000000 1.000000 1.000000
v 65.711670 -68.929214 -66.534180 1.000000 1.000000 1.000000
v 65.653778 -68.836990 -63.758057 1.000000 1.000000 1.000000
v 72.754364 -63.643757 -63.767334 1.000000 1.000000 1.000000
v 72.767548 -63.655567 -66.543945 1.000000 1.000000 1.000000
v 77.620209 -56.361485 -63.774658 1.000000 1.000000 1.000000
v 77.643188 -56.361019 -66.551758 1.000000 1.000000 1.000000
v 79.285980 -47.720486 -63.777344 1.000000 1.000000 1.000000
v 79.614807 -46.138012 -66.555420 1.000000 1.000000 1.000000
v 79.586792 -37.918262 -63.776855 1.000000 1.000000 1.000000
v 79.582977 -27.866726 -63.775879 1.000000 1.000000 1.000000
v 79.597168 51.387306 -66.552246 1.000000 1.000000 1.000000
v 79.575531 47.332058 -63.774170 1.000000 1.000000 1.000000
v 79.550537 51.387306 -60.996094 1.000000 1.000000 1.000000
v 79.545013 47.332054 -59.008789 1.000000 1.000000 1.000000
v 79.469635 43.908768 -45.906250 1.000000 1.000000 1.000000
v 79.466034 41.906525 -48.186768 1.000000 1.000000 1.000000
v 79.443207 41.906525 -43.031494 1.000000 1.000000 1.000000
v 79.417023 43.902992 -40.078613 1.000000 1.000000 1.000000
v 79.452301 -21.627171 -43.030762 1.000000 1.000000 1.000000
v 79.440765 -41.568943 -40.078125 1.000000 1.000000 1.000000
v 79.455353 -31.676037 -43.030518 1.000000 1.000000 1.000000
v 79.458405 -41.724926 -43.030273 1.000000 1.000000 1.000000
v 78.320099 -50.481571 -40.074219 1.000000 1.000000 1.000000
v 78.200989 -51.067646 -43.027832 1.000000 1.000000 1.000000
v 75.447174 -58.990322 -40.070312 1.000000 1.000000 1.000000
v 75.424469 -59.032856 -43.023926 1.000000 1.000000 1.000000
v 70.109924 -65.829666 -43.018066 1.000000 1.000000 1.000000
v 70.648621 -68.165924 -49.390625 1.000000 1.000000 1.000000
v 65.760040 -68.931061 -57.093018 1.000000 1.000000 1.000000
v 70.226471 -65.947754 -49.390625 1.000000 1.000000 1.000000
v 65.806183 -71.417801 -57.093018 1.000000 1.000000 1.000000
v 65.653778 -68.836990 -63.758057 1.000000 1.000000 1.000000
v 58.893066 -73.377136 -60.971680 1.000000 1.000000 1.000000
v 57.373993 -71.449860 -63.751953 1.000000 1.000000 1.000000
v 65.809998 -71.427124 -60.971436 1.000000 1.000000 1.000000
v -59.597504 62.181442 78.138428 1.000000 1.000000 1.000000
v -66.155869 58.814568 76.619141 1.000000 1.000000 1.000000
v -60.276184 58.814568 78.138428 1.000000 1.000000 1.000000
v -66.155869 46.903477 76.619141 1.000000 1.000000 1.000000
v -70.779861 46.905029 72.468506 1.000000 1.000000 1.000000
v -60.276184 46.902596 78.138428 1.000000 1.000000 1.000000
v -70.779861 58.814568 72.468506 1.000000 1.000000 1.000000
v -72.909180 46.907372 66.798584 1.000000 1.000000 1.000000
v -72.909180 58.814568 66.798584 1.000000 1.000000 1.000000
v -65.050278 64.545898 76.619385 1.000000 1.000000 1.000000
v -69.406372 66.464142 72.469482 1.000000 1.000000 1.000000
v -71.496445 67.421989 66.800537 1.000000 1.000000 1.000000
v -66.760269 73.764786 66.801270 1.000000 1.000000 1.000000
v -65.136200 72.127457 72.469727 1.000000 1.000000 1.000000
v -61.819992 68.801590 76.619629 1.000000 1.000000 1.000000
v -57.701309 64.679367 78.138428 1.000000 1.000000 1.000000
v -57.568649 72.037140 76.619629 1.000000 1.000000 1.000000
v -59.484390 76.411980 72.469971 1.000000 1.000000 1.000000
v -60.439026 78.528015 66.801270 1.000000 1.000000 1.000000
v -51.838745 79.968674 66.800049 1.000000 1.000000 1.000000
v -51.838745 77.800377 72.469238 1.000000 1.000000 1.000000
v 1.210205 77.800385 72.469238 1.000000 1.000000 1.000000
v -51.838745 73.147842 76.619385 1.000000 1.000000 1.000000
v 1.210205 73.147842 76.619385 1.000000 1.000000 1.000000
v -55.205109 66.577568 78.138428 1.000000 1.000000 1.000000
v -51.838745 67.257690 78.138428 1.000000 1.000000 1.000000
v 1.210205 67.257690 78.138428 1.000000 1.000000 1.000000
v -14.136703 46.902309 78.138428 1.000000 1.000000 1.000000
v 43.217377 -74.413361 -49.390625 1.000000 1.000000 1.000000
v 37.887756 -72.380493 -57.093018 1.000000 1.000000 1.000000
v 44.076324 -72.380295 -49.390625 1.000000 1.000000 1.000000
v 37.009430 -74.405441 -57.093018 1.000000 1.000000 1.000000
v -13.398758 43.243401 75.607910 1.000000 1.000000 1.000000
v -14.405167 44.694752 76.428711 1.000000 1.000000 1.000000
v -14.555603 43.553379 75.607910 1.000000 1.000000 1.000000
v -14.555603 39.553505 75.607910 1.000000 1.000000 1.000000
v -12.815201 44.253757 76.422119 1.000000 1.000000 1.000000
v -14.374176 44.929352 78.138428 1.000000 1.000000 1.000000
v -12.686218 44.468216 78.138428 1.000000 1.000000 1.000000
v -14.293396 45.531612 78.634277 1.000000 1.000000 1.000000
v -12.684494 42.529140 75.608154 1.000000 1.000000 1.000000
v -12.373367 45.007076 78.634277 1.000000 1.000000 1.000000
v -14.217484 46.300049 78.634277 1.000000 1.000000 1.000000
v -11.673935 43.112457 76.422119 1.000000 1.000000 1.000000
v -11.450592 43.232552 78.138428 1.000000 1.000000 1.000000
v -12.423050 41.553436 75.608154 1.000000 1.000000 1.000000
v -11.256226 41.553436 76.422119 1.000000 1.000000 1.000000
v -11.977875 45.688206 78.634277 1.000000 1.000000 1.000000
v -14.136703 46.902309 78.138428 1.000000 1.000000 1.000000
v -11.664978 46.227062 78.138428 1.000000 1.000000 1.000000
v -10.910614 43.544304 78.634277 1.000000 1.000000 1.000000
v -10.228073 43.938374 78.634277 1.000000 1.000000 1.000000
v -9.688095 44.250126 78.138428 1.000000 1.000000 1.000000
v -10.998260 41.544590 78.138428 1.000000 1.000000 1.000000
v -10.374741 41.544590 78.634277 1.000000 1.000000 1.000000
v -9.586624 41.544586 78.634277 1.000000 1.000000 1.000000
v -8.963120 41.544586 78.138428 1.000000 1.000000 1.000000
v -9.688095 38.839073 78.138428 1.000000 1.000000 1.000000
v -10.228073 39.150826 78.634277 1.000000 1.000000 1.000000
v -10.910614 39.544888 78.634277 1.000000 1.000000 1.000000
v -11.982925 37.395920 78.634277 1.000000 1.000000 1.000000
v -11.672318 36.854828 78.138428 1.000000 1.000000 1.000000
v -14.147385 36.204613 78.138428 1.000000 1.000000 1.000000
v -12.375549 38.079872 78.634277 1.000000 1.000000 1.000000
v -14.225204 36.806854 78.634277 1.000000 1.000000 1.000000
v -60.276184 36.195427 78.138428 1.000000 1.000000 1.000000
v -60.338882 36.797752 78.630127 1.000000 1.000000 1.000000
v -66.155869 36.107773 76.619141 1.000000 1.000000 1.000000
v -14.296356 37.575279 78.634277 1.000000 1.000000 1.000000
v -12.686218 38.620964 78.138428 1.000000 1.000000 1.000000
v -11.450592 39.856640 78.138428 1.000000 1.000000 1.000000
v -14.374176 38.177532 78.138428 1.000000 1.000000 1.000000
v -11.673935 39.994423 76.422119 1.000000 1.000000 1.000000
v -12.815201 38.853127 76.422119 1.000000 1.000000 1.000000
v -12.684494 40.577740 75.608154 1.000000 1.000000 1.000000
v -13.398758 39.863480 75.607910 1.000000 1.000000 1.000000
v -14.405167 38.412128 76.428711 1.000000 1.000000 1.000000
v -60.062851 38.407101 76.444580 1.000000 1.000000 1.000000
v -60.276184 38.168671 78.138428 1.000000 1.000000 1.000000
v -65.352264 38.405190 75.116943 1.000000 1.000000 1.000000
v -66.155869 38.168678 76.619141 1.000000 1.000000 1.000000
v -60.338699 37.566467 78.630127 1.000000 1.000000 1.000000
v -66.390625 37.566475 77.055664 1.000000 1.000000 1.000000
v -71.189407 37.575195 72.747803 1.000000 1.000000 1.000000
v -66.389862 36.796867 77.056152 1.000000 1.000000 1.000000
v -70.779861 36.201851 72.468506 1.000000 1.000000 1.000000
v -71.188751 36.804043 72.748291 1.000000 1.000000 1.000000
v -73.391632 36.804348 66.911865 1.000000 1.000000 1.000000
v 80.929169 47.033482 -45.834473 1.000000 1.000000 1.000000
v 81.352844 46.843231 -37.309570 1.000000 1.000000 1.000000
v 81.426086 46.828373 -45.876709 1.000000 1.000000 1.000000
v 80.856110 47.048615 -37.106445 1.000000 1.000000 1.000000
v 71.399994 -67.997467 -37.792480 1.000000 1.000000 1.000000
v 62.970825 -72.733185 -39.351807 1.000000 1.000000 1.000000
v 71.404541 -68.000732 -39.352539 1.000000 1.000000 1.000000
v 71.270844 -67.842743 -39.847412 1.000000 1.000000 1.000000
v 62.902466 -72.537827 -39.847168 1.000000 1.000000 1.000000
v 62.968872 -72.731445 -37.791504 1.000000 1.000000 1.000000
v 71.264648 -67.839325 -37.302490 1.000000 1.000000 1.000000
v 62.899597 -72.536911 -37.301758 1.000000 1.000000 1.000000
v 57.390106 -71.576355 -57.093018 1.000000 1.000000 1.000000
v 56.765503 -73.798904 -60.971680 1.000000 1.000000 1.000000
v 57.373993 -71.449860 -63.751953 1.000000 1.000000 1.000000
v 56.761169 -73.800797 -57.093018 1.000000 1.000000 1.000000
v 5.035294 62.615540 78.586426 1.000000 1.000000 1.000000
v 6.375488 61.686989 78.138428 1.000000 1.000000 1.000000
v 5.135193 66.452408 78.138428 1.000000 1.000000 1.000000
v 5.035294 62.615540 78.586426 1.000000 1.000000 1.000000
v 5.135193 66.452408 78.138428 1.000000 1.000000 1.000000
v 4.302017 65.523865 78.586426 1.000000 1.000000 1.000000
v 53.174774 -74.416245 -45.958740 1.000000 1.000000 1.000000
v 54.005524 -72.255447 -49.390625 1.000000 1.000000 1.000000
v 53.970703 -72.093292 -43.008301 1.000000 1.000000 1.000000
v 53.179535 -74.412674 -49.390625 1.000000 1.000000 1.000000
v -51.838745 81.665543 51.306396 1.000000 1.000000 1.000000
v -61.361420 80.398956 51.306396 1.000000 1.000000 1.000000
v 1.210205 81.665543 51.306396 1.000000 1.000000 1.000000
v 1.210205 82.532471 -29.768311 1.000000 1.000000 1.000000
v 1.210205 79.968674 66.800049 1.000000 1.000000 1.000000
v -51.838745 82.532471 -29.768311 1.000000 1.000000 1.000000
v 1.210205 82.778130 -69.299072 1.000000 1.000000 1.000000
v -51.838745 82.778122 -69.299072 1.000000 1.000000 1.000000
v -60.923111 81.038078 -69.299316 1.000000 1.000000 1.000000
v -61.787903 81.322258 -29.768311 1.000000 1.000000 1.000000
v -68.511490 75.922241 -69.299072 1.000000 1.000000 1.000000
v -68.924622 76.031647 -29.768311 1.000000 1.000000 1.000000
v -73.616272 68.325043 -69.299316 1.000000 1.000000 1.000000
v -68.251434 75.292221 51.306396 1.000000 1.000000 1.000000
v -74.088486 68.793419 -29.768311 1.000000 1.000000 1.000000
v -75.345764 59.238056 -69.299072 1.000000 1.000000 1.000000
v -73.295792 68.352264 51.306396 1.000000 1.000000 1.000000
v -75.177628 58.814598 -29.768311 1.000000 1.000000 1.000000
v 62.568176 -72.649887 -45.958496 1.000000 1.000000 1.000000
v 62.882996 -70.542267 -49.390625 1.000000 1.000000 1.000000
v 62.725067 -70.414093 -43.011719 1.000000 1.000000 1.000000
v 62.571411 -72.651077 -49.390625 1.000000 1.000000 1.000000
v -61.799774 -71.157410 -62.492920 1.000000 1.000000 1.000000
v -62.750687 -71.937012 -60.971680 1.000000 1.000000 1.000000
v -68.734085 -67.940353 -60.971924 1.000000 1.000000 1.000000
v -68.239700 -65.668228 -63.761230 1.000000 1.000000 1.000000
v -60.883438 -70.333267 -63.770264 1.000000 1.000000 1.000000
v 64.746002 -72.092712 -49.390625 1.000000 1.000000 1.000000
v 65.806183 -71.417801 -57.093018 1.000000 1.000000 1.000000
v 70.648621 -68.165924 -49.390625 1.000000 1.000000 1.000000
v 70.643311 -68.156052 -45.958496 1.000000 1.000000 1.000000
v 64.736725 -72.085480 -45.958496 1.000000 1.000000 1.000000
v 58.892822 -73.378235 -57.093018 1.000000 1.000000 1.000000
v 58.893066 -73.377136 -60.971680 1.000000 1.000000 1.000000
v 65.809998 -71.427124 -60.971436 1.000000 1.000000 1.000000
v -68.239700 -65.668228 -63.761230 1.000000 1.000000 1.000000
v -74.779419 -61.010296 -60.971924 1.000000 1.000000 1.000000
v -73.739487 -59.269695 -63.753906 1.000000 1.000000 1.000000
v -70.524170 -66.744614 -60.971924 1.000000 1.000000 1.000000
v 33.163971 -74.414062 -49.390625 1.000000 1.000000 1.000000
v 27.875031 -72.373749 -57.093018 1.000000 1.000000 1.000000
v 34.063629 -72.372635 -49.390625 1.000000 1.000000 1.000000
v 26.956268 -74.406128 -57.093018 1.000000 1.000000 1.000000
v 47.900513 -72.388672 -57.093018 1.000000 1.000000 1.000000
v 47.068390 -74.400482 -60.971680 1.000000 1.000000 1.000000
v 47.915741 -72.191696 -63.756348 1.000000 1.000000 1.000000
v 47.062683 -74.404739 -57.093018 1.000000 1.000000 1.000000
v 65.760040 -68.931061 -57.093018 1.000000 1.000000 1.000000
v 65.809998 -71.427124 -60.971436 1.000000 1.000000 1.000000
v 65.653778 -68.836990 -63.758057 1.000000 1.000000 1.000000
v 65.806183 -71.417801 -57.093018 1.000000 1.000000 1.000000
v 49.091797 -74.400330 -60.971680 1.000000 1.000000 1.000000
v 57.373993 -71.449860 -63.751953 1.000000 1.000000 1.000000
v 56.765503 -73.798904 -60.971680 1.000000 1.000000 1.000000
v 47.915741 -72.191696 -63.756348 1.000000 1.000000 1.000000
v -60.883438 -70.333267 -63.770264 1.000000 1.000000 1.000000
v -53.409210 -74.014069 -60.971680 1.000000 1.000000 1.000000
v -60.707489 -72.568558 -60.971680 1.000000 1.000000 1.000000
v -52.091660 -72.026688 -63.775146 1.000000 1.000000 1.000000
v -69.704071 53.348190 74.036377 1.000000 1.000000 1.000000
v -68.467911 49.532215 74.543945 1.000000 1.000000 1.000000
v -68.144714 50.117874 75.436035 1.000000 1.000000 1.000000
v -68.177368 56.873512 75.406738 1.000000 1.000000 1.000000
v -70.160400 53.038330 73.024658 1.000000 1.000000 1.000000
v -70.283752 56.873512 73.515869 1.000000 1.000000 1.000000
v -70.779861 56.873512 72.468506 1.000000 1.000000 1.000000
v -70.160400 61.697487 73.024658 1.000000 1.000000 1.000000
v -69.704071 61.387627 74.036377 1.000000 1.000000 1.000000
v -68.196396 61.387627 75.389648 1.000000 1.000000 1.000000
v -66.141525 61.387627 77.207031 1.000000 1.000000 1.000000
v -68.209473 64.483734 74.236084 1.000000 1.000000 1.000000
v -68.467911 65.203606 73.402100 1.000000 1.000000 1.000000
v -66.155869 66.452408 76.073486 1.000000 1.000000 1.000000
v -66.175476 65.524353 76.632324 1.000000 1.000000 1.000000
v -60.327011 66.452408 77.612793 1.000000 1.000000 1.000000
v -60.327011 65.524277 78.057861 1.000000 1.000000 1.000000
v -60.327011 61.387634 78.583740 1.000000 1.000000 1.000000
v -55.426605 66.452408 78.138428 1.000000 1.000000 1.000000
v -55.426605 65.524246 78.583740 1.000000 1.000000 1.000000
v -43.997253 66.452408 78.138428 1.000000 1.000000 1.000000
v -43.997253 65.524170 78.584473 1.000000 1.000000 1.000000
v -46.439270 61.830696 78.586426 1.000000 1.000000 1.000000
v -39.393143 66.452408 78.138428 1.000000 1.000000 1.000000
v -43.630707 62.615540 78.586426 1.000000 1.000000 1.000000
v -39.393143 65.524139 78.584473 1.000000 1.000000 1.000000
v -39.026611 62.615540 78.586426 1.000000 1.000000 1.000000
v -19.250595 66.452408 78.138428 1.000000 1.000000 1.000000
v -36.396805 61.982857 78.586426 1.000000 1.000000 1.000000
v -19.250595 65.524010 78.585449 1.000000 1.000000 1.000000
v -34.107452 60.396770 78.586426 1.000000 1.000000 1.000000
v -20.687164 59.821270 78.586426 1.000000 1.000000 1.000000
v -32.798019 58.304207 78.586426 1.000000 1.000000 1.000000
v -18.884094 61.830696 78.586426 1.000000 1.000000 1.000000
v -20.901123 57.230106 78.586426 1.000000 1.000000 1.000000
v -29.381897 47.951832 78.586426 1.000000 1.000000 1.000000
v -17.787949 47.951832 78.586426 1.000000 1.000000 1.000000
v -30.200974 47.023285 78.138428 1.000000 1.000000 1.000000
v -16.423431 47.023285 78.138428 1.000000 1.000000 1.000000
v -16.075531 62.615540 78.586426 1.000000 1.000000 1.000000
v -16.442017 65.524002 78.585449 1.000000 1.000000 1.000000
v -16.391190 66.452408 78.138428 1.000000 1.000000 1.000000
v 4.302017 65.523865 78.586426 1.000000 1.000000 1.000000
v 5.035294 62.615540 78.586426 1.000000 1.000000 1.000000
v 5.135193 66.452408 78.138428 1.000000 1.000000 1.000000
v 63.695221 -69.436508 -71.363770 1.000000 1.000000 1.000000
v 71.556854 -64.130905 -73.723389 1.000000 1.000000 1.000000
v 71.575928 -64.117096 -71.367920 1.000000 1.000000 1.000000
v 63.343597 -68.590927 -69.299316 1.000000 1.000000 1.000000
v 70.932007 -63.475086 -69.299072 1.000000 1.000000 1.000000
v 76.036774 -55.877880 -69.299316 1.000000 1.000000 1.000000
v 54.348358 -71.252747 -71.356934 1.000000 1.000000 1.000000
v 54.259186 -70.330963 -69.299316 1.000000 1.000000 1.000000
v 16.621521 -70.371887 -69.299316 1.000000 1.000000 1.000000
v 14.341446 -71.305496 -71.355469 1.000000 1.000000 1.000000
v 63.615967 -69.428497 -73.718750 1.000000 1.000000 1.000000
v 54.348846 -71.274429 -73.712158 1.000000 1.000000 1.000000
v 11.732285 -71.304504 -73.710938 1.000000 1.000000 1.000000
v 63.261108 -68.564957 -75.772461 1.000000 1.000000 1.000000
v 54.259186 -70.355499 -75.772461 1.000000 1.000000 1.000000
v 9.450623 -70.388702 -75.772705 1.000000 1.000000 1.000000
v 70.892609 -63.465786 -75.772461 1.000000 1.000000 1.000000
v 76.855743 -56.190845 -73.719482 1.000000 1.000000 1.000000
v 75.991730 -55.834316 -75.772461 1.000000 1.000000 1.000000
v 76.882355 -56.226627 -71.364258 1.000000 1.000000 1.000000
v 78.702332 -46.922550 -73.711426 1.000000 1.000000 1.000000
v 77.782349 -46.832409 -75.772461 1.000000 1.000000 1.000000
v 78.687134 -46.878193 -71.356201 1.000000 1.000000 1.000000
v 77.766327 -46.790890 -69.299316 1.000000 1.000000 1.000000
v 78.702393 -34.793339 -73.711426 1.000000 1.000000 1.000000
v 77.782349 -34.723759 -75.772461 1.000000 1.000000 1.000000
v 78.687073 -34.758221 -71.356201 1.000000 1.000000 1.000000
v 77.766327 -34.690853 -69.299316 1.000000 1.000000 1.000000
v 77.766327 47.129017 -69.299072 1.000000 1.000000 1.000000
v 78.702454 47.228851 -73.711670 1.000000 1.000000 1.000000
v 77.782349 47.159325 -75.772461 1.000000 1.000000 1.000000
v 78.687073 47.196404 -71.355957 1.000000 1.000000 1.000000
v 77.766327 59.238056 -69.299072 1.000000 1.000000 1.000000
v 77.782349 59.278450 -75.772461 1.000000 1.000000 1.000000
v 78.687073 59.325371 -71.355957 1.000000 1.000000 1.000000
v 76.037872 68.320770 -69.299316 1.000000 1.000000 1.000000
v 78.702454 59.368576 -73.711670 1.000000 1.000000 1.000000
v 75.991730 68.280357 -75.772461 1.000000 1.000000 1.000000
v 76.855652 68.636948 -73.719482 1.000000 1.000000 1.000000
v 76.883606 68.669464 -71.364258 1.000000 1.000000 1.000000
v 71.574768 76.562828 -71.367676 1.000000 1.000000 1.000000
v -68.384888 33.671093 75.336670 1.000000 1.000000 1.000000
v -66.321625 29.813547 77.199463 1.000000 1.000000 1.000000
v -66.321625 35.137203 77.199463 1.000000 1.000000 1.000000
v -68.467911 34.515129 74.543945 1.000000 1.000000 1.000000
v -70.160400 30.043638 73.024658 1.000000 1.000000 1.000000
v -66.155869 36.107773 76.619141 1.000000 1.000000 1.000000
v -60.276184 36.195427 78.138428 1.000000 1.000000 1.000000
v -69.895370 29.554855 73.973145 1.000000 1.000000 1.000000
v -70.779861 23.891424 72.468506 1.000000 1.000000 1.000000
v -68.384888 29.664190 75.336670 1.000000 1.000000 1.000000
v -60.369507 30.202183 78.692871 1.000000 1.000000 1.000000
v -70.448212 23.891424 73.474121 1.000000 1.000000 1.000000
v -60.369507 35.137199 78.692871 1.000000 1.000000 1.000000
v -39.686646 35.137199 78.678223 1.000000 1.000000 1.000000
v -35.615692 36.107773 78.138428 1.000000 1.000000 1.000000
v -45.830109 31.111656 78.678223 1.000000 1.000000 1.000000
v -49.059875 26.379345 78.678223 1.000000 1.000000 1.000000
v -49.059875 21.403498 78.678223 1.000000 1.000000 1.000000
v -60.369507 17.580820 78.692871 1.000000 1.000000 1.000000
v -45.830109 16.671188 78.678223 1.000000 1.000000 1.000000
v -66.321625 17.969440 77.199463 1.000000 1.000000 1.000000
v -60.369507 12.645641 78.692871 1.000000 1.000000 1.000000
v -39.686600 12.645641 78.678223 1.000000 1.000000 1.000000
v -60.276184 11.675072 78.138428 1.000000 1.000000 1.000000
v -35.615646 11.675072 78.138428 1.000000 1.000000 1.000000
v -66.321625 12.645641 77.199463 1.000000 1.000000 1.000000
v -66.155869 11.675072 76.619141 1.000000 1.000000 1.000000
v -68.467865 13.267715 74.543945 1.000000 1.000000 1.000000
v -68.384888 14.111752 75.336670 1.000000 1.000000 1.000000
v -70.160400 17.739212 73.024658 1.000000 1.000000 1.000000
v -68.384888 18.118713 75.336670 1.000000 1.000000 1.000000
v -69.895370 18.227993 73.973145 1.000000 1.000000 1.000000
v -66.321625 -0.262714 77.199463 1.000000 1.000000 1.000000
v -60.369507 -5.197895 78.692871 1.000000 1.000000 1.000000
v -60.369507 -0.262714 78.692871 1.000000 1.000000 1.000000
v -45.830109 -4.288258 78.678223 1.000000 1.000000 1.000000
v -39.686646 -0.262714 78.678223 1.000000 1.000000 1.000000
v -49.059875 -9.020576 78.678223 1.000000 1.000000 1.000000
v -60.276184 0.707855 78.138428 1.000000 1.000000 1.000000
v -35.615692 0.707855 78.138428 1.000000 1.000000 1.000000
v -49.059875 -13.996418 78.678223 1.000000 1.000000 1.000000
v -66.155869 0.707855 76.619141 1.000000 1.000000 1.000000
v -68.467911 -0.884789 74.543945 1.000000 1.000000 1.000000
v -60.369507 -17.819004 78.692871 1.000000 1.000000 1.000000
v -45.830109 -18.728725 78.678223 1.000000 1.000000 1.000000
v -66.321625 -5.586514 77.199463 1.000000 1.000000 1.000000
v -68.384888 -1.728821 75.336670 1.000000 1.000000 1.000000
v -70.160400 -5.356277 73.024658 1.000000 1.000000 1.000000
v -69.895370 -5.845066 73.973145 1.000000 1.000000 1.000000
v -70.779861 -11.508495 72.468506 1.000000 1.000000 1.000000
v -68.384888 -5.735786 75.336670 1.000000 1.000000 1.000000
v -66.321625 -17.430393 77.199463 1.000000 1.000000 1.000000
v -70.448212 -11.508495 73.474121 1.000000 1.000000 1.000000
v -69.895370 -17.171925 73.973145 1.000000 1.000000 1.000000
v -70.160400 -17.660709 73.024658 1.000000 1.000000 1.000000
v -68.384888 -17.281170 75.336670 1.000000 1.000000 1.000000
v -68.384888 -21.288166 75.336670 1.000000 1.000000 1.000000
v -68.467865 -22.132198 74.543945 1.000000 1.000000 1.000000
v -66.321625 -22.754269 77.199463 1.000000 1.000000 1.000000
v -66.155869 -23.724842 76.619141 1.000000 1.000000 1.000000
v -60.276184 -23.724842 78.138428 1.000000 1.000000 1.000000
v -60.369507 -22.754269 78.692871 1.000000 1.000000 1.000000
v -39.686600 -22.754269 78.678223 1.000000 1.000000 1.000000
v -35.615646 -23.724842 78.138428 1.000000 1.000000 1.000000
v -73.739487 -59.269695 -63.753906 1.000000 1.000000 1.000000
v -78.270157 -52.400936 -60.972168 1.000000 1.000000 1.000000
v -76.667984 -50.842442 -63.750244 1.000000 1.000000 1.000000
v -75.925598 -59.294994 -60.971924 1.000000 1.000000 1.000000
v 43.213745 -74.413834 -45.958740 1.000000 1.000000 1.000000
v 44.076324 -72.380295 -49.390625 1.000000 1.000000 1.000000
v 44.071960 -72.138062 -43.020752 1.000000 1.000000 1.000000
v 43.217377 -74.413361 -49.390625 1.000000 1.000000 1.000000
v 76.813873 -61.324963 -49.390625 1.000000 1.000000 1.000000
v 72.663116 -63.798168 -57.093018 1.000000 1.000000 1.000000
v 75.609283 -59.304005 -49.390625 1.000000 1.000000 1.000000
v 73.519226 -66.267227 -57.093018 1.000000 1.000000 1.000000
v -52.091660 -72.026688 -63.775146 1.000000 1.000000 1.000000
v -43.402435 -74.406830 -60.971680 1.000000 1.000000 1.000000
v -51.297775 -74.407394 -60.971680 1.000000 1.000000 1.000000
v -42.219696 -72.194824 -63.762695 1.000000 1.000000 1.000000
v -42.219696 -72.194824 -63.762695 1.000000 1.000000 1.000000
v -33.351242 -74.406128 -60.971680 1.000000 1.000000 1.000000
v -41.351990 -74.406693 -60.971680 1.000000 1.000000 1.000000
v -32.204636 -72.194473 -63.761963 1.000000 1.000000 1.000000
v -32.204636 -72.194473 -63.761963 1.000000 1.000000 1.000000
v -23.299744 -74.405426 -60.971680 1.000000 1.000000 1.000000
v -31.300934 -74.405991 -60.971680 1.000000 1.000000 1.000000
v -22.189575 -72.194122 -63.761230 1.000000 1.000000 1.000000
v -22.189575 -72.194122 -63.761230 1.000000 1.000000 1.000000
v -13.247925 -74.404724 -60.971680 1.000000 1.000000 1.000000
v -21.250168 -74.405273 -60.971680 1.000000 1.000000 1.000000
v -12.174515 -72.193771 -63.760742 1.000000 1.000000 1.000000
v -12.174515 -72.193771 -63.760742 1.000000 1.000000 1.000000
v -3.195770 -74.404007 -60.971680 1.000000 1.000000 1.000000
v -11.199860 -74.404572 -60.971680 1.000000 1.000000 1.000000
v -2.159515 -72.193420 -63.759766 1.000000 1.000000 1.000000
v 7.855591 -72.193085 -63.759033 1.000000 1.000000 1.000000
v -1.150040 -74.403870 -60.971680 1.000000 1.000000 1.000000
v -2.159515 -72.193420 -63.759766 1.000000 1.000000 1.000000
v 6.856628 -74.403305 -60.971680 1.000000 1.000000 1.000000
v 17.870605 -72.192719 -63.758301 1.000000 1.000000 1.000000
v 8.899399 -74.403152 -60.971680 1.000000 1.000000 1.000000
v 7.855591 -72.193085 -63.759033 1.000000 1.000000 1.000000
v 16.909210 -74.402603 -60.971680 1.000000 1.000000 1.000000
v 27.885681 -72.192383 -63.757812 1.000000 1.000000 1.000000
v 18.948303 -74.402451 -60.971680 1.000000 1.000000 1.000000
v 17.870605 -72.192719 -63.758301 1.000000 1.000000 1.000000
v 26.962067 -74.401886 -60.971680 1.000000 1.000000 1.000000
v 37.900726 -72.192032 -63.757080 1.000000 1.000000 1.000000
v 28.996704 -74.401749 -60.971680 1.000000 1.000000 1.000000
v 27.885681 -72.192383 -63.757812 1.000000 1.000000 1.000000
v 37.015137 -74.401184 -60.971680 1.000000 1.000000 1.000000
v 47.915741 -72.191696 -63.756348 1.000000 1.000000 1.000000
v 39.044556 -74.401031 -60.971680 1.000000 1.000000 1.000000
v 37.900726 -72.192032 -63.757080 1.000000 1.000000 1.000000
v 47.068390 -74.400482 -60.971680 1.000000 1.000000 1.000000
v 23.111725 -74.412720 -49.390625 1.000000 1.000000 1.000000
v 17.862366 -72.368454 -57.093018 1.000000 1.000000 1.000000
v 24.050995 -72.366425 -49.390625 1.000000 1.000000 1.000000
v 16.903381 -74.406815 -57.093018 1.000000 1.000000 1.000000
v -55.426605 61.387634 78.584229 1.000000 1.000000 1.000000
v -55.426605 56.873512 78.584473 1.000000 1.000000 1.000000
v -48.456299 57.230106 78.586426 1.000000 1.000000 1.000000
v -48.242386 59.821266 78.586426 1.000000 1.000000 1.000000
v -55.426605 47.952038 78.585205 1.000000 1.000000 1.000000
v -45.343124 47.951832 78.586426 1.000000 1.000000 1.000000
v -55.426605 47.023285 78.138428 1.000000 1.000000 1.000000
v -43.978607 47.023285 78.138428 1.000000 1.000000 1.000000
v -60.276184 47.023281 78.138428 1.000000 1.000000 1.000000
v -60.327011 47.952240 78.583740 1.000000 1.000000 1.000000
v -60.327011 56.873512 78.583740 1.000000 1.000000 1.000000
v -66.023071 47.952385 77.307129 1.000000 1.000000 1.000000
v -66.155869 47.023285 76.619141 1.000000 1.000000 1.000000
v -66.104416 56.873512 77.238281 1.000000 1.000000 1.000000
v 70.643311 -68.156052 -45.958496 1.000000 1.000000 1.000000
v 70.226471 -65.947754 -49.390625 1.000000 1.000000 1.000000
v 70.109924 -65.829666 -43.018066 1.000000 1.000000 1.000000
v 70.648621 -68.165924 -49.390625 1.000000 1.000000 1.000000
v 37.887756 -72.380493 -57.093018 1.000000 1.000000 1.000000
v 37.015137 -74.401184 -60.971680 1.000000 1.000000 1.000000
v 37.900726 -72.192032 -63.757080 1.000000 1.000000 1.000000
v 37.009430 -74.405441 -57.093018 1.000000 1.000000 1.000000
v -72.785095 6.457088 48.188477 1.000000 1.000000 1.000000
v -74.501526 8.145046 48.382568 1.000000 1.000000 1.000000
v -74.501526 6.457085 47.930420 1.000000 1.000000 1.000000
v -74.501526 4.769138 48.382568 1.000000 1.000000 1.000000
v -74.997147 6.457085 47.306885 1.000000 1.000000 1.000000
v -74.997147 8.456799 47.842773 1.000000 1.000000 1.000000
v -74.997101 4.457386 47.842773 1.000000 1.000000 1.000000
v -74.501526 9.380718 49.618408 1.000000 1.000000 1.000000
v -74.997101 9.920715 49.306641 1.000000 1.000000 1.000000
v -74.996674 10.433186 51.247559 1.000000 1.000000 1.000000
v -74.501526 9.832996 51.306396 1.000000 1.000000 1.000000
v -74.997101 10.532417 48.841797 1.000000 1.000000 1.000000
v -74.997101 6.457081 46.518799 1.000000 1.000000 1.000000
v -74.997101 8.850864 47.160156 1.000000 1.000000 1.000000
v -74.560272 9.162617 46.620361 1.000000 1.000000 1.000000
v -74.560272 11.072525 48.530029 1.000000 1.000000 1.000000
v -74.560272 6.457085 45.895264 1.000000 1.000000 1.000000
v -74.560272 11.814331 51.306396 1.000000 1.000000 1.000000
v -74.560272 3.751572 46.620361 1.000000 1.000000 1.000000
v -74.996094 11.208847 51.416748 1.000000 1.000000 1.000000
v -72.909180 11.811012 66.798584 1.000000 1.000000 1.000000
v -74.997101 4.063324 47.160156 1.000000 1.000000 1.000000
v -74.560272 1.848610 48.523193 1.000000 1.000000 1.000000
v -74.997101 2.387608 48.835938 1.000000 1.000000 1.000000
v -74.560272 1.090420 51.306396 1.000000 1.000000 1.000000
v -73.391632 11.206108 66.911865 1.000000 1.000000 1.000000
v -70.779861 11.808674 72.468506 1.000000 1.000000 1.000000
v -73.391541 10.432617 66.911865 1.000000 1.000000 1.000000
v -71.189178 11.206413 72.747803 1.000000 1.000000 1.000000
v -72.909180 9.832996 66.798584 1.000000 1.000000 1.000000
v -66.390335 11.204872 77.055908 1.000000 1.000000 1.000000
v -66.155869 11.807121 76.619141 1.000000 1.000000 1.000000
v -71.189026 10.435261 72.748047 1.000000 1.000000 1.000000
v -70.779861 9.832993 72.468506 1.000000 1.000000 1.000000
v -60.338837 11.203983 78.630127 1.000000 1.000000 1.000000
v -60.276184 11.806240 78.138428 1.000000 1.000000 1.000000
v -66.390137 10.435268 77.055908 1.000000 1.000000 1.000000
v -69.372040 9.605335 71.508789 1.000000 1.000000 1.000000
v -71.247116 9.603390 66.407959 1.000000 1.000000 1.000000
v -66.155869 9.832993 76.619141 1.000000 1.000000 1.000000
v -60.338791 10.435265 78.630127 1.000000 1.000000 1.000000
v -14.217484 11.203693 78.634277 1.000000 1.000000 1.000000
v -14.136703 11.805954 78.138428 1.000000 1.000000 1.000000
v -14.293396 10.435253 78.634277 1.000000 1.000000 1.000000
v -11.977875 10.591846 78.634277 1.000000 1.000000 1.000000
v -11.664978 11.130707 78.138428 1.000000 1.000000 1.000000
v -12.373367 9.910717 78.634277 1.000000 1.000000 1.000000
v -14.374176 9.832993 78.138428 1.000000 1.000000 1.000000
v -12.686218 9.371861 78.138428 1.000000 1.000000 1.000000
v -10.228073 8.842014 78.634277 1.000000 1.000000 1.000000
v -9.688095 9.153770 78.138428 1.000000 1.000000 1.000000
v -10.910614 8.447948 78.634277 1.000000 1.000000 1.000000
v -11.450592 8.136196 78.138428 1.000000 1.000000 1.000000
v -9.586624 6.448231 78.634277 1.000000 1.000000 1.000000
v -8.963120 6.448231 78.138428 1.000000 1.000000 1.000000
v -9.688095 3.742718 78.138428 1.000000 1.000000 1.000000
v -10.374741 6.448235 78.634277 1.000000 1.000000 1.000000
v -10.228073 4.054466 78.634277 1.000000 1.000000 1.000000
v -11.982925 2.299564 78.634277 1.000000 1.000000 1.000000
v -11.672318 1.758472 78.138428 1.000000 1.000000 1.000000
v -14.148346 1.107994 78.138428 1.000000 1.000000 1.000000
v -10.998260 6.448235 78.138428 1.000000 1.000000 1.000000
v -10.910614 4.448532 78.634277 1.000000 1.000000 1.000000
v -12.375549 2.983513 78.634277 1.000000 1.000000 1.000000
v -14.226257 1.710236 78.634277 1.000000 1.000000 1.000000
v -60.276184 1.098793 78.138428 1.000000 1.000000 1.000000
v -60.338882 1.701054 78.630127 1.000000 1.000000 1.000000
v -66.155869 1.097881 76.619141 1.000000 1.000000 1.000000
v -14.296356 2.478924 78.634277 1.000000 1.000000 1.000000
v -12.686218 3.524605 78.138428 1.000000 1.000000 1.000000
v -11.450592 4.760284 78.138428 1.000000 1.000000 1.000000
v -14.374176 3.081173 78.138428 1.000000 1.000000 1.000000
v -12.815201 3.756767 76.422119 1.000000 1.000000 1.000000
v -11.673935 4.898067 76.422119 1.000000 1.000000 1.000000
v -11.256226 6.457081 76.422119 1.000000 1.000000 1.000000
v -12.684494 5.481380 75.608154 1.000000 1.000000 1.000000
v -12.423050 6.457081 75.608154 1.000000 1.000000 1.000000
v -11.673935 8.016102 76.422119 1.000000 1.000000 1.000000
v -12.684494 7.432785 75.608154 1.000000 1.000000 1.000000
v -12.815201 9.157398 76.422119 1.000000 1.000000 1.000000
v -13.398758 8.147045 75.607910 1.000000 1.000000 1.000000
v -13.398758 4.767120 75.607910 1.000000 1.000000 1.000000
v -14.405167 3.315773 76.428711 1.000000 1.000000 1.000000
v -14.555603 4.457150 75.607910 1.000000 1.000000 1.000000
v -60.062851 3.310745 76.444580 1.000000 1.000000 1.000000
v -14.405167 9.598392 76.428711 1.000000 1.000000 1.000000
v -14.555603 8.457024 75.607910 1.000000 1.000000 1.000000
v -60.062851 9.603420 76.444580 1.000000 1.000000 1.000000
v -59.960953 4.457142 75.627686 1.000000 1.000000 1.000000
v -59.960953 8.457020 75.627686 1.000000 1.000000 1.000000
v -64.963303 8.457012 74.387207 1.000000 1.000000 1.000000
v -64.963303 4.457130 74.387207 1.000000 1.000000 1.000000
v -60.276184 9.832993 78.138428 1.000000 1.000000 1.000000
v -65.352264 9.605312 75.116943 1.000000 1.000000 1.000000
v -68.688110 8.457020 71.044189 1.000000 1.000000 1.000000
v -70.445404 8.457016 66.220703 1.000000 1.000000 1.000000
v -68.688110 4.457130 71.044189 1.000000 1.000000 1.000000
v -65.352264 3.308834 75.116699 1.000000 1.000000 1.000000
v -69.372040 3.308815 71.508789 1.000000 1.000000 1.000000
v -71.247116 3.310757 66.407959 1.000000 1.000000 1.000000
v -72.909180 3.072327 66.798584 1.000000 1.000000 1.000000
v -60.276184 3.072315 78.138428 1.000000 1.000000 1.000000
v -66.155869 3.072315 76.619141 1.000000 1.000000 1.000000
v -70.779861 3.072323 72.468506 1.000000 1.000000 1.000000
v -60.338699 2.470047 78.630127 1.000000 1.000000 1.000000
v -66.390137 2.470043 77.055908 1.000000 1.000000 1.000000
v -66.390335 1.700134 77.055908 1.000000 1.000000 1.000000
v -70.779861 1.096279 72.468506 1.000000 1.000000 1.000000
v -71.189026 2.470051 72.748047 1.000000 1.000000 1.000000
v -71.189178 1.698536 72.747803 1.000000 1.000000 1.000000
v -73.391541 2.472748 66.911865 1.000000 1.000000 1.000000
v -73.391632 1.698807 66.911865 1.000000 1.000000 1.000000
v -72.909180 1.093857 66.798584 1.000000 1.000000 1.000000
v -74.501526 3.072327 51.306396 1.000000 1.000000 1.000000
v -74.996094 1.695972 51.418213 1.000000 1.000000 1.000000
v -74.996674 2.472160 51.245850 1.000000 1.000000 1.000000
v -74.501526 3.533466 49.618408 1.000000 1.000000 1.000000
v -74.997101 2.994576 49.305420 1.000000 1.000000 1.000000
v -79.344421 -42.678501 -60.972168 1.000000 1.000000 1.000000
v -76.667984 -50.842442 -63.750244 1.000000 1.000000 1.000000
v -78.657440 -50.446880 -60.972168 1.000000 1.000000 1.000000
v -77.230087 -41.578037 -63.749023 1.000000 1.000000 1.000000
v 18.459869 -70.328903 -51.363281 1.000000 1.000000 1.000000
v 54.259186 -70.330963 -69.299316 1.000000 1.000000 1.000000
v 54.259186 -70.073547 -29.768555 1.000000 1.000000 1.000000
v 16.621521 -70.371887 -69.299316 1.000000 1.000000 1.000000
v 18.908386 -70.337860 -41.190918 1.000000 1.000000 1.000000
v 17.206573 -70.308151 -31.138428 1.000000 1.000000 1.000000
v 63.343597 -68.590927 -69.299316 1.000000 1.000000 1.000000
v 12.505707 -70.342117 -22.155273 1.000000 1.000000 1.000000
v 64.208405 -68.863342 -29.768555 1.000000 1.000000 1.000000
v 70.932007 -63.475086 -69.299072 1.000000 1.000000 1.000000
v 54.259186 -69.206665 51.306396 1.000000 1.000000 1.000000
v 1.210251 -69.206680 51.306396 1.000000 1.000000 1.000000
v 1.001724 -70.342850 -17.037354 1.000000 1.000000 1.000000
v 1.210251 -67.509811 66.800049 1.000000 1.000000 1.000000
v 71.345123 -63.572727 -29.768555 1.000000 1.000000 1.000000
v 76.036774 -55.877880 -69.299316 1.000000 1.000000 1.000000
v 63.781921 -67.940079 51.306396 1.000000 1.000000 1.000000
v 76.509003 -56.334507 -29.768555 1.000000 1.000000 1.000000
v 77.766327 -46.790890 -69.299316 1.000000 1.000000 1.000000
v 70.671936 -62.833347 51.306396 1.000000 1.000000 1.000000
v 62.859528 -66.069168 66.801270 1.000000 1.000000 1.000000
v 54.259186 -67.509811 66.800049 1.000000 1.000000 1.000000
v 77.598083 -46.355679 -29.768555 1.000000 1.000000 1.000000
v 77.766327 -34.690853 -69.299316 1.000000 1.000000 1.000000
v 75.716309 -55.893398 51.306396 1.000000 1.000000 1.000000
v 69.180756 -61.305920 66.801270 1.000000 1.000000 1.000000
v 61.904907 -63.953121 72.469971 1.000000 1.000000 1.000000
v 54.259186 -65.341507 72.469238 1.000000 1.000000 1.000000
v 1.210251 -65.341522 72.469238 1.000000 1.000000 1.000000
v 54.259186 -60.688976 76.619385 1.000000 1.000000 1.000000
v 1.210251 -60.688984 76.619385 1.000000 1.000000 1.000000
v 59.989166 -59.578274 76.619629 1.000000 1.000000 1.000000
v 54.259186 -54.798840 78.138428 1.000000 1.000000 1.000000
v 1.210251 -54.798840 78.138428 1.000000 1.000000 1.000000
v 57.625580 -54.118710 78.138428 1.000000 1.000000 1.000000
v 67.556763 -59.668598 72.469727 1.000000 1.000000 1.000000
v 64.240479 -56.342731 76.619629 1.000000 1.000000 1.000000
v 60.121826 -52.220516 78.138428 1.000000 1.000000 1.000000
v 62.696686 -34.345943 78.138428 1.000000 1.000000 1.000000
v 62.696747 -46.355709 78.138428 1.000000 1.000000 1.000000
v 1.210205 30.330645 78.138428 1.000000 1.000000 1.000000
v 62.018005 -49.722584 78.138428 1.000000 1.000000 1.000000
v 68.576416 -34.345943 76.619141 1.000000 1.000000 1.000000
v 67.470734 -52.087040 76.619385 1.000000 1.000000 1.000000
v 68.576416 -46.355709 76.619141 1.000000 1.000000 1.000000
v 73.200348 -46.355709 72.468506 1.000000 1.000000 1.000000
v 71.826843 -54.005283 72.469482 1.000000 1.000000 1.000000
v 62.696686 46.811317 78.138428 1.000000 1.000000 1.000000
v 17.690887 46.811317 78.138428 1.000000 1.000000 1.000000
v 11.383957 45.556801 78.138428 1.000000 1.000000 1.000000
v 6.037231 41.984241 78.138428 1.000000 1.000000 1.000000
v 2.464661 36.637524 78.138428 1.000000 1.000000 1.000000
v 68.576416 46.811317 76.619141 1.000000 1.000000 1.000000
v 73.200348 -34.345943 72.468506 1.000000 1.000000 1.000000
v 73.200348 46.811317 72.468506 1.000000 1.000000 1.000000
v 75.329620 46.811314 66.798584 1.000000 1.000000 1.000000
v 75.329681 -34.345951 66.798584 1.000000 1.000000 1.000000
v 76.922028 46.811317 51.306396 1.000000 1.000000 1.000000
v 75.329681 -46.355701 66.798584 1.000000 1.000000 1.000000
v 76.922028 -34.345943 51.306396 1.000000 1.000000 1.000000
v 77.598083 46.811340 -29.768311 1.000000 1.000000 1.000000
v 77.598083 -34.345921 -29.768555 1.000000 1.000000 1.000000
v 77.766327 47.129017 -69.299072 1.000000 1.000000 1.000000
v 76.922028 -46.355701 51.306396 1.000000 1.000000 1.000000
v 73.916962 -54.963131 66.800293 1.000000 1.000000 1.000000
v -77.227844 -31.529041 -63.749268 1.000000 1.000000 1.000000
v -79.461777 -22.553448 -60.972168 1.000000 1.000000 1.000000
v -77.225601 -21.480083 -63.749268 1.000000 1.000000 1.000000
v -79.463104 -30.749409 -60.972168 1.000000 1.000000 1.000000
v -77.230087 -41.578037 -63.749023 1.000000 1.000000 1.000000
v -79.463394 -32.620945 -60.972168 1.000000 1.000000 1.000000
v -77.227844 -31.529041 -63.749268 1.000000 1.000000 1.000000
v -79.464691 -40.817173 -60.972168 1.000000 1.000000 1.000000
v -72.785095 -28.866932 48.188477 1.000000 1.000000 1.000000
v -74.501526 -28.866932 47.930420 1.000000 1.000000 1.000000
v -74.501526 -30.554882 48.382568 1.000000 1.000000 1.000000
v -74.501526 -27.178982 48.382568 1.000000 1.000000 1.000000
v -74.997147 -28.866932 47.306885 1.000000 1.000000 1.000000
v -72.785095 -31.567249 49.747314 1.000000 1.000000 1.000000
v -74.501526 -31.790562 49.618408 1.000000 1.000000 1.000000
v -74.501526 -32.251690 51.306396 1.000000 1.000000 1.000000
v -72.797546 -32.013126 51.404541 1.000000 1.000000 1.000000
v -74.997101 -32.329449 49.305664 1.000000 1.000000 1.000000
v -74.997101 -30.866634 47.842773 1.000000 1.000000 1.000000
v -72.909180 -32.251698 66.798584 1.000000 1.000000 1.000000
v -71.247116 -32.013264 66.407959 1.000000 1.000000 1.000000
v -74.996674 -32.851856 51.245850 1.000000 1.000000 1.000000
v -73.391541 -32.851269 66.911865 1.000000 1.000000 1.000000
v -69.372040 -32.015209 71.508789 1.000000 1.000000 1.000000
v -74.997101 -32.936413 48.835938 1.000000 1.000000 1.000000
v -68.688110 -30.866894 71.044189 1.000000 1.000000 1.000000
v -70.779861 -32.251713 72.468506 1.000000 1.000000 1.000000
v -65.352264 -32.015186 75.116699 1.000000 1.000000 1.000000
v -66.155869 -32.251713 76.619141 1.000000 1.000000 1.000000
v -64.963303 -30.866894 74.387207 1.000000 1.000000 1.000000
v -64.963303 -26.867008 74.387207 1.000000 1.000000 1.000000
v -68.688110 -26.867001 71.044189 1.000000 1.000000 1.000000
v -60.062851 -32.013279 76.444580 1.000000 1.000000 1.000000
v -60.276184 -32.251698 78.138428 1.000000 1.000000 1.000000
v -66.390137 -32.853977 77.055908 1.000000 1.000000 1.000000
v -60.338699 -32.853970 78.630127 1.000000 1.000000 1.000000
v -14.374176 -32.242855 78.138428 1.000000 1.000000 1.000000
v -60.338882 -33.622967 78.630127 1.000000 1.000000 1.000000
v -59.960953 -30.866879 75.627686 1.000000 1.000000 1.000000
v -71.189026 -32.853977 72.748047 1.000000 1.000000 1.000000
v -66.390289 -33.623890 77.055908 1.000000 1.000000 1.000000
v -71.189178 -33.625492 72.747803 1.000000 1.000000 1.000000
v -59.960953 -26.867001 75.627686 1.000000 1.000000 1.000000
v -70.779861 -34.227749 72.468506 1.000000 1.000000 1.000000
v -66.155869 -34.226139 76.619141 1.000000 1.000000 1.000000
v -73.391632 -33.625217 66.911865 1.000000 1.000000 1.000000
v -72.909180 -34.230167 66.798584 1.000000 1.000000 1.000000
v -60.276184 -34.225224 78.138428 1.000000 1.000000 1.000000
v -74.996094 -33.628048 51.418213 1.000000 1.000000 1.000000
v -74.560272 -34.233608 51.306396 1.000000 1.000000 1.000000
v -74.560272 -33.475407 48.523193 1.000000 1.000000 1.000000
v -74.997101 -31.260700 47.160156 1.000000 1.000000 1.000000
v -74.560272 -31.572445 46.620361 1.000000 1.000000 1.000000
v -74.997101 -28.866940 46.518799 1.000000 1.000000 1.000000
v -74.560272 -28.866940 45.895264 1.000000 1.000000 1.000000
v -74.560272 -26.161404 46.620361 1.000000 1.000000 1.000000
v -74.997101 -26.473156 47.160156 1.000000 1.000000 1.000000
v -74.997147 -26.867222 47.842773 1.000000 1.000000 1.000000
v -74.997101 -24.791607 48.841797 1.000000 1.000000 1.000000
v -74.560272 -24.251499 48.530029 1.000000 1.000000 1.000000
v -74.997101 -25.403309 49.306641 1.000000 1.000000 1.000000
v -74.501526 -25.943310 49.618408 1.000000 1.000000 1.000000
v -74.560272 -23.509693 51.306396 1.000000 1.000000 1.000000
v -74.996674 -24.890842 51.247559 1.000000 1.000000 1.000000
v -74.501526 -25.491032 51.306396 1.000000 1.000000 1.000000
v -74.996094 -24.115177 51.416748 1.000000 1.000000 1.000000
v -72.909180 -23.513012 66.798584 1.000000 1.000000 1.000000
v -73.391541 -24.891407 66.911865 1.000000 1.000000 1.000000
v -73.391632 -24.117916 66.911865 1.000000 1.000000 1.000000
v -70.779861 -23.515347 72.468506 1.000000 1.000000 1.000000
v -71.189178 -24.117611 72.747803 1.000000 1.000000 1.000000
v -71.189026 -24.888760 72.748047 1.000000 1.000000 1.000000
v -70.779861 -25.491032 72.468506 1.000000 1.000000 1.000000
v -66.390335 -24.119152 77.055908 1.000000 1.000000 1.000000
v -66.155869 -23.516903 76.619141 1.000000 1.000000 1.000000
v -60.338837 -24.120037 78.630127 1.000000 1.000000 1.000000
v -66.390137 -24.888752 77.055908 1.000000 1.000000 1.000000
v -60.276184 -23.517780 78.138428 1.000000 1.000000 1.000000
v -66.155869 -25.491032 76.619141 1.000000 1.000000 1.000000
v -69.372040 -25.718685 71.508789 1.000000 1.000000 1.000000
v -60.338791 -24.888760 78.630127 1.000000 1.000000 1.000000
v -14.217484 -24.120327 78.634033 1.000000 1.000000 1.000000
v -14.136703 -23.518070 78.138428 1.000000 1.000000 1.000000
v -14.293396 -24.888767 78.634033 1.000000 1.000000 1.000000
v -65.352264 -25.718708 75.116699 1.000000 1.000000 1.000000
v -60.276184 -25.491032 78.138428 1.000000 1.000000 1.000000
v -60.062851 -25.720600 76.444580 1.000000 1.000000 1.000000
v -14.374176 -25.491032 78.138428 1.000000 1.000000 1.000000
v -14.555603 -26.867001 75.607910 1.000000 1.000000 1.000000
v -14.405167 -25.725628 76.428711 1.000000 1.000000 1.000000
v -12.686218 -25.952160 78.138428 1.000000 1.000000 1.000000
v -14.555603 -30.866871 75.607910 1.000000 1.000000 1.000000
v -13.398758 -27.176975 75.607910 1.000000 1.000000 1.000000
v -12.815201 -26.166622 76.422119 1.000000 1.000000 1.000000
v -12.684494 -27.891239 75.608154 1.000000 1.000000 1.000000
v -14.405167 -32.008251 76.428711 1.000000 1.000000 1.000000
v -13.398758 -30.556904 75.607910 1.000000 1.000000 1.000000
v -12.423050 -28.866940 75.608154 1.000000 1.000000 1.000000
v -11.673935 -27.307926 76.422119 1.000000 1.000000 1.000000
v -12.815201 -31.567249 76.422119 1.000000 1.000000 1.000000
v -12.684494 -29.842640 75.608154 1.000000 1.000000 1.000000
v -11.673935 -30.425953 76.422119 1.000000 1.000000 1.000000
v -11.256226 -28.866940 76.422119 1.000000 1.000000 1.000000
v -11.450592 -27.187824 78.138428 1.000000 1.000000 1.000000
v -10.998260 -28.875790 78.138428 1.000000 1.000000 1.000000
v -11.450592 -30.563740 78.138428 1.000000 1.000000 1.000000
v -12.686218 -31.799419 78.138428 1.000000 1.000000 1.000000
v -10.910614 -30.875484 78.634033 1.000000 1.000000 1.000000
v -14.296356 -32.845104 78.634033 1.000000 1.000000 1.000000
v -12.375549 -32.340511 78.634033 1.000000 1.000000 1.000000
v -14.226257 -33.613789 78.634033 1.000000 1.000000 1.000000
v -14.148346 -34.216030 78.138428 1.000000 1.000000 1.000000
v -11.982925 -33.024464 78.634033 1.000000 1.000000 1.000000
v -11.672318 -33.565556 78.138428 1.000000 1.000000 1.000000
v -9.688095 -31.581303 78.138428 1.000000 1.000000 1.000000
v -10.228073 -31.269550 78.634033 1.000000 1.000000 1.000000
v -9.586624 -28.875790 78.634033 1.000000 1.000000 1.000000
v -8.963120 -28.875790 78.138428 1.000000 1.000000 1.000000
v -9.688095 -26.170246 78.138428 1.000000 1.000000 1.000000
v -10.374741 -28.875790 78.634033 1.000000 1.000000 1.000000
v -10.228073 -26.482006 78.634033 1.000000 1.000000 1.000000
v -11.664978 -24.193317 78.138428 1.000000 1.000000 1.000000
v -10.910614 -26.876080 78.634033 1.000000 1.000000 1.000000
v -11.977875 -24.732174 78.634033 1.000000 1.000000 1.000000
v -12.373367 -25.413303 78.634033 1.000000 1.000000 1.000000
v -79.539734 35.858383 -60.050537 1.000000 1.000000 1.000000
v -77.218826 1.730545 -63.750000 1.000000 1.000000 1.000000
v -79.552856 0.686527 -59.695801 1.000000 1.000000 1.000000
v -77.203476 38.643238 -63.751221 1.000000 1.000000 1.000000
v -77.225601 -21.480083 -63.749268 1.000000 1.000000 1.000000
v -79.461487 -20.681744 -60.972168 1.000000 1.000000 1.000000
v 33.161713 -74.411423 -45.958740 1.000000 1.000000 1.000000
v 34.063629 -72.372635 -49.390625 1.000000 1.000000 1.000000
v 34.056183 -72.140549 -43.021240 1.000000 1.000000 1.000000
v 33.163971 -74.414062 -49.390625 1.000000 1.000000 1.000000
v 13.060226 -74.410309 -49.390625 1.000000 1.000000 1.000000
v 7.849777 -72.364624 -57.093018 1.000000 1.000000 1.000000
v 14.038452 -72.361694 -49.390625 1.000000 1.000000 1.000000
v 6.850662 -74.407516 -57.093018 1.000000 1.000000 1.000000
v 72.663116 -63.798168 -57.093018 1.000000 1.000000 1.000000
v 73.524719 -66.272232 -60.971436 1.000000 1.000000 1.000000
v 72.754364 -63.643757 -63.767334 1.000000 1.000000 1.000000
v 73.519226 -66.267227 -57.093018 1.000000 1.000000 1.000000
v 53.794312 -74.331131 -68.602295 1.000000 1.000000 1.000000
v 64.617676 -72.207474 -67.223633 1.000000 1.000000 1.000000
v 53.782562 -74.332901 -67.225342 1.000000 1.000000 1.000000
v 64.533752 -72.014633 -66.728760 1.000000 1.000000 1.000000
v 53.758423 -74.127884 -66.730713 1.000000 1.000000 1.000000
v 64.629211 -72.206177 -68.599365 1.000000 1.000000 1.000000
v 64.553589 -72.012421 -69.094727 1.000000 1.000000 1.000000
v 53.778595 -74.125641 -69.097900 1.000000 1.000000 1.000000
v -39.686646 35.137199 78.678223 1.000000 1.000000 1.000000
v -43.085388 31.734798 78.138428 1.000000 1.000000 1.000000
v -35.615692 36.107773 78.138428 1.000000 1.000000 1.000000
v -45.830109 31.111656 78.678223 1.000000 1.000000 1.000000
v -47.012436 26.594067 78.138428 1.000000 1.000000 1.000000
v -49.059875 26.379345 78.678223 1.000000 1.000000 1.000000
v -49.059875 21.403498 78.678223 1.000000 1.000000 1.000000
v -47.012436 21.188776 78.138428 1.000000 1.000000 1.000000
v -45.830109 16.671188 78.678223 1.000000 1.000000 1.000000
v -43.085388 16.048042 78.138428 1.000000 1.000000 1.000000
v -39.686600 12.645641 78.678223 1.000000 1.000000 1.000000
v -35.615646 11.675072 78.138428 1.000000 1.000000 1.000000
v -39.686646 -0.262714 78.678223 1.000000 1.000000 1.000000
v -43.085388 -3.665115 78.138428 1.000000 1.000000 1.000000
v -35.615692 0.707855 78.138428 1.000000 1.000000 1.000000
v -45.830109 -4.288258 78.678223 1.000000 1.000000 1.000000
v -47.012436 -8.805847 78.138428 1.000000 1.000000 1.000000
v -49.059875 -9.020576 78.678223 1.000000 1.000000 1.000000
v -47.012436 -14.211140 78.138428 1.000000 1.000000 1.000000
v -49.059875 -13.996418 78.678223 1.000000 1.000000 1.000000
v -45.830109 -18.728725 78.678223 1.000000 1.000000 1.000000
v -43.085388 -19.351871 78.138428 1.000000 1.000000 1.000000
v -39.686600 -22.754269 78.678223 1.000000 1.000000 1.000000
v -35.615646 -23.724842 78.138428 1.000000 1.000000 1.000000
v 80.929169 47.033482 -45.834473 1.000000 1.000000 1.000000
v 81.499329 53.811592 -61.017578 1.000000 1.000000 1.000000
v 81.002228 54.016693 -60.975098 1.000000 1.000000 1.000000
v 81.426086 46.828373 -45.876709 1.000000 1.000000 1.000000
v 62.968872 -72.731445 -37.791504 1.000000 1.000000 1.000000
v 53.378357 -74.352509 -39.354004 1.000000 1.000000 1.000000
v 62.970825 -72.733185 -39.351807 1.000000 1.000000 1.000000
v 62.902466 -72.537827 -39.847168 1.000000 1.000000 1.000000
v 53.361420 -74.147842 -39.848877 1.000000 1.000000 1.000000
v 53.377869 -74.352493 -37.794678 1.000000 1.000000 1.000000
v 62.899597 -72.536911 -37.301758 1.000000 1.000000 1.000000
v 53.360718 -74.149506 -37.303955 1.000000 1.000000 1.000000
v -72.785095 41.553444 48.188477 1.000000 1.000000 1.000000
v -74.501526 39.865494 48.382568 1.000000 1.000000 1.000000
v -72.785095 39.994431 48.606201 1.000000 1.000000 1.000000
v -74.501526 38.629818 49.618408 1.000000 1.000000 1.000000
v -72.785095 38.853134 49.747314 1.000000 1.000000 1.000000
v -74.501526 41.553440 47.930420 1.000000 1.000000 1.000000
v -74.501526 43.241402 48.382568 1.000000 1.000000 1.000000
v -74.997101 41.553440 47.306885 1.000000 1.000000 1.000000
v -74.501526 38.177536 51.306396 1.000000 1.000000 1.000000
v -72.797546 38.407253 51.404785 1.000000 1.000000 1.000000
v -74.997101 38.089813 49.306641 1.000000 1.000000 1.000000
v -74.997147 39.553741 47.842773 1.000000 1.000000 1.000000
v -72.909180 38.177532 66.798584 1.000000 1.000000 1.000000
v -71.247116 38.407112 66.407959 1.000000 1.000000 1.000000
v -74.996674 37.577343 51.247559 1.000000 1.000000 1.000000
v -73.391541 37.577843 66.912109 1.000000 1.000000 1.000000
v -69.372040 38.405170 71.508789 1.000000 1.000000 1.000000
v -74.997101 37.478119 48.841797 1.000000 1.000000 1.000000
v -68.688110 39.553486 71.044189 1.000000 1.000000 1.000000
v -70.779861 38.177528 72.468506 1.000000 1.000000 1.000000
v -74.996094 36.801674 51.416748 1.000000 1.000000 1.000000
v -72.909180 36.199512 66.798584 1.000000 1.000000 1.000000
v -74.560272 36.196198 51.306396 1.000000 1.000000 1.000000
v -74.560272 36.938011 48.530029 1.000000 1.000000 1.000000
v -74.560272 38.847927 46.620361 1.000000 1.000000 1.000000
v -74.997101 39.159679 47.160156 1.000000 1.000000 1.000000
v -74.997101 41.553440 46.518799 1.000000 1.000000 1.000000
v -74.560272 41.553440 45.895264 1.000000 1.000000 1.000000
v -74.560272 44.258972 46.620361 1.000000 1.000000 1.000000
v -74.997101 43.947220 47.160156 1.000000 1.000000 1.000000
v -74.997101 43.553158 47.842773 1.000000 1.000000 1.000000
v -74.997101 45.628777 48.841797 1.000000 1.000000 1.000000
v -74.560272 46.168880 48.530029 1.000000 1.000000 1.000000
v -74.997147 45.017075 49.306641 1.000000 1.000000 1.000000
v -74.501526 44.477070 49.618408 1.000000 1.000000 1.000000
v -74.560272 46.910686 51.306396 1.000000 1.000000 1.000000
v -74.996674 45.529537 51.247559 1.000000 1.000000 1.000000
v -74.501526 44.929348 51.306396 1.000000 1.000000 1.000000
v -74.996094 46.305202 51.416748 1.000000 1.000000 1.000000
v -72.909180 46.907372 66.798584 1.000000 1.000000 1.000000
v -73.391541 45.528973 66.912109 1.000000 1.000000 1.000000
v -73.391632 46.302467 66.911865 1.000000 1.000000 1.000000
v -70.779861 46.905029 72.468506 1.000000 1.000000 1.000000
v -71.189178 46.302769 72.747803 1.000000 1.000000 1.000000
v -71.189026 45.531616 72.748047 1.000000 1.000000 1.000000
v -70.779861 44.929348 72.468506 1.000000 1.000000 1.000000
v -66.390335 46.301228 77.055908 1.000000 1.000000 1.000000
v -66.155869 46.903477 76.619141 1.000000 1.000000 1.000000
v -60.338837 46.300339 78.630127 1.000000 1.000000 1.000000
v -66.390137 45.531624 77.056152 1.000000 1.000000 1.000000
v -60.276184 46.902596 78.138428 1.000000 1.000000 1.000000
v -66.155869 44.929348 76.619141 1.000000 1.000000 1.000000
v -69.372040 44.701691 71.508789 1.000000 1.000000 1.000000
v -60.338791 45.531616 78.630127 1.000000 1.000000 1.000000
v -65.352264 44.701668 75.116943 1.000000 1.000000 1.000000
v -68.688110 43.553375 71.044189 1.000000 1.000000 1.000000
v -60.276184 44.929348 78.138428 1.000000 1.000000 1.000000
v -64.963303 43.553368 74.387207 1.000000 1.000000 1.000000
v -60.062851 44.699776 76.444580 1.000000 1.000000 1.000000
v -59.960953 43.553375 75.627686 1.000000 1.000000 1.000000
v -64.963303 39.553486 74.387207 1.000000 1.000000 1.000000
v -59.960953 39.553497 75.627686 1.000000 1.000000 1.000000
v -4.802231 -67.420319 -75.772461 1.000000 1.000000 1.000000
v -6.377609 -68.276245 -75.772461 1.000000 1.000000 1.000000
v -75.361832 -34.233562 -75.772461 1.000000 1.000000 1.000000
v -51.838699 -70.355530 -75.772461 1.000000 1.000000 1.000000
v -7.030121 -70.388702 -75.772705 1.000000 1.000000 1.000000
v -75.361832 -46.832417 -75.772461 1.000000 1.000000 1.000000
v -60.840622 -68.564957 -75.772461 1.000000 1.000000 1.000000
v -73.571213 -55.834316 -75.772461 1.000000 1.000000 1.000000
v -68.472061 -63.465771 -75.772461 1.000000 1.000000 1.000000
v -75.361832 24.000589 -75.772461 1.000000 1.000000 1.000000
v 1.210205 82.801559 -75.772461 1.000000 1.000000 1.000000
v -75.361832 46.910721 -75.772461 1.000000 1.000000 1.000000
v 7.222687 -67.420319 -75.772461 1.000000 1.000000 1.000000
v -51.838745 82.801559 -75.772461 1.000000 1.000000 1.000000
v -75.361832 59.278450 -75.772461 1.000000 1.000000 1.000000
v -60.840622 81.010986 -75.772461 1.000000 1.000000 1.000000
v -73.571213 68.280357 -75.772461 1.000000 1.000000 1.000000
v -68.472061 75.911804 -75.772461 1.000000 1.000000 1.000000
v 77.782349 47.159325 -75.772461 1.000000 1.000000 1.000000
v 54.259186 82.801567 -75.772461 1.000000 1.000000 1.000000
v 77.782349 -34.723759 -75.772461 1.000000 1.000000 1.000000
v 77.782349 59.278450 -75.772461 1.000000 1.000000 1.000000
v 75.991730 68.280357 -75.772461 1.000000 1.000000 1.000000
v 63.261108 81.010971 -75.772461 1.000000 1.000000 1.000000
v 70.892609 75.911812 -75.772461 1.000000 1.000000 1.000000
v 8.798065 -68.276215 -75.772461 1.000000 1.000000 1.000000
v 54.259186 -70.355499 -75.772461 1.000000 1.000000 1.000000
v 9.450623 -70.388702 -75.772705 1.000000 1.000000 1.000000
v 77.782349 -46.832409 -75.772461 1.000000 1.000000 1.000000
v 63.261108 -68.564957 -75.772461 1.000000 1.000000 1.000000
v 75.991730 -55.834316 -75.772461 1.000000 1.000000 1.000000
v 70.892609 -63.465786 -75.772461 1.000000 1.000000 1.000000
v 27.875031 -72.373749 -57.093018 1.000000 1.000000 1.000000
v 26.962067 -74.401886 -60.971680 1.000000 1.000000 1.000000
v 27.885681 -72.192383 -63.757812 1.000000 1.000000 1.000000
v 26.956268 -74.406128 -57.093018 1.000000 1.000000 1.000000
v -79.467972 29.001644 -57.891113 1.000000 1.000000 1.000000
v -78.848755 7.596939 -57.419678 1.000000 1.000000 1.000000
v -79.474457 7.864185 -57.127441 1.000000 1.000000 1.000000
v -78.842178 29.357821 -58.206055 1.000000 1.000000 1.000000
v 56.761169 -73.800797 -57.093018 1.000000 1.000000 1.000000
v 49.091797 -74.400330 -60.971680 1.000000 1.000000 1.000000
v 56.765503 -73.798904 -60.971680 1.000000 1.000000 1.000000
v 49.092957 -74.404587 -57.093018 1.000000 1.000000 1.000000
v 55.302216 -74.082291 -49.390625 1.000000 1.000000 1.000000
v 62.571411 -72.651077 -49.390625 1.000000 1.000000 1.000000
v 62.568176 -72.649887 -45.958496 1.000000 1.000000 1.000000
v 55.299744 -74.080154 -45.958740 1.000000 1.000000 1.000000
v -74.790527 -61.026783 -57.093018 1.000000 1.000000 1.000000
v -70.524170 -66.744614 -60.971924 1.000000 1.000000 1.000000
v -70.536331 -66.747177 -57.093018 1.000000 1.000000 1.000000
v -74.779419 -61.010296 -60.971924 1.000000 1.000000 1.000000
v -71.538986 -65.959564 -49.390625 1.000000 1.000000 1.000000
v -65.705933 -70.005005 -49.390625 1.000000 1.000000 1.000000
v -65.713989 -70.007278 -45.958740 1.000000 1.000000 1.000000
v -71.546570 -65.977707 -45.958984 1.000000 1.000000 1.000000
v -48.456299 57.230106 78.586426 1.000000 1.000000 1.000000
v -47.211853 59.470009 78.138428 1.000000 1.000000 1.000000
v -48.242386 59.821266 78.586426 1.000000 1.000000 1.000000
v -46.439270 61.830696 78.586426 1.000000 1.000000 1.000000
v -47.389801 57.314896 78.138428 1.000000 1.000000 1.000000
v -45.343124 47.951832 78.586426 1.000000 1.000000 1.000000
v -43.978607 47.023285 78.138428 1.000000 1.000000 1.000000
v -45.810135 61.032139 78.138428 1.000000 1.000000 1.000000
v -43.630707 62.615540 78.586426 1.000000 1.000000 1.000000
v -43.466721 61.686989 78.138428 1.000000 1.000000 1.000000
v -39.026611 62.615540 78.586426 1.000000 1.000000 1.000000
v -39.168655 61.686989 78.138428 1.000000 1.000000 1.000000
v -36.882690 61.137024 78.138428 1.000000 1.000000 1.000000
v -36.396805 61.982857 78.586426 1.000000 1.000000 1.000000
v -34.930145 59.784271 78.138428 1.000000 1.000000 1.000000
v -34.107452 60.396770 78.586426 1.000000 1.000000 1.000000
v -33.788162 57.959339 78.138428 1.000000 1.000000 1.000000
v -32.798019 58.304207 78.586426 1.000000 1.000000 1.000000
v -29.381897 47.951832 78.586426 1.000000 1.000000 1.000000
v -30.200974 47.023285 78.138428 1.000000 1.000000 1.000000
v -64.303833 -69.888565 -37.890137 1.000000 1.000000 1.000000
v -71.518555 -64.497772 -39.412109 1.000000 1.000000 1.000000
v -64.302734 -69.886612 -39.412842 1.000000 1.000000 1.000000
v -64.206863 -69.701385 -39.907715 1.000000 1.000000 1.000000
v -71.373871 -64.348038 -39.906982 1.000000 1.000000 1.000000
v -71.523422 -64.502609 -37.888672 1.000000 1.000000 1.000000
v -64.209335 -69.705170 -37.395020 1.000000 1.000000 1.000000
v -71.381897 -64.355484 -37.393555 1.000000 1.000000 1.000000
v -77.580505 -56.219822 -49.390625 1.000000 1.000000 1.000000
v -76.628693 -50.978664 -57.093018 1.000000 1.000000 1.000000
v -75.590088 -56.468998 -49.390625 1.000000 1.000000 1.000000
v -78.681091 -50.440105 -57.093018 1.000000 1.000000 1.000000
v 64.362762 -71.545593 -69.300293 1.000000 1.000000 1.000000
v 53.546906 -70.388702 -69.291504 1.000000 1.000000 1.000000
v 73.137878 -65.681808 -69.301514 1.000000 1.000000 1.000000
v 79.001587 -56.906612 -69.303467 1.000000 1.000000 1.000000
v 79.466461 -57.099392 -69.098633 1.000000 1.000000 1.000000
v 73.492981 -66.038879 -69.096436 1.000000 1.000000 1.000000
v 73.492981 -66.038879 -69.096436 1.000000 1.000000 1.000000
v 64.553589 -72.012421 -69.094727 1.000000 1.000000 1.000000
v 2.972443 -69.457047 25.746338 1.000000 1.000000 1.000000
v 6.527893 -80.247223 27.693848 1.000000 1.000000 1.000000
v 6.993851 -80.116531 27.232910 1.000000 1.000000 1.000000
v 2.633377 -69.398529 26.307861 1.000000 1.000000 1.000000
v 6.675140 -81.264038 27.782959 1.000000 1.000000 1.000000
v 6.844421 -80.702301 -14.609131 1.000000 1.000000 1.000000
v 2.831924 -70.007935 -14.880371 1.000000 1.000000 1.000000
v 6.372055 -80.858047 -15.021484 1.000000 1.000000 1.000000
v 2.483353 -69.983017 -15.433105 1.000000 1.000000 1.000000
v 6.519257 -81.874878 -14.932373 1.000000 1.000000 1.000000
v 7.007355 -81.934204 -14.500732 1.000000 1.000000 1.000000
v 6.088577 -82.753021 -14.842529 1.000000 1.000000 1.000000
v 7.156738 -81.348450 27.341064 1.000000 1.000000 1.000000
v 6.447586 -83.077759 -14.383301 1.000000 1.000000 1.000000
v 5.199371 -83.256210 -14.775879 1.000000 1.000000 1.000000
v 6.597031 -82.491989 27.458252 1.000000 1.000000 1.000000
v 6.244461 -82.142212 27.872803 1.000000 1.000000 1.000000
v 5.321167 -83.719772 -14.298828 1.000000 1.000000 1.000000
v 4.178604 -83.231232 -14.754639 1.000000 1.000000 1.000000
v 5.470596 -83.134033 27.542969 1.000000 1.000000 1.000000
v 5.355209 -82.645416 27.939453 1.000000 1.000000 1.000000
v 4.334442 -82.620438 27.960938 1.000000 1.000000 1.000000
v 4.025925 -83.684082 -14.271973 1.000000 1.000000 1.000000
v 4.175369 -83.098328 27.569824 1.000000 1.000000 1.000000
v 3.542511 -82.048416 27.927246 1.000000 1.000000 1.000000
v 2.995728 -82.938721 -14.315918 1.000000 1.000000 1.000000
v 3.145111 -82.352966 27.525879 1.000000 1.000000 1.000000
v 3.386780 -82.659241 -14.788086 1.000000 1.000000 1.000000
v 2.711578 -81.190247 27.429932 1.000000 1.000000 1.000000
v 3.195755 -81.081940 27.847168 1.000000 1.000000 1.000000
v 2.562134 -81.776016 -14.411865 1.000000 1.000000 1.000000
v 3.039917 -81.692764 -14.868164 1.000000 1.000000 1.000000
v 1.388824 -69.856415 25.819580 1.000000 1.000000 1.000000
v 1.678314 -69.637787 26.352295 1.000000 1.000000 1.000000
v 1.248352 -70.407303 -14.807129 1.000000 1.000000 1.000000
v 1.528397 -70.222534 -15.389160 1.000000 1.000000 1.000000
v -71.523422 -64.502609 -37.888672 1.000000 1.000000 1.000000
v -77.412170 -57.173428 -39.410645 1.000000 1.000000 1.000000
v -71.518555 -64.497772 -39.412109 1.000000 1.000000 1.000000
v -77.220001 -57.081211 -39.905762 1.000000 1.000000 1.000000
v -71.373871 -64.348038 -39.906982 1.000000 1.000000 1.000000
v -77.420929 -57.177174 -37.886719 1.000000 1.000000 1.000000
v -77.234390 -57.086933 -37.391846 1.000000 1.000000 1.000000
v -71.381897 -64.355484 -37.393555 1.000000 1.000000 1.000000
v 3.009125 -74.407898 -49.390625 1.000000 1.000000 1.000000
v -2.162842 -72.362244 -57.093018 1.000000 1.000000 1.000000
v 4.026016 -72.358429 -49.390625 1.000000 1.000000 1.000000
v -3.201782 -74.408234 -57.093018 1.000000 1.000000 1.000000
v -69.460541 -67.123505 -69.183350 1.000000 1.000000 1.000000
v -61.500763 -72.155640 -69.184814 1.000000 1.000000 1.000000
v -61.581970 -72.349045 -68.689941 1.000000 1.000000 1.000000
v -69.600464 -67.279755 -68.688477 1.000000 1.000000 1.000000
v -61.593643 -72.347733 -67.283936 1.000000 1.000000 1.000000
v -69.612289 -67.278366 -67.282959 1.000000 1.000000 1.000000
v -61.520660 -72.153458 -66.788818 1.000000 1.000000 1.000000
v -69.480698 -67.121155 -66.787842 1.000000 1.000000 1.000000
v -75.369980 -60.226154 -66.786621 1.000000 1.000000 1.000000
v -69.480698 -67.121155 -66.787842 1.000000 1.000000 1.000000
v -75.546524 -60.330662 -67.281494 1.000000 1.000000 1.000000
v -75.534607 -60.332226 -68.686523 1.000000 1.000000 1.000000
v -69.600464 -67.279755 -68.688477 1.000000 1.000000 1.000000
v -75.349564 -60.228794 -69.181641 1.000000 1.000000 1.000000
v -69.460541 -67.123505 -69.183350 1.000000 1.000000 1.000000
v -75.349564 -60.228794 -69.181641 1.000000 1.000000 1.000000
v -78.678864 -51.353359 -68.685303 1.000000 1.000000 1.000000
v -78.471939 -51.312222 -69.180176 1.000000 1.000000 1.000000
v -75.546524 -60.330662 -67.281494 1.000000 1.000000 1.000000
v -78.690994 -51.352398 -67.280518 1.000000 1.000000 1.000000
v -75.369980 -60.226154 -66.786621 1.000000 1.000000 1.000000
v -78.492599 -51.310528 -66.785645 1.000000 1.000000 1.000000
v -62.763275 -71.943802 -57.093018 1.000000 1.000000 1.000000
v -68.734085 -67.940353 -60.971924 1.000000 1.000000 1.000000
v -62.750687 -71.937012 -60.971680 1.000000 1.000000 1.000000
v -68.737900 -67.952972 -57.093018 1.000000 1.000000 1.000000
v -63.916687 -71.203827 -49.390625 1.000000 1.000000 1.000000
v -57.004562 -73.306625 -49.390625 1.000000 1.000000 1.000000
v -57.007080 -73.305206 -45.958740 1.000000 1.000000 1.000000
v -63.918167 -71.212128 -45.958740 1.000000 1.000000 1.000000
v -79.523666 27.042877 -46.050293 1.000000 1.000000 1.000000
v -78.891998 27.608118 -48.062256 1.000000 1.000000 1.000000
v -79.515472 27.312973 -47.974121 1.000000 1.000000 1.000000
v -78.901535 27.287241 -45.776855 1.000000 1.000000 1.000000
v -79.512939 26.706268 -48.646973 1.000000 1.000000 1.000000
v -78.888809 26.826555 -48.928955 1.000000 1.000000 1.000000
v -78.890518 23.803787 -48.819824 1.000000 1.000000 1.000000
v -79.514648 23.915361 -48.546387 1.000000 1.000000 1.000000
v -79.517853 22.947392 -47.677002 1.000000 1.000000 1.000000
v -78.894241 22.684862 -47.814941 1.000000 1.000000 1.000000
v -79.523285 22.690159 -45.895508 1.000000 1.000000 1.000000
v -78.901306 22.365257 -45.601807 1.000000 1.000000 1.000000
v -79.431305 -46.843395 -49.390625 1.000000 1.000000 1.000000
v -77.604446 -41.577656 -57.093018 1.000000 1.000000 1.000000
v -77.304474 -47.597507 -49.390625 1.000000 1.000000 1.000000
v -79.486420 -40.808064 -57.093018 1.000000 1.000000 1.000000
v 23.109985 -74.409012 -45.958740 1.000000 1.000000 1.000000
v 24.050995 -72.366425 -49.390625 1.000000 1.000000 1.000000
v 24.040497 -72.143036 -43.021973 1.000000 1.000000 1.000000
v 23.111725 -74.412720 -49.390625 1.000000 1.000000 1.000000
v -69.131058 -66.745316 -69.388428 1.000000 1.000000 1.000000
v -52.972321 -70.415833 -69.398193 1.000000 1.000000 1.000000
v -61.312927 -71.687897 -69.389160 1.000000 1.000000 1.000000
v -69.460541 -67.123505 -69.183350 1.000000 1.000000 1.000000
v -61.500763 -72.155640 -69.184814 1.000000 1.000000 1.000000
v -78.630310 -41.554501 -69.383789 1.000000 1.000000 1.000000
v -74.911270 -59.977993 -69.386719 1.000000 1.000000 1.000000
v -77.980850 -51.212162 -69.385254 1.000000 1.000000 1.000000
v -79.127045 -41.571148 -69.179199 1.000000 1.000000 1.000000
v -78.471939 -51.312222 -69.180176 1.000000 1.000000 1.000000
v -78.471939 -51.312222 -69.180176 1.000000 1.000000 1.000000
v -75.349564 -60.228794 -69.181641 1.000000 1.000000 1.000000
v -72.782379 -64.122375 -45.958984 1.000000 1.000000 1.000000
v -76.799301 -58.068150 -49.390625 1.000000 1.000000 1.000000
v -72.767654 -64.120758 -49.390625 1.000000 1.000000 1.000000
v -76.808075 -58.078640 -45.958984 1.000000 1.000000 1.000000
v -75.947479 -59.294682 -57.093018 1.000000 1.000000 1.000000
v -78.289322 -52.416759 -57.093018 1.000000 1.000000 1.000000
v -75.925598 -59.294994 -60.971924 1.000000 1.000000 1.000000
v -78.270157 -52.400936 -60.972168 1.000000 1.000000 1.000000
v 81.668945 -46.892025 -60.971191 1.000000 1.000000 1.000000
v 79.269684 -47.732815 -57.093018 1.000000 1.000000 1.000000
v 79.285980 -47.720486 -63.777344 1.000000 1.000000 1.000000
v 81.647400 -46.897465 -57.093018 1.000000 1.000000 1.000000
v 81.002228 54.016693 -60.975098 1.000000 1.000000 1.000000
v 53.544220 54.001549 -69.407227 1.000000 1.000000 1.000000
v 53.488434 54.016693 -61.111084 1.000000 1.000000 1.000000
v 81.075378 54.001549 -69.306885 1.000000 1.000000 1.000000
v 53.544220 54.001549 -69.407227 1.000000 1.000000 1.000000
v 81.085754 -46.274220 -69.304688 1.000000 1.000000 1.000000
v 81.568573 53.796890 -69.101074 1.000000 1.000000 1.000000
v 81.579041 -46.322529 -69.099854 1.000000 1.000000 1.000000
v 81.075378 54.001549 -69.306885 1.000000 1.000000 1.000000
v 79.001587 -56.906612 -69.303467 1.000000 1.000000 1.000000
v 81.085754 -46.274220 -69.304688 1.000000 1.000000 1.000000
v 81.579041 -46.322529 -69.099854 1.000000 1.000000 1.000000
v 79.466461 -57.099392 -69.098633 1.000000 1.000000 1.000000
v 53.732208 -73.630508 -69.304199 1.000000 1.000000 1.000000
v 64.362762 -71.545593 -69.300293 1.000000 1.000000 1.000000
v 53.778595 -74.125641 -69.097900 1.000000 1.000000 1.000000
v 64.553589 -72.012421 -69.094727 1.000000 1.000000 1.000000
v 53.732208 -73.630508 -69.304199 1.000000 1.000000 1.000000
v -51.280411 -73.652466 -69.385254 1.000000 1.000000 1.000000
v 53.778595 -74.125641 -69.097900 1.000000 1.000000 1.000000
v -51.330093 -74.147446 -69.181641 1.000000 1.000000 1.000000
v -74.911270 -59.977993 -69.386719 1.000000 1.000000 1.000000
v -69.131058 -66.745316 -69.388428 1.000000 1.000000 1.000000
v -69.460541 -67.123505 -69.183350 1.000000 1.000000 1.000000
v -75.349564 -60.228794 -69.181641 1.000000 1.000000 1.000000
v -61.312927 -71.687897 -69.389160 1.000000 1.000000 1.000000
v -51.280411 -73.652466 -69.385254 1.000000 1.000000 1.000000
v -51.330093 -74.147446 -69.181641 1.000000 1.000000 1.000000
v -61.500763 -72.155640 -69.184814 1.000000 1.000000 1.000000
v -55.748825 -72.652817 -37.888428 1.000000 1.000000 1.000000
v -64.302734 -69.886612 -39.412842 1.000000 1.000000 1.000000
v -55.747864 -72.651443 -39.412109 1.000000 1.000000 1.000000
v -64.206863 -69.701385 -39.907715 1.000000 1.000000 1.000000
v -55.698288 -72.451675 -39.906494 1.000000 1.000000 1.000000
v -64.303833 -69.888565 -37.890137 1.000000 1.000000 1.000000
v -64.209335 -69.705170 -37.395020 1.000000 1.000000 1.000000
v -55.686111 -72.458359 -37.394043 1.000000 1.000000 1.000000
v 53.544220 54.001549 -69.407227 1.000000 1.000000 1.000000
v 81.075378 54.001549 -69.306885 1.000000 1.000000 1.000000
v 81.085754 -46.274220 -69.304688 1.000000 1.000000 1.000000
v 80.447571 -52.732449 -49.390625 1.000000 1.000000 1.000000
v 77.518066 -56.585247 -57.093018 1.000000 1.000000 1.000000
v 78.584991 -51.112156 -49.390625 1.000000 1.000000 1.000000
v 78.841858 -58.348408 -57.093018 1.000000 1.000000 1.000000
v 81.691071 -40.860271 -45.958252 1.000000 1.000000 1.000000
v 79.580048 -41.725285 -49.390625 1.000000 1.000000 1.000000
v 81.709961 -40.854572 -49.390625 1.000000 1.000000 1.000000
v 79.458405 -41.724926 -43.030273 1.000000 1.000000 1.000000
v -53.414551 -74.016022 -57.093018 1.000000 1.000000 1.000000
v -60.707489 -72.568558 -60.971680 1.000000 1.000000 1.000000
v -53.409210 -74.014069 -60.971680 1.000000 1.000000 1.000000
v -60.708725 -72.569580 -57.093018 1.000000 1.000000 1.000000
v -54.896652 -73.727219 -49.390625 1.000000 1.000000 1.000000
v -47.240463 -74.395844 -49.390625 1.000000 1.000000 1.000000
v -47.241699 -74.392075 -45.958740 1.000000 1.000000 1.000000
v -54.898178 -73.725998 -45.958740 1.000000 1.000000 1.000000
v 17.862366 -72.368454 -57.093018 1.000000 1.000000 1.000000
v 16.909210 -74.402603 -60.971680 1.000000 1.000000 1.000000
v 17.870605 -72.192719 -63.758301 1.000000 1.000000 1.000000
v 16.903381 -74.406815 -57.093018 1.000000 1.000000 1.000000
v 81.775269 -36.993801 -60.971191 1.000000 1.000000 1.000000
v 79.588837 -37.893276 -57.093018 1.000000 1.000000 1.000000
v 79.586792 -37.918262 -63.776855 1.000000 1.000000 1.000000
v 81.753052 -37.000584 -57.093018 1.000000 1.000000 1.000000
v 81.710236 -22.858387 -49.390625 1.000000 1.000000 1.000000
v 79.585358 -27.844318 -57.093018 1.000000 1.000000 1.000000
v 79.573151 -21.627483 -49.390625 1.000000 1.000000 1.000000
v 81.753143 -29.106953 -57.093018 1.000000 1.000000 1.000000
v -77.338745 32.971680 -38.412354 1.000000 1.000000 1.000000
v -79.539734 35.858383 -60.050537 1.000000 1.000000 1.000000
v -79.534637 31.836845 -42.229980 1.000000 1.000000 1.000000
v -77.203476 38.643238 -63.751221 1.000000 1.000000 1.000000
v -72.767654 -64.120758 -49.390625 1.000000 1.000000 1.000000
v -73.688904 -59.191875 -57.093018 1.000000 1.000000 1.000000
v -70.731979 -63.678799 -49.390625 1.000000 1.000000 1.000000
v -75.947479 -59.294682 -57.093018 1.000000 1.000000 1.000000
v -79.512222 22.315155 -49.354492 1.000000 1.000000 1.000000
v -78.882416 28.076735 -49.826172 1.000000 1.000000 1.000000
v -78.887329 22.013954 -49.606934 1.000000 1.000000 1.000000
v -79.508987 28.407978 -49.571289 1.000000 1.000000 1.000000
v -7.041656 -74.405487 -49.390625 1.000000 1.000000 1.000000
v -12.175430 -72.361313 -57.093018 1.000000 1.000000 1.000000
v -5.986511 -72.356583 -49.390625 1.000000 1.000000 1.000000
v -13.253983 -74.408920 -57.093018 1.000000 1.000000 1.000000
v -79.528778 -36.950153 -49.390625 1.000000 1.000000 1.000000
v -77.600769 -31.528690 -57.093018 1.000000 1.000000 1.000000
v -77.603058 -37.744717 -49.390625 1.000000 1.000000 1.000000
v -79.485336 -30.739872 -57.093018 1.000000 1.000000 1.000000
v 76.802826 -61.312229 -45.958496 1.000000 1.000000 1.000000
v 75.609283 -59.304005 -49.390625 1.000000 1.000000 1.000000
v 75.424469 -59.032856 -43.023926 1.000000 1.000000 1.000000
v 76.813873 -61.324963 -49.390625 1.000000 1.000000 1.000000
v -20.901123 57.230106 78.586426 1.000000 1.000000 1.000000
v -19.656662 59.470013 78.138428 1.000000 1.000000 1.000000
v -20.687164 59.821270 78.586426 1.000000 1.000000 1.000000
v -18.884094 61.830696 78.586426 1.000000 1.000000 1.000000
v -19.834625 57.314896 78.138428 1.000000 1.000000 1.000000
v -17.787949 47.951832 78.586426 1.000000 1.000000 1.000000
v -16.423431 47.023285 78.138428 1.000000 1.000000 1.000000
v -18.254959 61.032139 78.138428 1.000000 1.000000 1.000000
v -16.075531 62.615540 78.586426 1.000000 1.000000 1.000000
v -15.911499 61.686989 78.138428 1.000000 1.000000 1.000000
v 5.035294 62.615540 78.586426 1.000000 1.000000 1.000000
v 6.375488 61.686989 78.138428 1.000000 1.000000 1.000000
v -71.247116 -25.720631 66.407959 1.000000 1.000000 1.000000
v -71.970947 -26.866993 51.487793 1.000000 1.000000 1.000000
v -70.445404 -26.867008 66.220703 1.000000 1.000000 1.000000
v -71.970947 -30.866871 51.487793 1.000000 1.000000 1.000000
v -70.445404 -30.866886 66.220703 1.000000 1.000000 1.000000
v -72.797546 -25.720760 51.404541 1.000000 1.000000 1.000000
v -71.971039 -27.176968 50.331055 1.000000 1.000000 1.000000
v -72.909180 -25.491024 66.798584 1.000000 1.000000 1.000000
v -72.785095 -26.166615 49.747314 1.000000 1.000000 1.000000
v -71.971146 -27.891232 49.616699 1.000000 1.000000 1.000000
v -72.785095 -27.307919 48.606201 1.000000 1.000000 1.000000
v -71.971146 -28.866932 49.355225 1.000000 1.000000 1.000000
v -71.971039 -30.556896 50.331055 1.000000 1.000000 1.000000
v -71.971146 -29.842632 49.616699 1.000000 1.000000 1.000000
v -72.785095 -30.425945 48.606201 1.000000 1.000000 1.000000
v 47.062683 -74.404739 -57.093018 1.000000 1.000000 1.000000
v 39.044556 -74.401031 -60.971680 1.000000 1.000000 1.000000
v 47.068390 -74.400482 -60.971680 1.000000 1.000000 1.000000
v 39.045654 -74.405289 -57.093018 1.000000 1.000000 1.000000
v 45.263519 -74.413223 -49.390625 1.000000 1.000000 1.000000
v 53.179535 -74.412674 -49.390625 1.000000 1.000000 1.000000
v 53.174774 -74.416245 -45.958740 1.000000 1.000000 1.000000
v 45.263031 -74.414337 -45.958740 1.000000 1.000000 1.000000
v 37.009430 -74.405441 -57.093018 1.000000 1.000000 1.000000
v 28.996704 -74.401749 -60.971680 1.000000 1.000000 1.000000
v 37.015137 -74.401184 -60.971680 1.000000 1.000000 1.000000
v 28.997711 -74.405991 -57.093018 1.000000 1.000000 1.000000
v 35.215790 -74.413925 -49.390625 1.000000 1.000000 1.000000
v 43.217377 -74.413361 -49.390625 1.000000 1.000000 1.000000
v 43.213745 -74.413834 -45.958740 1.000000 1.000000 1.000000
v 35.213562 -74.411911 -45.958740 1.000000 1.000000 1.000000
v 26.956268 -74.406128 -57.093018 1.000000 1.000000 1.000000
v 18.948303 -74.402451 -60.971680 1.000000 1.000000 1.000000
v 26.962067 -74.401886 -60.971680 1.000000 1.000000 1.000000
v 18.949249 -74.406693 -57.093018 1.000000 1.000000 1.000000
v 25.166779 -74.413208 -49.390625 1.000000 1.000000 1.000000
v 33.163971 -74.414062 -49.390625 1.000000 1.000000 1.000000
v 33.161713 -74.411423 -45.958740 1.000000 1.000000 1.000000
v 25.163544 -74.409500 -45.958740 1.000000 1.000000 1.000000
v 16.903381 -74.406815 -57.093018 1.000000 1.000000 1.000000
v 8.899399 -74.403152 -60.971680 1.000000 1.000000 1.000000
v 16.909210 -74.402603 -60.971680 1.000000 1.000000 1.000000
v 8.900253 -74.407379 -57.093018 1.000000 1.000000 1.000000
v 15.116302 -74.410797 -49.390625 1.000000 1.000000 1.000000
v 23.111725 -74.412720 -49.390625 1.000000 1.000000 1.000000
v 23.109985 -74.409012 -45.958740 1.000000 1.000000 1.000000
v 15.113205 -74.407089 -45.958740 1.000000 1.000000 1.000000
v 6.850662 -74.407516 -57.093018 1.000000 1.000000 1.000000
v -1.150040 -74.403870 -60.971680 1.000000 1.000000 1.000000
v 6.856628 -74.403305 -60.971680 1.000000 1.000000 1.000000
v -1.149185 -74.408081 -57.093018 1.000000 1.000000 1.000000
v 5.065430 -74.408401 -49.390625 1.000000 1.000000 1.000000
v 13.060226 -74.410309 -49.390625 1.000000 1.000000 1.000000
v 13.058563 -74.406586 -45.958740 1.000000 1.000000 1.000000
v 5.062424 -74.404663 -45.958740 1.000000 1.000000 1.000000
v -3.201782 -74.408234 -57.093018 1.000000 1.000000 1.000000
v -11.199860 -74.404572 -60.971680 1.000000 1.000000 1.000000
v -3.195770 -74.404007 -60.971680 1.000000 1.000000 1.000000
v -11.199203 -74.408783 -57.093018 1.000000 1.000000 1.000000
v -4.985718 -74.405975 -49.390625 1.000000 1.000000 1.000000
v 3.009125 -74.407898 -49.390625 1.000000 1.000000 1.000000
v 3.007492 -74.404160 -45.958740 1.000000 1.000000 1.000000
v -4.988678 -74.402252 -45.958740 1.000000 1.000000 1.000000
v -13.253983 -74.408920 -57.093018 1.000000 1.000000 1.000000
v -21.250168 -74.405273 -60.971680 1.000000 1.000000 1.000000
v -13.247925 -74.404724 -60.971680 1.000000 1.000000 1.000000
v -21.249588 -74.409485 -57.093018 1.000000 1.000000 1.000000
v -15.037262 -74.403564 -49.390625 1.000000 1.000000 1.000000
v -7.041656 -74.405487 -49.390625 1.000000 1.000000 1.000000
v -7.043182 -74.401749 -45.958740 1.000000 1.000000 1.000000
v -15.040222 -74.399826 -45.958740 1.000000 1.000000 1.000000
v -23.305908 -74.409637 -57.093018 1.000000 1.000000 1.000000
v -31.300934 -74.405991 -60.971680 1.000000 1.000000 1.000000
v -23.299744 -74.405426 -60.971680 1.000000 1.000000 1.000000
v -31.301315 -74.408035 -57.093018 1.000000 1.000000 1.000000
v -25.089127 -74.401154 -49.390625 1.000000 1.000000 1.000000
v -17.092041 -74.403076 -49.390625 1.000000 1.000000 1.000000
v -17.093475 -74.399338 -45.958740 1.000000 1.000000 1.000000
v -25.091949 -74.397400 -45.958740 1.000000 1.000000 1.000000
v -33.355911 -74.407562 -57.093018 1.000000 1.000000 1.000000
v -41.351990 -74.406693 -60.971680 1.000000 1.000000 1.000000
v -33.351242 -74.406128 -60.971680 1.000000 1.000000 1.000000
v -41.353714 -74.405624 -57.093018 1.000000 1.000000 1.000000
v -35.141281 -74.398758 -49.390625 1.000000 1.000000 1.000000
v -27.141968 -74.400665 -49.390625 1.000000 1.000000 1.000000
v -27.143387 -74.396912 -45.958740 1.000000 1.000000 1.000000
v -35.144058 -74.395004 -45.958740 1.000000 1.000000 1.000000
v -43.405258 -74.405136 -57.093018 1.000000 1.000000 1.000000
v -51.297775 -74.407394 -60.971680 1.000000 1.000000 1.000000
v -43.402435 -74.406830 -60.971680 1.000000 1.000000 1.000000
v -51.300674 -74.403244 -57.093018 1.000000 1.000000 1.000000
v -45.193680 -74.396332 -49.390625 1.000000 1.000000 1.000000
v -37.191498 -74.398270 -49.390625 1.000000 1.000000 1.000000
v -37.192780 -74.394501 -45.958740 1.000000 1.000000 1.000000
v -45.196350 -74.392563 -45.958740 1.000000 1.000000 1.000000
v 53.378357 -74.352509 -39.354004 1.000000 1.000000 1.000000
v -46.069504 -74.330078 -37.879883 1.000000 1.000000 1.000000
v -46.069534 -74.329941 -39.410889 1.000000 1.000000 1.000000
v -46.051865 -74.124924 -39.905518 1.000000 1.000000 1.000000
v 53.361420 -74.147842 -39.848877 1.000000 1.000000 1.000000
v 53.377869 -74.352493 -37.794678 1.000000 1.000000 1.000000
v -46.052048 -74.127396 -37.389648 1.000000 1.000000 1.000000
v 53.360718 -74.149506 -37.303955 1.000000 1.000000 1.000000
v -55.748825 -72.652817 -37.888428 1.000000 1.000000 1.000000
v -55.686111 -72.458359 -37.394043 1.000000 1.000000 1.000000
v -46.052048 -74.127396 -37.389648 1.000000 1.000000 1.000000
v -55.747864 -72.651443 -39.412109 1.000000 1.000000 1.000000
v -46.051865 -74.124924 -39.905518 1.000000 1.000000 1.000000
v -55.698288 -72.451675 -39.906494 1.000000 1.000000 1.000000
v -51.354156 -74.352463 -68.687256 1.000000 1.000000 1.000000
v 53.782562 -74.332901 -67.225342 1.000000 1.000000 1.000000
v -51.366013 -74.350677 -67.282227 1.000000 1.000000 1.000000
v 53.794312 -74.331131 -68.602295 1.000000 1.000000 1.000000
v -51.330093 -74.147446 -69.181641 1.000000 1.000000 1.000000
v 53.778595 -74.125641 -69.097900 1.000000 1.000000 1.000000
v 53.758423 -74.127884 -66.730713 1.000000 1.000000 1.000000
v -51.350311 -74.145218 -66.786865 1.000000 1.000000 1.000000
v -61.520660 -72.153458 -66.788818 1.000000 1.000000 1.000000
v -51.350311 -74.145218 -66.786865 1.000000 1.000000 1.000000
v -61.593643 -72.347733 -67.283936 1.000000 1.000000 1.000000
v -51.354156 -74.352463 -68.687256 1.000000 1.000000 1.000000
v -61.500763 -72.155640 -69.184814 1.000000 1.000000 1.000000
v -51.330093 -74.147446 -69.181641 1.000000 1.000000 1.000000
v -9.468369 -68.276245 -42.824707 1.000000 1.000000 1.000000
v -9.576141 -70.342621 -50.917236 1.000000 1.000000 1.000000
v -8.924774 -68.276245 -50.912842 1.000000 1.000000 1.000000
v -7.030121 -70.388702 -75.772705 1.000000 1.000000 1.000000
v -9.311584 -71.304565 -73.710938 1.000000 1.000000 1.000000
v -6.377609 -68.276245 -75.772461 1.000000 1.000000 1.000000
v -7.371628 -67.420319 -50.740234 1.000000 1.000000 1.000000
v -4.802231 -67.420319 -75.772461 1.000000 1.000000 1.000000
v -7.899292 -67.420319 -43.245850 1.000000 1.000000 1.000000
v -6.976517 -67.420334 -35.768311 1.000000 1.000000 1.000000
v -11.628693 -71.265152 -51.088135 1.000000 1.000000 1.000000
v -11.920609 -71.305405 -71.355469 1.000000 1.000000 1.000000
v -10.114777 -70.342606 -42.615234 1.000000 1.000000 1.000000
v -8.356003 -68.276245 -34.782471 1.000000 1.000000 1.000000
v -3.526215 -67.420334 -29.109619 1.000000 1.000000 1.000000
v -13.976395 -71.256363 -51.283447 1.000000 1.000000 1.000000
v -14.200562 -70.371887 -69.299316 1.000000 1.000000 1.000000
v -16.028320 -70.329514 -51.455322 1.000000 1.000000 1.000000
v -12.183197 -71.263367 -42.157715 1.000000 1.000000 1.000000
v -14.436539 -71.267548 -41.779053 1.000000 1.000000 1.000000
v -16.493240 -70.337967 -41.321533 1.000000 1.000000 1.000000
v -8.928741 -70.342636 -34.369385 1.000000 1.000000 1.000000
v -10.779297 -71.261307 -33.319824 1.000000 1.000000 1.000000
v -12.999023 -71.239029 -32.346924 1.000000 1.000000 1.000000
v -14.844803 -70.308273 -31.295898 1.000000 1.000000 1.000000
v -4.569824 -68.276245 -27.624756 1.000000 1.000000 1.000000
v 1.210876 -67.420334 -26.952393 1.000000 1.000000 1.000000
v 1.200668 -68.276245 -24.990234 1.000000 1.000000 1.000000
v -5.037506 -70.342636 -27.025146 1.000000 1.000000 1.000000
v 1.074493 -70.342621 -24.155029 1.000000 1.000000 1.000000
v -6.527435 -71.263992 -25.449951 1.000000 1.000000 1.000000
v 1.051361 -71.267334 -21.892334 1.000000 1.000000 1.000000
v 1.024902 -71.267517 -19.302734 1.000000 1.000000 1.000000
v -8.745682 -71.270691 -23.889160 1.000000 1.000000 1.000000
v -10.230453 -70.342682 -22.312012 1.000000 1.000000 1.000000
v 1.001724 -70.342850 -17.037354 1.000000 1.000000 1.000000
v 80.868713 -50.517040 -45.958252 1.000000 1.000000 1.000000
v 78.584991 -51.112156 -49.390625 1.000000 1.000000 1.000000
v 80.889221 -50.513393 -49.390625 1.000000 1.000000 1.000000
v 78.200989 -51.067646 -43.027832 1.000000 1.000000 1.000000
v 80.856110 47.048615 -37.106445 1.000000 1.000000 1.000000
v 53.432648 47.033470 -45.972900 1.000000 1.000000 1.000000
v 53.376862 47.048615 -37.206543 1.000000 1.000000 1.000000
v 80.929169 47.033482 -45.834473 1.000000 1.000000 1.000000
v -78.681091 -50.440105 -57.093018 1.000000 1.000000 1.000000
v -79.344421 -42.678501 -60.972168 1.000000 1.000000 1.000000
v -78.657440 -50.446880 -60.972168 1.000000 1.000000 1.000000
v -79.486526 -42.700932 -57.093018 1.000000 1.000000 1.000000
v -79.030899 -48.873394 -49.390625 1.000000 1.000000 1.000000
v -77.580505 -56.219822 -49.390625 1.000000 1.000000 1.000000
v -79.046646 -48.884663 -45.959229 1.000000 1.000000 1.000000
v -77.600586 -56.216450 -45.958984 1.000000 1.000000 1.000000
v -72.797546 3.310898 51.404541 1.000000 1.000000 1.000000
v -71.970947 4.457153 51.487793 1.000000 1.000000 1.000000
v -70.445404 4.457134 66.220703 1.000000 1.000000 1.000000
v -71.970947 8.457027 51.487793 1.000000 1.000000 1.000000
v -71.971039 8.147053 50.331055 1.000000 1.000000 1.000000
v -71.971039 4.767128 50.331055 1.000000 1.000000 1.000000
v -72.785095 3.756775 49.747314 1.000000 1.000000 1.000000
v -71.971146 5.481388 49.616699 1.000000 1.000000 1.000000
v -72.785095 4.898075 48.606201 1.000000 1.000000 1.000000
v -71.971146 6.457088 49.355225 1.000000 1.000000 1.000000
v -71.971146 7.432793 49.616699 1.000000 1.000000 1.000000
v -72.785095 8.016109 48.606201 1.000000 1.000000 1.000000
v -72.785095 9.157406 49.747314 1.000000 1.000000 1.000000
v -72.797546 9.603256 51.404785 1.000000 1.000000 1.000000
v -79.525620 27.531796 -45.507812 1.000000 1.000000 1.000000
v -78.901306 22.365257 -45.601807 1.000000 1.000000 1.000000
v -79.525528 22.040548 -45.312500 1.000000 1.000000 1.000000
v -78.901535 27.287241 -45.776855 1.000000 1.000000 1.000000
v -79.530441 27.360672 -44.289062 1.000000 1.000000 1.000000
v -78.905731 22.205013 -44.404053 1.000000 1.000000 1.000000
v -79.529678 21.864643 -44.094238 1.000000 1.000000 1.000000
v -78.906021 27.106644 -44.577881 1.000000 1.000000 1.000000
v 13.058563 -74.406586 -45.958740 1.000000 1.000000 1.000000
v 14.038452 -72.361694 -49.390625 1.000000 1.000000 1.000000
v 14.024780 -72.145523 -43.022705 1.000000 1.000000 1.000000
v 13.060226 -74.410309 -49.390625 1.000000 1.000000 1.000000
v -78.906357 6.275211 -43.526367 1.000000 1.000000 1.000000
v -79.530823 21.509562 -43.775879 1.000000 1.000000 1.000000
v -78.905121 21.267599 -44.068115 1.000000 1.000000 1.000000
v -79.532150 5.944340 -43.213623 1.000000 1.000000 1.000000
v 79.458405 -41.724926 -43.030273 1.000000 1.000000 1.000000
v 81.691162 -32.918987 -45.958252 1.000000 1.000000 1.000000
v 79.455353 -31.676037 -43.030518 1.000000 1.000000 1.000000
v 81.691071 -40.860271 -45.958252 1.000000 1.000000 1.000000
v 79.455353 -31.676037 -43.030518 1.000000 1.000000 1.000000
v 81.691345 -22.849911 -45.958252 1.000000 1.000000 1.000000
v 79.452301 -21.627171 -43.030762 1.000000 1.000000 1.000000
v 81.691223 -30.789371 -45.958252 1.000000 1.000000 1.000000
v 81.692291 37.131294 -45.958252 1.000000 1.000000 1.000000
v 79.452301 -21.627171 -43.030762 1.000000 1.000000 1.000000
v 81.691345 -20.718555 -45.958252 1.000000 1.000000 1.000000
v 79.443207 41.906525 -43.031494 1.000000 1.000000 1.000000
v 77.518066 -56.585247 -57.093018 1.000000 1.000000 1.000000
v 78.853210 -58.358128 -60.971436 1.000000 1.000000 1.000000
v 77.620209 -56.361485 -63.774658 1.000000 1.000000 1.000000
v 78.841858 -58.348408 -57.093018 1.000000 1.000000 1.000000
v -79.336349 -41.578060 -68.684326 1.000000 1.000000 1.000000
v -78.690994 -51.352398 -67.280518 1.000000 1.000000 1.000000
v -79.348846 -41.578030 -67.280029 1.000000 1.000000 1.000000
v -78.492599 -51.310528 -66.785645 1.000000 1.000000 1.000000
v -79.147964 -41.571163 -66.782471 1.000000 1.000000 1.000000
v -78.678864 -51.353359 -68.685303 1.000000 1.000000 1.000000
v -78.471939 -51.312222 -69.180176 1.000000 1.000000 1.000000
v -79.127045 -41.571148 -69.179199 1.000000 1.000000 1.000000
v -53.137115 32.612656 -32.488037 1.000000 1.000000 1.000000
v -78.842987 0.239136 -31.365723 1.000000 1.000000 1.000000
v -53.137939 0.239048 -31.302490 1.000000 1.000000 1.000000
v -78.839508 32.612640 -32.584473 1.000000 1.000000 1.000000
v -79.337967 0.322891 -31.575195 1.000000 1.000000 1.000000
v -79.332870 32.578777 -32.790039 1.000000 1.000000 1.000000
v -53.134262 34.439091 -33.033936 1.000000 1.000000 1.000000
v -78.835556 34.439087 -33.132324 1.000000 1.000000 1.000000
v -78.839508 32.612640 -32.584473 1.000000 1.000000 1.000000
v -79.329300 34.333687 -33.316650 1.000000 1.000000 1.000000
v -79.332870 32.578777 -32.790039 1.000000 1.000000 1.000000
v -78.825195 36.026077 -34.629395 1.000000 1.000000 1.000000
v -79.329300 34.333687 -33.316650 1.000000 1.000000 1.000000
v -79.319366 35.855865 -34.752686 1.000000 1.000000 1.000000
v -53.126434 36.026062 -34.529785 1.000000 1.000000 1.000000
v -78.811218 36.948380 -36.674561 1.000000 1.000000 1.000000
v -79.319366 35.855865 -34.752686 1.000000 1.000000 1.000000
v -79.306915 36.752380 -36.740723 1.000000 1.000000 1.000000
v -53.115753 36.948341 -36.574707 1.000000 1.000000 1.000000
v -78.666031 42.431839 -62.598633 1.000000 1.000000 1.000000
v -78.811218 36.948380 -36.674561 1.000000 1.000000 1.000000
v -79.306915 36.752380 -36.740723 1.000000 1.000000 1.000000
v -79.160889 42.228146 -62.628418 1.000000 1.000000 1.000000
v -53.004944 42.431904 -62.500000 1.000000 1.000000 1.000000
v -78.648438 42.594193 -65.194092 1.000000 1.000000 1.000000
v -78.666031 42.431839 -62.598633 1.000000 1.000000 1.000000
v -79.143616 42.387112 -65.169678 1.000000 1.000000 1.000000
v -79.160889 42.228146 -62.628418 1.000000 1.000000 1.000000
v -52.991455 42.594238 -65.096191 1.000000 1.000000 1.000000
v -79.129349 41.693569 -67.285156 1.000000 1.000000 1.000000
v -79.143616 42.387112 -65.169678 1.000000 1.000000 1.000000
v -78.633606 41.872864 -67.394531 1.000000 1.000000 1.000000
v -52.980057 41.872894 -67.297852 1.000000 1.000000 1.000000
v -78.623779 40.377663 -68.864990 1.000000 1.000000 1.000000
v -52.972427 40.377682 -68.770020 1.000000 1.000000 1.000000
v -79.120026 40.273533 -68.681641 1.000000 1.000000 1.000000
v -79.129349 41.693569 -67.285156 1.000000 1.000000 1.000000
v -78.620544 38.336235 -69.381104 1.000000 1.000000 1.000000
v -52.969803 38.336250 -69.288818 1.000000 1.000000 1.000000
v -78.623779 40.377663 -68.864990 1.000000 1.000000 1.000000
v -79.120026 40.273533 -68.681641 1.000000 1.000000 1.000000
v -79.116913 38.310726 -69.177979 1.000000 1.000000 1.000000
v -52.971085 1.677868 -69.346191 1.000000 1.000000 1.000000
v -78.620544 38.336235 -69.381104 1.000000 1.000000 1.000000
v -78.625732 1.677727 -69.382324 1.000000 1.000000 1.000000
v -79.116913 38.310726 -69.177979 1.000000 1.000000 1.000000
v -79.122406 1.677784 -69.178467 1.000000 1.000000 1.000000
v -78.630310 -41.554501 -69.383789 1.000000 1.000000 1.000000
v -52.972321 -70.415833 -69.398193 1.000000 1.000000 1.000000
v -78.625732 1.677727 -69.382324 1.000000 1.000000 1.000000
v -79.127045 -41.571148 -69.179199 1.000000 1.000000 1.000000
v 81.691223 -30.789371 -45.958252 1.000000 1.000000 1.000000
v 79.576385 -31.676373 -49.390625 1.000000 1.000000 1.000000
v 81.710083 -30.783527 -49.390625 1.000000 1.000000 1.000000
v 79.455353 -31.676037 -43.030518 1.000000 1.000000 1.000000
v 81.710052 -32.927616 -49.390625 1.000000 1.000000 1.000000
v 79.588837 -37.893276 -57.093018 1.000000 1.000000 1.000000
v 79.576385 -31.676373 -49.390625 1.000000 1.000000 1.000000
v 81.752960 -39.176502 -57.093018 1.000000 1.000000 1.000000
v -77.412170 -57.173428 -39.410645 1.000000 1.000000 1.000000
v -79.544327 -47.705135 -37.885254 1.000000 1.000000 1.000000
v -79.533051 -47.703999 -39.409912 1.000000 1.000000 1.000000
v -77.220001 -57.081211 -39.905762 1.000000 1.000000 1.000000
v -79.324738 -47.681034 -39.905029 1.000000 1.000000 1.000000
v -77.420929 -57.177174 -37.886719 1.000000 1.000000 1.000000
v -77.234390 -57.086933 -37.391846 1.000000 1.000000 1.000000
v -79.342896 -47.682796 -37.390625 1.000000 1.000000 1.000000
v -79.339310 -5.293377 -37.389893 1.000000 1.000000 1.000000
v -79.342896 -47.682796 -37.390625 1.000000 1.000000 1.000000
v -79.544357 -5.083305 -37.885254 1.000000 1.000000 1.000000
v -79.522751 -5.669502 -39.409668 1.000000 1.000000 1.000000
v -79.533051 -47.703999 -39.409912 1.000000 1.000000 1.000000
v -79.324738 -47.681034 -39.905029 1.000000 1.000000 1.000000
v -79.317764 -5.457947 -39.901855 1.000000 1.000000 1.000000
v 81.690979 -42.987919 -45.958252 1.000000 1.000000 1.000000
v 78.200989 -51.067646 -43.027832 1.000000 1.000000 1.000000
v 80.868713 -50.517040 -45.958252 1.000000 1.000000 1.000000
v 79.458405 -41.724926 -43.030273 1.000000 1.000000 1.000000
v -17.092041 -74.403076 -49.390625 1.000000 1.000000 1.000000
v -22.188049 -72.361832 -57.093018 1.000000 1.000000 1.000000
v -15.998993 -72.356232 -49.390625 1.000000 1.000000 1.000000
v -23.305908 -74.409637 -57.093018 1.000000 1.000000 1.000000
v -79.331558 1.677807 -68.684082 1.000000 1.000000 1.000000
v -79.348846 -41.578030 -67.280029 1.000000 1.000000 1.000000
v -79.342728 1.731110 -67.279785 1.000000 1.000000 1.000000
v -79.147964 -41.571163 -66.782471 1.000000 1.000000 1.000000
v -79.141449 1.731071 -66.782471 1.000000 1.000000 1.000000
v -79.336349 -41.578060 -68.684326 1.000000 1.000000 1.000000
v -79.127045 -41.571148 -69.179199 1.000000 1.000000 1.000000
v -79.122406 1.677784 -69.178467 1.000000 1.000000 1.000000
v -79.325333 38.249126 -68.683594 1.000000 1.000000 1.000000
v -79.116913 38.310726 -69.177979 1.000000 1.000000 1.000000
v -79.331558 1.677807 -68.684082 1.000000 1.000000 1.000000
v -79.342728 1.731110 -67.279785 1.000000 1.000000 1.000000
v -79.335556 38.526482 -67.279541 1.000000 1.000000 1.000000
v -79.134033 38.464893 -66.782227 1.000000 1.000000 1.000000
v -79.335556 38.526482 -67.279541 1.000000 1.000000 1.000000
v -79.135864 39.581146 -66.500244 1.000000 1.000000 1.000000
v -79.337921 39.832989 -66.949463 1.000000 1.000000 1.000000
v -79.328140 40.022141 -68.235352 1.000000 1.000000 1.000000
v -79.325333 38.249126 -68.683594 1.000000 1.000000 1.000000
v -79.116913 38.310726 -69.177979 1.000000 1.000000 1.000000
v -79.120026 40.273533 -68.681641 1.000000 1.000000 1.000000
v -79.344223 40.847126 -65.948730 1.000000 1.000000 1.000000
v -79.141113 40.413288 -65.678955 1.000000 1.000000 1.000000
v -79.337921 39.832989 -66.949463 1.000000 1.000000 1.000000
v -79.336227 41.260712 -67.017334 1.000000 1.000000 1.000000
v -79.328140 40.022141 -68.235352 1.000000 1.000000 1.000000
v -79.129349 41.693569 -67.285156 1.000000 1.000000 1.000000
v -79.120026 40.273533 -68.681641 1.000000 1.000000 1.000000
v -79.544357 -5.083305 -37.885254 1.000000 1.000000 1.000000
v -79.521225 -0.038509 -33.580566 1.000000 1.000000 1.000000
v -79.522751 -5.669502 -39.409668 1.000000 1.000000 1.000000
v -79.316254 0.163845 -34.081299 1.000000 1.000000 1.000000
v -79.317764 -5.457947 -39.901855 1.000000 1.000000 1.000000
v -79.543030 0.525230 -32.078613 1.000000 1.000000 1.000000
v -79.339310 -5.293377 -37.389893 1.000000 1.000000 1.000000
v -79.337967 0.322891 -31.575195 1.000000 1.000000 1.000000
v -79.485611 -32.633778 -57.093018 1.000000 1.000000 1.000000
v -79.464691 -40.817173 -60.972168 1.000000 1.000000 1.000000
v -79.486420 -40.808064 -57.093018 1.000000 1.000000 1.000000
v -79.463394 -32.620945 -60.972168 1.000000 1.000000 1.000000
v -79.528870 -38.886372 -49.390625 1.000000 1.000000 1.000000
v -79.431305 -46.843395 -49.390625 1.000000 1.000000 1.000000
v -79.548172 -38.897579 -45.959229 1.000000 1.000000 1.000000
v -79.450623 -46.836269 -45.959229 1.000000 1.000000 1.000000
v -65.844925 58.553417 -63.301514 1.000000 1.000000 1.000000
v -76.666656 54.609390 -37.635010 1.000000 1.000000 1.000000
v -65.940201 54.616081 -37.535400 1.000000 1.000000 1.000000
v -76.675812 53.849426 -35.558594 1.000000 1.000000 1.000000
v -76.571472 58.546719 -63.399658 1.000000 1.000000 1.000000
v -65.949310 53.856094 -35.459473 1.000000 1.000000 1.000000
v -65.833389 58.540771 -65.833984 1.000000 1.000000 1.000000
v -76.682617 52.409359 -33.944824 1.000000 1.000000 1.000000
v -76.559891 58.534130 -65.931641 1.000000 1.000000 1.000000
v -65.956024 52.415951 -33.847168 1.000000 1.000000 1.000000
v -65.823563 57.697487 -67.894287 1.000000 1.000000 1.000000
v -76.685196 50.675060 -33.227051 1.000000 1.000000 1.000000
v -76.550156 57.690964 -67.990479 1.000000 1.000000 1.000000
v -65.958511 50.681530 -33.131348 1.000000 1.000000 1.000000
v -65.958511 26.099360 -32.634277 1.000000 1.000000 1.000000
v -76.685196 26.092892 -32.729980 1.000000 1.000000 1.000000
v -65.817078 56.151939 -69.168213 1.000000 1.000000 1.000000
v -76.543716 56.145561 -69.262451 1.000000 1.000000 1.000000
v -65.814789 54.139431 -69.462158 1.000000 1.000000 1.000000
v -76.541626 54.133213 -69.554199 1.000000 1.000000 1.000000
v -65.814789 29.557262 -68.965088 1.000000 1.000000 1.000000
v -76.541626 29.551044 -69.057129 1.000000 1.000000 1.000000
v -79.349121 41.887169 -65.106445 1.000000 1.000000 1.000000
v -79.344223 40.847126 -65.948730 1.000000 1.000000 1.000000
v -79.353653 41.301979 -64.540039 1.000000 1.000000 1.000000
v -79.149094 40.801655 -64.476318 1.000000 1.000000 1.000000
v -79.143616 42.387112 -65.169678 1.000000 1.000000 1.000000
v -79.129349 41.693569 -67.285156 1.000000 1.000000 1.000000
v -79.364136 41.199318 -63.036621 1.000000 1.000000 1.000000
v -79.158371 40.707935 -63.103760 1.000000 1.000000 1.000000
v -79.353653 41.301979 -64.540039 1.000000 1.000000 1.000000
v -79.365662 41.736393 -62.696045 1.000000 1.000000 1.000000
v -79.349121 41.887169 -65.106445 1.000000 1.000000 1.000000
v -79.160889 42.228146 -62.628418 1.000000 1.000000 1.000000
v -79.143616 42.387112 -65.169678 1.000000 1.000000 1.000000
v -79.296494 35.215122 -37.690186 1.000000 1.000000 1.000000
v -79.364136 41.199318 -63.036621 1.000000 1.000000 1.000000
v -79.499786 35.687569 -37.535400 1.000000 1.000000 1.000000
v -79.365662 41.736393 -62.696045 1.000000 1.000000 1.000000
v -79.305496 34.675312 -36.510254 1.000000 1.000000 1.000000
v -79.513672 36.279194 -36.896240 1.000000 1.000000 1.000000
v -79.160889 42.228146 -62.628418 1.000000 1.000000 1.000000
v -79.306915 36.752380 -36.740723 1.000000 1.000000 1.000000
v -79.512375 35.084858 -36.218018 1.000000 1.000000 1.000000
v -79.513672 36.279194 -36.896240 1.000000 1.000000 1.000000
v -79.522461 35.444923 -35.046143 1.000000 1.000000 1.000000
v -79.306915 36.752380 -36.740723 1.000000 1.000000 1.000000
v -79.319366 35.855865 -34.752686 1.000000 1.000000 1.000000
v -79.512375 35.084858 -36.218018 1.000000 1.000000 1.000000
v -79.311584 33.732838 -35.627441 1.000000 1.000000 1.000000
v -79.519577 33.986183 -35.188721 1.000000 1.000000 1.000000
v -79.522461 35.444923 -35.046143 1.000000 1.000000 1.000000
v -79.531372 34.079216 -33.757812 1.000000 1.000000 1.000000
v -79.319366 35.855865 -34.752686 1.000000 1.000000 1.000000
v -79.329300 34.333687 -33.316650 1.000000 1.000000 1.000000
v -79.522720 32.736488 -34.815430 1.000000 1.000000 1.000000
v -79.313995 32.655025 -35.305176 1.000000 1.000000 1.000000
v -79.519577 33.986183 -35.188721 1.000000 1.000000 1.000000
v -79.316254 0.163845 -34.081299 1.000000 1.000000 1.000000
v -79.521225 -0.038509 -33.580566 1.000000 1.000000 1.000000
v -79.531372 34.079216 -33.757812 1.000000 1.000000 1.000000
v -79.543030 0.525230 -32.078613 1.000000 1.000000 1.000000
v -79.534012 32.497002 -33.282715 1.000000 1.000000 1.000000
v -79.332870 32.578777 -32.790039 1.000000 1.000000 1.000000
v -79.329300 34.333687 -33.316650 1.000000 1.000000 1.000000
v -79.332870 32.578777 -32.790039 1.000000 1.000000 1.000000
v -79.337967 0.322891 -31.575195 1.000000 1.000000 1.000000
v -79.484039 -22.566059 -57.093018 1.000000 1.000000 1.000000
v -79.463104 -30.749409 -60.972168 1.000000 1.000000 1.000000
v -79.485336 -30.739872 -57.093018 1.000000 1.000000 1.000000
v -79.461777 -22.553448 -60.972168 1.000000 1.000000 1.000000
v -79.528336 -28.818966 -49.390625 1.000000 1.000000 1.000000
v -79.528778 -36.950153 -49.390625 1.000000 1.000000 1.000000
v -79.547607 -28.829998 -45.959229 1.000000 1.000000 1.000000
v -79.548035 -36.942005 -45.959229 1.000000 1.000000 1.000000
v 70.109924 -65.829666 -43.018066 1.000000 1.000000 1.000000
v 76.802826 -61.312229 -45.958496 1.000000 1.000000 1.000000
v 75.424469 -59.032856 -43.023926 1.000000 1.000000 1.000000
v 72.546234 -66.890121 -45.958496 1.000000 1.000000 1.000000
v -79.505936 21.754473 -49.865723 1.000000 1.000000 1.000000
v -79.467972 29.001644 -57.891113 1.000000 1.000000 1.000000
v -79.474457 7.864185 -57.127441 1.000000 1.000000 1.000000
v -79.503204 27.754904 -50.082520 1.000000 1.000000 1.000000
v -79.528061 6.606094 -43.839355 1.000000 1.000000 1.000000
v -79.526917 21.022718 -44.360107 1.000000 1.000000 1.000000
v -79.514648 23.915361 -48.546387 1.000000 1.000000 1.000000
v -79.517853 22.947392 -47.677002 1.000000 1.000000 1.000000
v -79.523666 27.042877 -46.050293 1.000000 1.000000 1.000000
v -79.523285 22.690159 -45.895508 1.000000 1.000000 1.000000
v -79.512939 26.706268 -48.646973 1.000000 1.000000 1.000000
v -79.515472 27.312973 -47.974121 1.000000 1.000000 1.000000
v -79.528244 -26.881443 -49.390625 1.000000 1.000000 1.000000
v -77.597580 -21.479755 -57.093018 1.000000 1.000000 1.000000
v -77.599533 -27.695827 -49.390625 1.000000 1.000000 1.000000
v -79.483765 -20.672009 -57.093018 1.000000 1.000000 1.000000
v -79.534637 31.836845 -42.229980 1.000000 1.000000 1.000000
v -79.531586 27.627922 -43.992188 1.000000 1.000000 1.000000
v -79.530823 21.509562 -43.775879 1.000000 1.000000 1.000000
v -79.536453 2.373436 -41.252686 1.000000 1.000000 1.000000
v -79.532150 5.944340 -43.213623 1.000000 1.000000 1.000000
v -79.546326 -4.993732 -45.959229 1.000000 1.000000 1.000000
v -79.470596 7.329685 -57.712158 1.000000 1.000000 1.000000
v -79.552856 0.686527 -59.695801 1.000000 1.000000 1.000000
v -79.483765 -20.672009 -57.093018 1.000000 1.000000 1.000000
v -79.461487 -20.681744 -60.972168 1.000000 1.000000 1.000000
v -79.547516 -26.873112 -45.959229 1.000000 1.000000 1.000000
v -79.528244 -26.881443 -49.390625 1.000000 1.000000 1.000000
v -79.539734 35.858383 -60.050537 1.000000 1.000000 1.000000
v -79.463867 29.713989 -58.520996 1.000000 1.000000 1.000000
v -79.508987 28.407978 -49.571289 1.000000 1.000000 1.000000
v -79.526672 27.799051 -45.211182 1.000000 1.000000 1.000000
v -79.514709 27.903454 -48.154785 1.000000 1.000000 1.000000
v -79.510788 26.947031 -49.215820 1.000000 1.000000 1.000000
v -79.512222 22.315155 -49.354492 1.000000 1.000000 1.000000
v -79.525620 27.531796 -45.507812 1.000000 1.000000 1.000000
v -79.512650 23.692406 -49.098145 1.000000 1.000000 1.000000
v -79.516891 22.422525 -47.957764 1.000000 1.000000 1.000000
v -79.526764 21.685455 -44.993896 1.000000 1.000000 1.000000
v -79.525528 22.040548 -45.312500 1.000000 1.000000 1.000000
v -79.527771 27.445414 -44.892578 1.000000 1.000000 1.000000
v -79.527908 21.951691 -44.697266 1.000000 1.000000 1.000000
v -79.530441 27.360672 -44.289062 1.000000 1.000000 1.000000
v -79.529678 21.864643 -44.094238 1.000000 1.000000 1.000000
v -78.882416 28.076735 -49.826172 1.000000 1.000000 1.000000
v -79.467972 29.001644 -57.891113 1.000000 1.000000 1.000000
v -79.503204 27.754904 -50.082520 1.000000 1.000000 1.000000
v -78.842178 29.357821 -58.206055 1.000000 1.000000 1.000000
v 7.849777 -72.364624 -57.093018 1.000000 1.000000 1.000000
v 6.856628 -74.403305 -60.971680 1.000000 1.000000 1.000000
v 7.855591 -72.193085 -63.759033 1.000000 1.000000 1.000000
v 6.850662 -74.407516 -57.093018 1.000000 1.000000 1.000000
v 80.430115 -52.720623 -45.958496 1.000000 1.000000 1.000000
v 75.424469 -59.032856 -43.023926 1.000000 1.000000 1.000000
v 78.069000 -59.422909 -45.958496 1.000000 1.000000 1.000000
v 78.200989 -51.067646 -43.027832 1.000000 1.000000 1.000000
v -7.899292 -67.420319 -43.245850 1.000000 1.000000 1.000000
v -7.371628 -67.420319 -50.740234 1.000000 1.000000 1.000000
v 9.792130 -67.420319 -50.739746 1.000000 1.000000 1.000000
v 7.222687 -67.420319 -75.772461 1.000000 1.000000 1.000000
v -4.802231 -67.420319 -75.772461 1.000000 1.000000 1.000000
v 10.322418 -67.420319 -43.246338 1.000000 1.000000 1.000000
v 9.398880 -67.420334 -35.769287 1.000000 1.000000 1.000000
v -6.976517 -67.420334 -35.768311 1.000000 1.000000 1.000000
v 5.948441 -67.420334 -29.111328 1.000000 1.000000 1.000000
v -3.526215 -67.420334 -29.109619 1.000000 1.000000 1.000000
v 1.210876 -67.420334 -26.952393 1.000000 1.000000 1.000000
v 81.775665 -26.922123 -60.971191 1.000000 1.000000 1.000000
v 79.585358 -27.844318 -57.093018 1.000000 1.000000 1.000000
v 79.582977 -27.866726 -63.775879 1.000000 1.000000 1.000000
v 81.753204 -26.929195 -57.093018 1.000000 1.000000 1.000000
v 81.709900 -42.996716 -49.390625 1.000000 1.000000 1.000000
v 79.269684 -47.732815 -57.093018 1.000000 1.000000 1.000000
v 79.580048 -41.725285 -49.390625 1.000000 1.000000 1.000000
v 81.198029 -49.165043 -57.093018 1.000000 1.000000 1.000000
v -77.338745 32.971680 -38.412354 1.000000 1.000000 1.000000
v -77.206436 40.504368 -63.110352 1.000000 1.000000 1.000000
v -77.203476 38.643238 -63.751221 1.000000 1.000000 1.000000
v -77.197662 40.594395 -64.428467 1.000000 1.000000 1.000000
v -77.190369 40.233566 -65.546143 1.000000 1.000000 1.000000
v -77.345566 35.019474 -37.733643 1.000000 1.000000 1.000000
v -77.185638 39.476822 -66.292725 1.000000 1.000000 1.000000
v -77.184158 38.439354 -66.555176 1.000000 1.000000 1.000000
v -77.218826 1.730545 -63.750000 1.000000 1.000000 1.000000
v -77.353104 34.505722 -36.610596 1.000000 1.000000 1.000000
v -77.358826 33.627934 -35.788574 1.000000 1.000000 1.000000
v -77.361069 32.621319 -35.487549 1.000000 1.000000 1.000000
v -77.348434 0.149643 -37.192871 1.000000 1.000000 1.000000
v -77.368362 0.247704 -34.268311 1.000000 1.000000 1.000000
v -77.371124 -5.351219 -40.085938 1.000000 1.000000 1.000000
v -77.348434 0.149643 -37.192871 1.000000 1.000000 1.000000
v -77.351486 -5.260715 -43.010498 1.000000 1.000000 1.000000
v -77.368362 0.247704 -34.268311 1.000000 1.000000 1.000000
v 79.801544 -56.315533 -60.971436 1.000000 1.000000 1.000000
v 77.518066 -56.585247 -57.093018 1.000000 1.000000 1.000000
v 77.620209 -56.361485 -63.774658 1.000000 1.000000 1.000000
v 79.779083 -56.316692 -57.093018 1.000000 1.000000 1.000000
v -76.541626 29.551044 -69.057129 1.000000 1.000000 1.000000
v -76.685196 26.092892 -32.729980 1.000000 1.000000 1.000000
v -76.666656 54.609390 -37.635010 1.000000 1.000000 1.000000
v -76.571472 58.546719 -63.399658 1.000000 1.000000 1.000000
v -76.541626 54.133213 -69.554199 1.000000 1.000000 1.000000
v -76.559891 58.534130 -65.931641 1.000000 1.000000 1.000000
v -76.550156 57.690964 -67.990479 1.000000 1.000000 1.000000
v -76.543716 56.145561 -69.262451 1.000000 1.000000 1.000000
v -76.685196 26.092892 -32.729980 1.000000 1.000000 1.000000
v -76.685196 50.675060 -33.227051 1.000000 1.000000 1.000000
v -76.666656 54.609390 -37.635010 1.000000 1.000000 1.000000
v -76.675812 53.849426 -35.558594 1.000000 1.000000 1.000000
v -76.682617 52.409359 -33.944824 1.000000 1.000000 1.000000
v -65.705933 -70.005005 -49.390625 1.000000 1.000000 1.000000
v -68.333542 -65.867279 -57.093018 1.000000 1.000000 1.000000
v -63.859894 -68.840912 -49.390625 1.000000 1.000000 1.000000
v -70.536331 -66.747177 -57.093018 1.000000 1.000000 1.000000
v 3.007492 -74.404160 -45.958740 1.000000 1.000000 1.000000
v 4.026016 -72.358429 -49.390625 1.000000 1.000000 1.000000
v 4.009048 -72.148010 -43.023438 1.000000 1.000000 1.000000
v 3.009125 -74.407898 -49.390625 1.000000 1.000000 1.000000
v -76.628693 -50.978664 -57.093018 1.000000 1.000000 1.000000
v -78.657440 -50.446880 -60.972168 1.000000 1.000000 1.000000
v -76.667984 -50.842442 -63.750244 1.000000 1.000000 1.000000
v -78.681091 -50.440105 -57.093018 1.000000 1.000000 1.000000
v -79.450623 -46.836269 -45.959229 1.000000 1.000000 1.000000
v -77.304474 -47.597507 -49.390625 1.000000 1.000000 1.000000
v -77.360733 -47.493816 -43.010498 1.000000 1.000000 1.000000
v -79.431305 -46.843395 -49.390625 1.000000 1.000000 1.000000
v 62.725067 -70.414093 -43.011719 1.000000 1.000000 1.000000
v 70.643311 -68.156052 -45.958496 1.000000 1.000000 1.000000
v 70.109924 -65.829666 -43.018066 1.000000 1.000000 1.000000
v 64.736725 -72.085480 -45.958496 1.000000 1.000000 1.000000
v -79.527908 21.951691 -44.697266 1.000000 1.000000 1.000000
v -79.529678 21.864643 -44.094238 1.000000 1.000000 1.000000
v -78.905731 22.205013 -44.404053 1.000000 1.000000 1.000000
v -27.141968 -74.400665 -49.390625 1.000000 1.000000 1.000000
v -32.200729 -72.363815 -57.093018 1.000000 1.000000 1.000000
v -26.011566 -72.357300 -49.390625 1.000000 1.000000 1.000000
v -33.355911 -74.407562 -57.093018 1.000000 1.000000 1.000000
v -79.526917 21.022718 -44.360107 1.000000 1.000000 1.000000
v -78.887329 22.013954 -49.606934 1.000000 1.000000 1.000000
v -79.505936 21.754473 -49.865723 1.000000 1.000000 1.000000
v -78.905121 21.267599 -44.068115 1.000000 1.000000 1.000000
v 80.887329 -41.532116 -40.062012 1.000000 1.000000 1.000000
v 79.417023 43.902992 -40.078613 1.000000 1.000000 1.000000
v 80.877899 43.906403 -40.062988 1.000000 1.000000 1.000000
v 79.440765 -41.568943 -40.078125 1.000000 1.000000 1.000000
v 81.380829 -41.558743 -39.852051 1.000000 1.000000 1.000000
v 81.371124 44.112583 -39.852783 1.000000 1.000000 1.000000
v 78.320099 -50.481571 -40.074219 1.000000 1.000000 1.000000
v 80.887329 -41.532116 -40.062012 1.000000 1.000000 1.000000
v 79.852875 -51.064236 -40.054199 1.000000 1.000000 1.000000
v 81.380829 -41.558743 -39.852051 1.000000 1.000000 1.000000
v 80.337860 -51.170643 -39.849121 1.000000 1.000000 1.000000
v 81.691345 -20.718555 -45.958252 1.000000 1.000000 1.000000
v 79.573151 -21.627483 -49.390625 1.000000 1.000000 1.000000
v 81.710236 -20.712559 -49.390625 1.000000 1.000000 1.000000
v 79.452301 -21.627171 -43.030762 1.000000 1.000000 1.000000
v -77.600586 -56.216450 -45.958984 1.000000 1.000000 1.000000
v -75.590088 -56.468998 -49.390625 1.000000 1.000000 1.000000
v -75.397781 -56.344128 -43.014648 1.000000 1.000000 1.000000
v -77.580505 -56.219822 -49.390625 1.000000 1.000000 1.000000
v 75.447174 -58.990322 -40.070312 1.000000 1.000000 1.000000
v 79.852875 -51.064236 -40.054199 1.000000 1.000000 1.000000
v 76.831116 -60.063335 -40.053467 1.000000 1.000000 1.000000
v 80.337860 -51.170643 -39.849121 1.000000 1.000000 1.000000
v 77.271606 -60.302998 -39.848389 1.000000 1.000000 1.000000
v 69.881897 -66.041382 -40.066406 1.000000 1.000000 1.000000
v 70.944702 -67.459030 -40.052490 1.000000 1.000000 1.000000
v 77.271606 -60.302998 -39.848389 1.000000 1.000000 1.000000
v 71.270844 -67.842743 -39.847412 1.000000 1.000000 1.000000
v -75.413086 45.486538 -64.863525 1.000000 1.000000 1.000000
v -76.908127 50.313061 -76.789795 1.000000 1.000000 1.000000
v -75.413086 50.313057 -64.863525 1.000000 1.000000 1.000000
v -75.836426 54.052063 -66.337158 1.000000 1.000000 1.000000
v -77.574890 54.052063 -76.581299 1.000000 1.000000 1.000000
v -78.011566 54.052063 -77.513672 1.000000 1.000000 1.000000
v -76.908127 45.486538 -76.789795 1.000000 1.000000 1.000000
v -75.836426 41.747536 -66.337158 1.000000 1.000000 1.000000
v -77.574890 41.747536 -76.581299 1.000000 1.000000 1.000000
v -78.011566 41.747536 -77.513672 1.000000 1.000000 1.000000
v -77.494537 45.486542 -77.983643 1.000000 1.000000 1.000000
v -78.856949 41.747536 -78.013184 1.000000 1.000000 1.000000
v -77.494537 50.313061 -77.983643 1.000000 1.000000 1.000000
v -78.856949 54.052063 -78.013184 1.000000 1.000000 1.000000
v -78.695023 45.486542 -78.692871 1.000000 1.000000 1.000000
v -80.114563 45.486542 -78.605225 1.000000 1.000000 1.000000
v -79.884537 41.747536 -77.945557 1.000000 1.000000 1.000000
v -78.695023 50.313061 -78.692871 1.000000 1.000000 1.000000
v -80.731354 41.747536 -77.359619 1.000000 1.000000 1.000000
v -80.114563 50.313061 -78.605225 1.000000 1.000000 1.000000
v -79.884537 54.052063 -77.945557 1.000000 1.000000 1.000000
v -80.731354 54.052063 -77.359619 1.000000 1.000000 1.000000
v -81.280716 45.486542 -77.791016 1.000000 1.000000 1.000000
v -81.280716 50.313061 -77.791016 1.000000 1.000000 1.000000
v -81.779922 45.486538 -76.489258 1.000000 1.000000 1.000000
v -81.082886 41.747536 -76.442871 1.000000 1.000000 1.000000
v -81.779922 50.313061 -76.489258 1.000000 1.000000 1.000000
v -81.082886 54.052063 -76.442871 1.000000 1.000000 1.000000
v -81.496719 45.486538 -75.189453 1.000000 1.000000 1.000000
v -80.844940 41.747536 -75.440918 1.000000 1.000000 1.000000
v -75.836426 41.747536 -66.337158 1.000000 1.000000 1.000000
v -75.413086 45.486538 -64.863525 1.000000 1.000000 1.000000
v -81.496719 50.313061 -75.189453 1.000000 1.000000 1.000000
v -80.844940 54.052063 -75.440918 1.000000 1.000000 1.000000
v -75.413086 50.313057 -64.863525 1.000000 1.000000 1.000000
v -75.836426 54.052063 -66.337158 1.000000 1.000000 1.000000
v -51.297775 -74.407394 -60.971680 1.000000 1.000000 1.000000
v -52.129089 -72.216171 -57.093018 1.000000 1.000000 1.000000
v -52.091660 -72.026688 -63.775146 1.000000 1.000000 1.000000
v -51.300674 -74.403244 -57.093018 1.000000 1.000000 1.000000
v -2.162842 -72.362244 -57.093018 1.000000 1.000000 1.000000
v -3.195770 -74.404007 -60.971680 1.000000 1.000000 1.000000
v -2.159515 -72.193420 -63.759766 1.000000 1.000000 1.000000
v -3.201782 -74.408234 -57.093018 1.000000 1.000000 1.000000
v -77.604446 -41.577656 -57.093018 1.000000 1.000000 1.000000
v -79.464691 -40.817173 -60.972168 1.000000 1.000000 1.000000
v -77.230087 -41.578037 -63.749023 1.000000 1.000000 1.000000
v -79.486420 -40.808064 -57.093018 1.000000 1.000000 1.000000
v 11.348389 -68.276215 -50.886963 1.000000 1.000000 1.000000
v 9.450623 -70.388702 -75.772705 1.000000 1.000000 1.000000
v 12.007233 -70.342529 -50.830078 1.000000 1.000000 1.000000
v 11.732285 -71.304504 -73.710938 1.000000 1.000000 1.000000
v 8.798065 -68.276215 -75.772461 1.000000 1.000000 1.000000
v 9.792130 -67.420319 -50.739746 1.000000 1.000000 1.000000
v 7.222687 -67.420319 -75.772461 1.000000 1.000000 1.000000
v 10.322418 -67.420319 -43.246338 1.000000 1.000000 1.000000
v 11.890396 -68.276199 -42.800537 1.000000 1.000000 1.000000
v 9.398880 -67.420334 -35.769287 1.000000 1.000000 1.000000
v 14.060013 -71.264984 -50.999268 1.000000 1.000000 1.000000
v 14.341446 -71.305496 -71.355469 1.000000 1.000000 1.000000
v 12.533661 -70.342438 -42.522949 1.000000 1.000000 1.000000
v 10.771072 -68.276184 -34.760498 1.000000 1.000000 1.000000
v 5.948441 -67.420334 -29.111328 1.000000 1.000000 1.000000
v 16.407867 -71.255829 -51.192871 1.000000 1.000000 1.000000
v 16.621521 -70.371887 -69.299316 1.000000 1.000000 1.000000
v 18.459869 -70.328903 -51.363281 1.000000 1.000000 1.000000
v 14.601120 -71.263168 -42.054688 1.000000 1.000000 1.000000
v 16.852936 -71.267471 -41.658936 1.000000 1.000000 1.000000
v 18.908386 -70.337860 -41.190918 1.000000 1.000000 1.000000
v 11.317245 -70.342392 -34.278809 1.000000 1.000000 1.000000
v 13.159744 -71.261047 -33.211670 1.000000 1.000000 1.000000
v 15.369019 -71.238953 -32.207275 1.000000 1.000000 1.000000
v 17.206573 -70.308151 -31.138428 1.000000 1.000000 1.000000
v 6.975266 -68.276199 -27.609619 1.000000 1.000000 1.000000
v 1.210876 -67.420334 -26.952393 1.000000 1.000000 1.000000
v 1.200668 -68.276245 -24.990234 1.000000 1.000000 1.000000
v 7.372650 -70.342407 -26.956787 1.000000 1.000000 1.000000
v 1.074493 -70.342621 -24.155029 1.000000 1.000000 1.000000
v 8.845749 -71.263702 -25.358643 1.000000 1.000000 1.000000
v 1.051361 -71.267334 -21.892334 1.000000 1.000000 1.000000
v 1.024902 -71.267517 -19.302734 1.000000 1.000000 1.000000
v 11.037811 -71.270187 -23.755371 1.000000 1.000000 1.000000
v 12.505707 -70.342117 -22.155273 1.000000 1.000000 1.000000
v 1.001724 -70.342850 -17.037354 1.000000 1.000000 1.000000
v -73.688904 -59.191875 -57.093018 1.000000 1.000000 1.000000
v -75.925598 -59.294994 -60.971924 1.000000 1.000000 1.000000
v -73.739487 -59.269695 -63.753906 1.000000 1.000000 1.000000
v -75.947479 -59.294682 -57.093018 1.000000 1.000000 1.000000
v 69.881897 -66.041382 -40.066406 1.000000 1.000000 1.000000
v 62.725067 -70.414093 -43.011719 1.000000 1.000000 1.000000
v 62.280457 -70.734940 -40.057617 1.000000 1.000000 1.000000
v 53.970703 -72.093292 -43.008301 1.000000 1.000000 1.000000
v 53.378204 -72.206238 -40.055664 1.000000 1.000000 1.000000
v 44.071960 -72.138062 -43.020752 1.000000 1.000000 1.000000
v 34.056183 -72.140549 -43.021240 1.000000 1.000000 1.000000
v 24.040497 -72.143036 -43.021973 1.000000 1.000000 1.000000
v 14.024780 -72.145523 -43.022705 1.000000 1.000000 1.000000
v 4.009048 -72.148010 -43.023438 1.000000 1.000000 1.000000
v -46.069534 -72.183380 -40.109131 1.000000 1.000000 1.000000
v -6.006683 -72.150497 -43.024170 1.000000 1.000000 1.000000
v -16.022400 -72.152985 -43.024902 1.000000 1.000000 1.000000
v -26.038086 -72.155472 -43.025391 1.000000 1.000000 1.000000
v -36.053864 -72.157959 -43.026123 1.000000 1.000000 1.000000
v -46.069534 -72.160446 -43.026855 1.000000 1.000000 1.000000
v -55.230621 -70.581329 -40.107666 1.000000 1.000000 1.000000
v -55.228821 -70.578720 -43.031006 1.000000 1.000000 1.000000
v -63.153275 -67.993118 -43.028809 1.000000 1.000000 1.000000
v -63.155945 -67.997711 -40.106201 1.000000 1.000000 1.000000
v -69.981400 -62.963924 -43.021240 1.000000 1.000000 1.000000
v -69.990509 -62.972660 -40.097900 1.000000 1.000000 1.000000
v -75.397781 -56.344128 -43.014648 1.000000 1.000000 1.000000
v -75.414429 -56.350872 -40.090332 1.000000 1.000000 1.000000
v -77.360733 -47.493816 -43.010498 1.000000 1.000000 1.000000
v -77.381760 -47.495892 -40.086182 1.000000 1.000000 1.000000
v -77.358398 -37.744892 -43.010498 1.000000 1.000000 1.000000
v -77.356064 -27.696041 -43.010498 1.000000 1.000000 1.000000
v -77.371124 -5.351219 -40.085938 1.000000 1.000000 1.000000
v -77.351486 -5.260715 -43.010498 1.000000 1.000000 1.000000
v -60.707489 -72.568558 -60.971680 1.000000 1.000000 1.000000
v -61.008179 -70.502045 -57.093018 1.000000 1.000000 1.000000
v -60.883438 -70.333267 -63.770264 1.000000 1.000000 1.000000
v -60.708725 -72.569580 -57.093018 1.000000 1.000000 1.000000
v 81.691345 -22.849911 -45.958252 1.000000 1.000000 1.000000
v 79.573151 -21.627483 -49.390625 1.000000 1.000000 1.000000
v 79.452301 -21.627171 -43.030762 1.000000 1.000000 1.000000
v 81.710236 -22.858387 -49.390625 1.000000 1.000000 1.000000
v 62.280457 -70.734940 -40.057617 1.000000 1.000000 1.000000
v 70.944702 -67.459030 -40.052490 1.000000 1.000000 1.000000
v 62.735657 -72.064423 -40.052490 1.000000 1.000000 1.000000
v 62.902466 -72.537827 -39.847168 1.000000 1.000000 1.000000
v 71.270844 -67.842743 -39.847412 1.000000 1.000000 1.000000
v 53.378204 -72.206238 -40.055664 1.000000 1.000000 1.000000
v 62.735657 -72.064423 -40.052490 1.000000 1.000000 1.000000
v 62.902466 -72.537827 -39.847168 1.000000 1.000000 1.000000
v 53.361420 -74.147842 -39.848877 1.000000 1.000000 1.000000
v 53.320129 -73.653000 -40.053955 1.000000 1.000000 1.000000
v -46.009186 -73.629944 -40.109863 1.000000 1.000000 1.000000
v 53.361420 -74.147842 -39.848877 1.000000 1.000000 1.000000
v -46.051865 -74.124924 -39.905518 1.000000 1.000000 1.000000
v -46.069534 -72.183380 -40.109131 1.000000 1.000000 1.000000
v -37.191498 -74.398270 -49.390625 1.000000 1.000000 1.000000
v -42.213547 -72.367249 -57.093018 1.000000 1.000000 1.000000
v -36.024200 -72.359848 -49.390625 1.000000 1.000000 1.000000
v -43.405258 -74.405136 -57.093018 1.000000 1.000000 1.000000
v -7.043182 -74.401749 -45.958740 1.000000 1.000000 1.000000
v -5.986511 -72.356583 -49.390625 1.000000 1.000000 1.000000
v -6.006683 -72.150497 -43.024170 1.000000 1.000000 1.000000
v -7.041656 -74.405487 -49.390625 1.000000 1.000000 1.000000
v -79.548035 -36.942005 -45.959229 1.000000 1.000000 1.000000
v -77.603058 -37.744717 -49.390625 1.000000 1.000000 1.000000
v -77.358398 -37.744892 -43.010498 1.000000 1.000000 1.000000
v -79.528778 -36.950153 -49.390625 1.000000 1.000000 1.000000
v -45.196350 -74.392563 -45.958740 1.000000 1.000000 1.000000
v -46.036926 -72.363831 -49.390625 1.000000 1.000000 1.000000
v -45.193680 -74.396332 -49.390625 1.000000 1.000000 1.000000
v -46.069534 -72.160446 -43.026855 1.000000 1.000000 1.000000
v -55.579147 -71.969849 -40.110107 1.000000 1.000000 1.000000
v -55.230621 -70.581329 -40.107666 1.000000 1.000000 1.000000
v -63.155945 -67.997711 -40.106201 1.000000 1.000000 1.000000
v -46.009186 -73.629944 -40.109863 1.000000 1.000000 1.000000
v -55.698288 -72.451675 -39.906494 1.000000 1.000000 1.000000
v -46.051865 -74.124924 -39.905518 1.000000 1.000000 1.000000
v -63.976273 -69.255432 -40.112549 1.000000 1.000000 1.000000
v -55.698288 -72.451675 -39.906494 1.000000 1.000000 1.000000
v -64.206863 -69.701385 -39.907715 1.000000 1.000000 1.000000
v -69.990509 -62.972660 -40.097900 1.000000 1.000000 1.000000
v -63.976273 -69.255432 -40.112549 1.000000 1.000000 1.000000
v -71.026962 -63.988567 -40.111816 1.000000 1.000000 1.000000
v -71.373871 -64.348038 -39.906982 1.000000 1.000000 1.000000
v -64.206863 -69.701385 -39.907715 1.000000 1.000000 1.000000
v -75.414429 -56.350872 -40.090332 1.000000 1.000000 1.000000
v -71.026962 -63.988567 -40.111816 1.000000 1.000000 1.000000
v -76.761093 -56.860325 -40.110840 1.000000 1.000000 1.000000
v -71.373871 -64.348038 -39.906982 1.000000 1.000000 1.000000
v -77.220001 -57.081211 -39.905762 1.000000 1.000000 1.000000
v -78.828369 -47.626217 -40.110107 1.000000 1.000000 1.000000
v -77.381760 -47.495892 -40.086182 1.000000 1.000000 1.000000
v -76.761093 -56.860325 -40.110840 1.000000 1.000000 1.000000
v -79.324738 -47.681034 -39.905029 1.000000 1.000000 1.000000
v -77.220001 -57.081211 -39.905762 1.000000 1.000000 1.000000
v -78.822830 -5.367317 -40.100342 1.000000 1.000000 1.000000
v -77.371124 -5.351219 -40.085938 1.000000 1.000000 1.000000
v -78.828369 -47.626217 -40.110107 1.000000 1.000000 1.000000
v -79.317764 -5.457947 -39.901855 1.000000 1.000000 1.000000
v -79.324738 -47.681034 -39.905029 1.000000 1.000000 1.000000
v -57.004562 -73.306625 -49.390625 1.000000 1.000000 1.000000
v -61.008179 -70.502045 -57.093018 1.000000 1.000000 1.000000
v -55.512009 -71.526794 -49.390625 1.000000 1.000000 1.000000
v -62.763275 -71.943802 -57.093018 1.000000 1.000000 1.000000
v -54.898178 -73.725998 -45.958740 1.000000 1.000000 1.000000
v -55.512009 -71.526794 -49.390625 1.000000 1.000000 1.000000
v -54.896652 -73.727219 -49.390625 1.000000 1.000000 1.000000
v -55.228821 -70.578720 -43.031006 1.000000 1.000000 1.000000
v -77.227844 -31.529041 -63.749268 1.000000 1.000000 1.000000
v -77.225601 -21.480083 -63.749268 1.000000 1.000000 1.000000
v -77.208099 -41.578030 -66.552979 1.000000 1.000000 1.000000
v -77.230087 -41.578037 -63.749023 1.000000 1.000000 1.000000
v -76.667984 -50.842442 -63.750244 1.000000 1.000000 1.000000
v -77.196899 1.835232 -66.553955 1.000000 1.000000 1.000000
v -76.645386 -50.842739 -66.554688 1.000000 1.000000 1.000000
v -73.739487 -59.269695 -63.753906 1.000000 1.000000 1.000000
v -73.717316 -59.269894 -66.558838 1.000000 1.000000 1.000000
v -68.239700 -65.668228 -63.761230 1.000000 1.000000 1.000000
v -68.219574 -65.668015 -66.566895 1.000000 1.000000 1.000000
v -60.883438 -70.333267 -63.770264 1.000000 1.000000 1.000000
v -60.864990 -70.333893 -66.576416 1.000000 1.000000 1.000000
v -52.091660 -72.026688 -63.775146 1.000000 1.000000 1.000000
v -52.070908 -72.028687 -66.580566 1.000000 1.000000 1.000000
v -42.219696 -72.194824 -63.762695 1.000000 1.000000 1.000000
v -32.204636 -72.194473 -63.761963 1.000000 1.000000 1.000000
v -22.189575 -72.194122 -63.761230 1.000000 1.000000 1.000000
v -12.174515 -72.193771 -63.760742 1.000000 1.000000 1.000000
v -2.159515 -72.193420 -63.759766 1.000000 1.000000 1.000000
v 7.855591 -72.193085 -63.759033 1.000000 1.000000 1.000000
v 17.870605 -72.192719 -63.758301 1.000000 1.000000 1.000000
v 27.885681 -72.192383 -63.757812 1.000000 1.000000 1.000000
v 37.900726 -72.192032 -63.757080 1.000000 1.000000 1.000000
v 47.915741 -72.191696 -63.756348 1.000000 1.000000 1.000000
v -41.351990 -74.406693 -60.971680 1.000000 1.000000 1.000000
v -42.213547 -72.367249 -57.093018 1.000000 1.000000 1.000000
v -42.219696 -72.194824 -63.762695 1.000000 1.000000 1.000000
v -41.353714 -74.405624 -57.093018 1.000000 1.000000 1.000000
v -71.247116 44.699749 66.407959 1.000000 1.000000 1.000000
v -71.970947 43.553383 51.487793 1.000000 1.000000 1.000000
v -70.445404 43.553371 66.220703 1.000000 1.000000 1.000000
v -71.970947 39.553513 51.487793 1.000000 1.000000 1.000000
v -70.445404 39.553490 66.220703 1.000000 1.000000 1.000000
v -72.797546 44.699612 51.404785 1.000000 1.000000 1.000000
v -71.971039 43.243408 50.331055 1.000000 1.000000 1.000000
v -72.909180 44.929352 66.798584 1.000000 1.000000 1.000000
v -72.785095 44.253765 49.747314 1.000000 1.000000 1.000000
v -71.971146 42.529148 49.616699 1.000000 1.000000 1.000000
v -72.785095 43.112465 48.606201 1.000000 1.000000 1.000000
v -71.971146 41.553444 49.355225 1.000000 1.000000 1.000000
v -71.971039 39.863487 50.331055 1.000000 1.000000 1.000000
v -71.971146 40.577747 49.616699 1.000000 1.000000 1.000000
v 79.585358 -27.844318 -57.093018 1.000000 1.000000 1.000000
v 81.775574 -29.117168 -60.971191 1.000000 1.000000 1.000000
v 79.582977 -27.866726 -63.775879 1.000000 1.000000 1.000000
v 81.753143 -29.106953 -57.093018 1.000000 1.000000 1.000000
v -12.175430 -72.361313 -57.093018 1.000000 1.000000 1.000000
v -13.247925 -74.404724 -60.971680 1.000000 1.000000 1.000000
v -12.174515 -72.193771 -63.760742 1.000000 1.000000 1.000000
v -13.253983 -74.408920 -57.093018 1.000000 1.000000 1.000000
v -47.240463 -74.395844 -49.390625 1.000000 1.000000 1.000000
v -52.129089 -72.216171 -57.093018 1.000000 1.000000 1.000000
v -46.036926 -72.363831 -49.390625 1.000000 1.000000 1.000000
v -53.414551 -74.016022 -57.093018 1.000000 1.000000 1.000000
v -77.600769 -31.528690 -57.093018 1.000000 1.000000 1.000000
v -79.463104 -30.749409 -60.972168 1.000000 1.000000 1.000000
v -77.227844 -31.529041 -63.749268 1.000000 1.000000 1.000000
v -79.485336 -30.739872 -57.093018 1.000000 1.000000 1.000000
v -79.470596 7.329685 -57.712158 1.000000 1.000000 1.000000
v -78.906357 6.275211 -43.526367 1.000000 1.000000 1.000000
v -78.848755 7.596939 -57.419678 1.000000 1.000000 1.000000
v -79.532150 5.944340 -43.213623 1.000000 1.000000 1.000000
v -75.345764 46.910721 -69.299072 1.000000 1.000000 1.000000
v -74.501526 58.814575 51.306396 1.000000 1.000000 1.000000
v -74.560272 46.910709 -29.768311 1.000000 1.000000 1.000000
v -75.345764 24.000587 -69.299072 1.000000 1.000000 1.000000
v -74.560272 46.910686 51.306396 1.000000 1.000000 1.000000
v -74.560272 46.168880 48.530029 1.000000 1.000000 1.000000
v -74.560272 44.258972 46.620361 1.000000 1.000000 1.000000
v -74.560272 41.553440 45.895264 1.000000 1.000000 1.000000
v -74.560272 38.847927 46.620361 1.000000 1.000000 1.000000
v -74.560272 9.162617 46.620361 1.000000 1.000000 1.000000
v -74.560272 11.072525 48.530029 1.000000 1.000000 1.000000
v -74.560272 36.938011 48.530029 1.000000 1.000000 1.000000
v -74.560272 6.457085 45.895264 1.000000 1.000000 1.000000
v -74.560272 36.196198 51.306396 1.000000 1.000000 1.000000
v -74.560272 11.814331 51.306396 1.000000 1.000000 1.000000
v -72.909180 11.811012 66.798584 1.000000 1.000000 1.000000
v -72.909180 36.199512 66.798584 1.000000 1.000000 1.000000
v -70.779861 36.201851 72.468506 1.000000 1.000000 1.000000
v -70.779861 11.808674 72.468506 1.000000 1.000000 1.000000
v -66.155869 36.107773 76.619141 1.000000 1.000000 1.000000
v -66.155869 11.807121 76.619141 1.000000 1.000000 1.000000
v -60.276184 11.806240 78.138428 1.000000 1.000000 1.000000
v -60.276184 36.195427 78.138428 1.000000 1.000000 1.000000
v -14.147385 36.204613 78.138428 1.000000 1.000000 1.000000
v -14.136703 11.805954 78.138428 1.000000 1.000000 1.000000
v 1.210205 30.330645 78.138428 1.000000 1.000000 1.000000
v -11.664978 11.130707 78.138428 1.000000 1.000000 1.000000
v -11.672318 36.854828 78.138428 1.000000 1.000000 1.000000
v -9.688095 9.153770 78.138428 1.000000 1.000000 1.000000
v -9.688095 38.839073 78.138428 1.000000 1.000000 1.000000
v -8.963120 41.544586 78.138428 1.000000 1.000000 1.000000
v -8.963120 6.448231 78.138428 1.000000 1.000000 1.000000
v -9.688095 44.250126 78.138428 1.000000 1.000000 1.000000
v -8.963120 -28.875790 78.138428 1.000000 1.000000 1.000000
v -11.664978 46.227062 78.138428 1.000000 1.000000 1.000000
v 1.210251 -54.798840 78.138428 1.000000 1.000000 1.000000
v -9.688095 -26.170246 78.138428 1.000000 1.000000 1.000000
v -9.688095 3.742718 78.138428 1.000000 1.000000 1.000000
v -11.664978 -24.193317 78.138428 1.000000 1.000000 1.000000
v -11.672318 1.758472 78.138428 1.000000 1.000000 1.000000
v -14.136703 -23.518070 78.138428 1.000000 1.000000 1.000000
v -14.148346 1.107994 78.138428 1.000000 1.000000 1.000000
v -60.276184 -23.517780 78.138428 1.000000 1.000000 1.000000
v -60.276184 1.098793 78.138428 1.000000 1.000000 1.000000
v -66.155869 1.097881 76.619141 1.000000 1.000000 1.000000
v -66.155869 -23.516903 76.619141 1.000000 1.000000 1.000000
v -70.779861 1.096279 72.468506 1.000000 1.000000 1.000000
v -70.779861 -23.515347 72.468506 1.000000 1.000000 1.000000
v -72.909180 1.093857 66.798584 1.000000 1.000000 1.000000
v -72.909180 -23.513012 66.798584 1.000000 1.000000 1.000000
v -74.560272 1.090420 51.306396 1.000000 1.000000 1.000000
v -74.560272 -23.509693 51.306396 1.000000 1.000000 1.000000
v -74.560272 -24.251499 48.530029 1.000000 1.000000 1.000000
v -74.560272 1.848610 48.523193 1.000000 1.000000 1.000000
v -74.560272 3.751572 46.620361 1.000000 1.000000 1.000000
v -74.560272 -26.161404 46.620361 1.000000 1.000000 1.000000
v -74.560272 -34.233585 -29.768555 1.000000 1.000000 1.000000
v -74.560272 -28.866940 45.895264 1.000000 1.000000 1.000000
v -74.560272 -31.572445 46.620361 1.000000 1.000000 1.000000
v -74.560272 -33.475407 48.523193 1.000000 1.000000 1.000000
v -74.560272 -34.233608 51.306396 1.000000 1.000000 1.000000
v -75.345764 -34.233562 -69.299316 1.000000 1.000000 1.000000
v -74.501526 -46.355709 51.306396 1.000000 1.000000 1.000000
v -75.177582 -46.355686 -29.768555 1.000000 1.000000 1.000000
v -75.345764 -46.790897 -69.299316 1.000000 1.000000 1.000000
v -72.909180 -34.230167 66.798584 1.000000 1.000000 1.000000
v -74.088486 -56.334522 -29.768555 1.000000 1.000000 1.000000
v -73.616272 -55.877880 -69.299316 1.000000 1.000000 1.000000
v -73.295746 -55.893406 51.306396 1.000000 1.000000 1.000000
v -68.924622 -63.572742 -29.768555 1.000000 1.000000 1.000000
v -68.511490 -63.475101 -69.299072 1.000000 1.000000 1.000000
v -68.251434 -62.833355 51.306396 1.000000 1.000000 1.000000
v -61.787903 -68.863358 -29.768555 1.000000 1.000000 1.000000
v -60.923111 -68.590927 -69.299316 1.000000 1.000000 1.000000
v -61.361374 -67.940094 51.306396 1.000000 1.000000 1.000000
v -51.838699 -70.073563 -29.768555 1.000000 1.000000 1.000000
v -51.838699 -70.330963 -69.299316 1.000000 1.000000 1.000000
v -14.200562 -70.371887 -69.299316 1.000000 1.000000 1.000000
v -16.028320 -70.329514 -51.455322 1.000000 1.000000 1.000000
v -16.493240 -70.337967 -41.321533 1.000000 1.000000 1.000000
v -14.844803 -70.308273 -31.295898 1.000000 1.000000 1.000000
v -10.230453 -70.342682 -22.312012 1.000000 1.000000 1.000000
v -51.838699 -69.206680 51.306396 1.000000 1.000000 1.000000
v 1.001724 -70.342850 -17.037354 1.000000 1.000000 1.000000
v 1.210251 -69.206680 51.306396 1.000000 1.000000 1.000000
v 1.210251 -67.509811 66.800049 1.000000 1.000000 1.000000
v -60.439026 -66.069168 66.801270 1.000000 1.000000 1.000000
v -51.838699 -67.509811 66.800049 1.000000 1.000000 1.000000
v -51.838699 -65.341522 72.469238 1.000000 1.000000 1.000000
v 1.210251 -65.341522 72.469238 1.000000 1.000000 1.000000
v 1.210251 -60.688984 76.619385 1.000000 1.000000 1.000000
v -66.760269 -61.305935 66.801270 1.000000 1.000000 1.000000
v -59.484390 -63.953121 72.469727 1.000000 1.000000 1.000000
v -51.838699 -60.688992 76.619385 1.000000 1.000000 1.000000
v -71.496399 -54.963139 66.800293 1.000000 1.000000 1.000000
v -57.568604 -59.578274 76.619629 1.000000 1.000000 1.000000
v -65.136200 -59.668598 72.469727 1.000000 1.000000 1.000000
v -72.909119 -46.355717 66.798584 1.000000 1.000000 1.000000
v -69.406326 -54.005299 72.469482 1.000000 1.000000 1.000000
v -70.779861 -46.355717 72.468506 1.000000 1.000000 1.000000
v -70.779861 -34.227749 72.468506 1.000000 1.000000 1.000000
v -65.050232 -52.087055 76.619385 1.000000 1.000000 1.000000
v -66.155869 -46.355717 76.619141 1.000000 1.000000 1.000000
v -66.155869 -34.226139 76.619141 1.000000 1.000000 1.000000
v -61.819992 -56.342731 76.619629 1.000000 1.000000 1.000000
v -59.597504 -49.722599 78.138428 1.000000 1.000000 1.000000
v -60.276184 -46.355717 78.138428 1.000000 1.000000 1.000000
v -60.276184 -34.225224 78.138428 1.000000 1.000000 1.000000
v -55.205063 -54.118725 78.138428 1.000000 1.000000 1.000000
v -57.701309 -52.220516 78.138428 1.000000 1.000000 1.000000
v -51.838699 -54.798840 78.138428 1.000000 1.000000 1.000000
v -14.148346 -34.216030 78.138428 1.000000 1.000000 1.000000
v -11.672318 -33.565556 78.138428 1.000000 1.000000 1.000000
v -9.688095 -31.581303 78.138428 1.000000 1.000000 1.000000
v 78.069000 -59.422909 -45.958496 1.000000 1.000000 1.000000
v 75.609283 -59.304005 -49.390625 1.000000 1.000000 1.000000
v 78.087402 -59.424740 -49.390625 1.000000 1.000000 1.000000
v 75.424469 -59.032856 -43.023926 1.000000 1.000000 1.000000
v 53.432648 47.033470 -45.972900 1.000000 1.000000 1.000000
v 81.002228 54.016693 -60.975098 1.000000 1.000000 1.000000
v 53.488434 54.016693 -61.111084 1.000000 1.000000 1.000000
v 53.432648 47.033470 -45.972900 1.000000 1.000000 1.000000
v 80.929169 47.033482 -45.834473 1.000000 1.000000 1.000000
v 81.002228 54.016693 -60.975098 1.000000 1.000000 1.000000
v -78.821335 0.247673 -34.284180 1.000000 1.000000 1.000000
v -77.371124 -5.351219 -40.085938 1.000000 1.000000 1.000000
v -78.822830 -5.367317 -40.100342 1.000000 1.000000 1.000000
v -77.368362 0.247704 -34.268311 1.000000 1.000000 1.000000
v -79.317764 -5.457947 -39.901855 1.000000 1.000000 1.000000
v -79.316254 0.163845 -34.081299 1.000000 1.000000 1.000000
v 81.691162 -32.918987 -45.958252 1.000000 1.000000 1.000000
v 79.576385 -31.676373 -49.390625 1.000000 1.000000 1.000000
v 79.455353 -31.676037 -43.030518 1.000000 1.000000 1.000000
v 81.710052 -32.927616 -49.390625 1.000000 1.000000 1.000000
v 62.725067 -70.414093 -43.011719 1.000000 1.000000 1.000000
v 55.299744 -74.080154 -45.958740 1.000000 1.000000 1.000000
v 62.568176 -72.649887 -45.958496 1.000000 1.000000 1.000000
v 53.970703 -72.093292 -43.008301 1.000000 1.000000 1.000000
v 80.430115 -52.720623 -45.958496 1.000000 1.000000 1.000000
v 78.584991 -51.112156 -49.390625 1.000000 1.000000 1.000000
v 78.200989 -51.067646 -43.027832 1.000000 1.000000 1.000000
v 80.447571 -52.732449 -49.390625 1.000000 1.000000 1.000000
v -17.093475 -74.399338 -45.958740 1.000000 1.000000 1.000000
v -15.998993 -72.356232 -49.390625 1.000000 1.000000 1.000000
v -16.022400 -72.152985 -43.024902 1.000000 1.000000 1.000000
v -17.092041 -74.403076 -49.390625 1.000000 1.000000 1.000000
v 79.269684 -47.732815 -57.093018 1.000000 1.000000 1.000000
v 81.216431 -49.175365 -60.971191 1.000000 1.000000 1.000000
v 79.285980 -47.720486 -63.777344 1.000000 1.000000 1.000000
v 81.198029 -49.165043 -57.093018 1.000000 1.000000 1.000000
v -35.144058 -74.395004 -45.958740 1.000000 1.000000 1.000000
v -36.024200 -72.359848 -49.390625 1.000000 1.000000 1.000000
v -35.141281 -74.398758 -49.390625 1.000000 1.000000 1.000000
v -36.053864 -72.157959 -43.026123 1.000000 1.000000 1.000000
v -79.547516 -26.873112 -45.959229 1.000000 1.000000 1.000000
v -77.599533 -27.695827 -49.390625 1.000000 1.000000 1.000000
v -77.356064 -27.696041 -43.010498 1.000000 1.000000 1.000000
v -79.528244 -26.881443 -49.390625 1.000000 1.000000 1.000000
v -72.782379 -64.122375 -45.958984 1.000000 1.000000 1.000000
v -70.731979 -63.678799 -49.390625 1.000000 1.000000 1.000000
v -69.981400 -62.963924 -43.021240 1.000000 1.000000 1.000000
v -72.767654 -64.120758 -49.390625 1.000000 1.000000 1.000000
v -68.734085 -67.940353 -60.971924 1.000000 1.000000 1.000000
v -68.333542 -65.867279 -57.093018 1.000000 1.000000 1.000000
v -68.239700 -65.668228 -63.761230 1.000000 1.000000 1.000000
v -68.737900 -67.952972 -57.093018 1.000000 1.000000 1.000000
v -68.333542 -65.867279 -57.093018 1.000000 1.000000 1.000000
v -70.524170 -66.744614 -60.971924 1.000000 1.000000 1.000000
v -68.239700 -65.668228 -63.761230 1.000000 1.000000 1.000000
v -70.536331 -66.747177 -57.093018 1.000000 1.000000 1.000000
v 79.588837 -37.893276 -57.093018 1.000000 1.000000 1.000000
v 81.775177 -39.186779 -60.971191 1.000000 1.000000 1.000000
v 79.586792 -37.918262 -63.776855 1.000000 1.000000 1.000000
v 81.752960 -39.176502 -57.093018 1.000000 1.000000 1.000000
v -31.300934 -74.405991 -60.971680 1.000000 1.000000 1.000000
v -32.200729 -72.363815 -57.093018 1.000000 1.000000 1.000000
v -32.204636 -72.194473 -63.761963 1.000000 1.000000 1.000000
v -31.301315 -74.408035 -57.093018 1.000000 1.000000 1.000000
v -22.188049 -72.361832 -57.093018 1.000000 1.000000 1.000000
v -23.299744 -74.405426 -60.971680 1.000000 1.000000 1.000000
v -22.189575 -72.194122 -63.761230 1.000000 1.000000 1.000000
v -23.305908 -74.409637 -57.093018 1.000000 1.000000 1.000000
v -77.338745 32.971680 -38.412354 1.000000 1.000000 1.000000
v -79.536453 2.373436 -41.252686 1.000000 1.000000 1.000000
v -77.348434 0.149643 -37.192871 1.000000 1.000000 1.000000
v -79.534637 31.836845 -42.229980 1.000000 1.000000 1.000000
v 1.210205 83.700729 -71.355225 1.000000 1.000000 1.000000
v 54.259186 82.778137 -69.299072 1.000000 1.000000 1.000000
v 54.347931 83.700729 -71.355225 1.000000 1.000000 1.000000
v 1.210205 82.778130 -69.299072 1.000000 1.000000 1.000000
v -51.838745 82.778122 -69.299072 1.000000 1.000000 1.000000
v 63.339996 81.039078 -69.299316 1.000000 1.000000 1.000000
v -51.927475 83.700729 -71.354980 1.000000 1.000000 1.000000
v -60.923111 81.038078 -69.299316 1.000000 1.000000 1.000000
v 1.210205 83.719765 -73.710449 1.000000 1.000000 1.000000
v 63.691406 81.884628 -71.363770 1.000000 1.000000 1.000000
v 70.930664 75.920593 -69.299072 1.000000 1.000000 1.000000
v 63.616180 81.874519 -73.718750 1.000000 1.000000 1.000000
v 71.556641 76.576721 -73.723145 1.000000 1.000000 1.000000
v 54.348450 83.719772 -73.710449 1.000000 1.000000 1.000000
v 63.261108 81.010971 -75.772461 1.000000 1.000000 1.000000
v 54.259186 82.801567 -75.772461 1.000000 1.000000 1.000000
v 70.892609 75.911812 -75.772461 1.000000 1.000000 1.000000
v 1.210205 82.801559 -75.772461 1.000000 1.000000 1.000000
v -51.838745 82.801559 -75.772461 1.000000 1.000000 1.000000
v -51.928009 83.719749 -73.710205 1.000000 1.000000 1.000000
v -60.840622 81.010986 -75.772461 1.000000 1.000000 1.000000
v -61.195618 81.874802 -73.718994 1.000000 1.000000 1.000000
v -69.136490 76.577087 -73.723389 1.000000 1.000000 1.000000
v -61.274536 81.883377 -71.364014 1.000000 1.000000 1.000000
v -68.472061 75.911804 -75.772461 1.000000 1.000000 1.000000
v -69.155228 76.564117 -71.368164 1.000000 1.000000 1.000000
v -68.511490 75.922241 -69.299072 1.000000 1.000000 1.000000
v -73.616272 68.325043 -69.299316 1.000000 1.000000 1.000000
v -74.435440 68.636902 -73.719482 1.000000 1.000000 1.000000
v -73.571213 68.280357 -75.772461 1.000000 1.000000 1.000000
v -74.461700 68.673767 -71.364258 1.000000 1.000000 1.000000
v -76.281891 59.368576 -73.712402 1.000000 1.000000 1.000000
v -75.361832 59.278450 -75.772461 1.000000 1.000000 1.000000
v -76.266586 59.325386 -71.356934 1.000000 1.000000 1.000000
v -75.345764 59.238056 -69.299072 1.000000 1.000000 1.000000
v -76.281418 46.910721 -73.711182 1.000000 1.000000 1.000000
v -75.361832 46.910721 -75.772461 1.000000 1.000000 1.000000
v -76.275543 46.910721 -71.354980 1.000000 1.000000 1.000000
v -75.345764 46.910721 -69.299072 1.000000 1.000000 1.000000
v -75.345764 24.000587 -69.299072 1.000000 1.000000 1.000000
v -76.275543 24.000587 -71.355957 1.000000 1.000000 1.000000
v -75.345764 -34.233562 -69.299316 1.000000 1.000000 1.000000
v -76.281418 24.000589 -73.711182 1.000000 1.000000 1.000000
v -75.361832 24.000589 -75.772461 1.000000 1.000000 1.000000
v -75.361832 -34.233562 -75.772461 1.000000 1.000000 1.000000
v -76.281418 -34.233562 -73.710205 1.000000 1.000000 1.000000
v -75.361832 -46.832417 -75.772461 1.000000 1.000000 1.000000
v -76.275543 -34.233562 -71.355957 1.000000 1.000000 1.000000
v -75.345764 -46.790897 -69.299316 1.000000 1.000000 1.000000
v -76.266586 -46.878208 -71.356934 1.000000 1.000000 1.000000
v -73.616272 -55.877880 -69.299316 1.000000 1.000000 1.000000
v -76.281845 -46.922565 -73.712402 1.000000 1.000000 1.000000
v -73.571213 -55.834316 -75.772461 1.000000 1.000000 1.000000
v -74.461853 -56.226627 -71.364258 1.000000 1.000000 1.000000
v -69.155411 -64.117111 -71.367920 1.000000 1.000000 1.000000
v -68.511490 -63.475101 -69.299072 1.000000 1.000000 1.000000
v -74.435242 -56.190845 -73.719482 1.000000 1.000000 1.000000
v -68.472061 -63.465771 -75.772461 1.000000 1.000000 1.000000
v -60.923111 -68.590927 -69.299316 1.000000 1.000000 1.000000
v -69.136292 -64.130905 -73.723389 1.000000 1.000000 1.000000
v -60.840622 -68.564957 -75.772461 1.000000 1.000000 1.000000
v -61.274689 -69.436508 -71.363770 1.000000 1.000000 1.000000
v -51.927917 -71.252762 -71.356934 1.000000 1.000000 1.000000
v -51.838699 -70.330963 -69.299316 1.000000 1.000000 1.000000
v -14.200562 -70.371887 -69.299316 1.000000 1.000000 1.000000
v -11.920609 -71.305405 -71.355469 1.000000 1.000000 1.000000
v -61.195480 -69.428497 -73.718750 1.000000 1.000000 1.000000
v -51.928345 -71.274445 -73.712158 1.000000 1.000000 1.000000
v -9.311584 -71.304565 -73.710938 1.000000 1.000000 1.000000
v -51.838699 -70.355530 -75.772461 1.000000 1.000000 1.000000
v -7.030121 -70.388702 -75.772705 1.000000 1.000000 1.000000
v -63.918167 -71.212128 -45.958740 1.000000 1.000000 1.000000
v -63.859894 -68.840912 -49.390625 1.000000 1.000000 1.000000
v -63.916687 -71.203827 -49.390625 1.000000 1.000000 1.000000
v -63.153275 -67.993118 -43.028809 1.000000 1.000000 1.000000
v -77.597580 -21.479755 -57.093018 1.000000 1.000000 1.000000
v -79.461487 -20.681744 -60.972168 1.000000 1.000000 1.000000
v -77.225601 -21.480083 -63.749268 1.000000 1.000000 1.000000
v -79.483765 -20.672009 -57.093018 1.000000 1.000000 1.000000
v 81.690979 -42.987919 -45.958252 1.000000 1.000000 1.000000
v 79.580048 -41.725285 -49.390625 1.000000 1.000000 1.000000
v 79.458405 -41.724926 -43.030273 1.000000 1.000000 1.000000
v 81.709900 -42.996716 -49.390625 1.000000 1.000000 1.000000
v 74.890137 -64.290085 -60.971436 1.000000 1.000000 1.000000
v 72.663116 -63.798168 -57.093018 1.000000 1.000000 1.000000
v 72.754364 -63.643757 -63.767334 1.000000 1.000000 1.000000
v 74.874207 -64.285950 -57.093018 1.000000 1.000000 1.000000
v -77.351486 -5.260715 -43.010498 1.000000 1.000000 1.000000
v -79.536453 2.373436 -41.252686 1.000000 1.000000 1.000000
v -79.546326 -4.993732 -45.959229 1.000000 1.000000 1.000000
v -77.348434 0.149643 -37.192871 1.000000 1.000000 1.000000
v -75.397781 -56.344128 -43.014648 1.000000 1.000000 1.000000
v -79.046646 -48.884663 -45.959229 1.000000 1.000000 1.000000
v -77.600586 -56.216450 -45.958984 1.000000 1.000000 1.000000
v -77.360733 -47.493816 -43.010498 1.000000 1.000000 1.000000
v -27.143387 -74.396912 -45.958740 1.000000 1.000000 1.000000
v -26.011566 -72.357300 -49.390625 1.000000 1.000000 1.000000
v -26.038086 -72.155472 -43.025391 1.000000 1.000000 1.000000
v -27.141968 -74.400665 -49.390625 1.000000 1.000000 1.000000
v -25.091949 -74.397400 -45.958740 1.000000 1.000000 1.000000
v -26.011566 -72.357300 -49.390625 1.000000 1.000000 1.000000
v -25.089127 -74.401154 -49.390625 1.000000 1.000000 1.000000
v -26.038086 -72.155472 -43.025391 1.000000 1.000000 1.000000
v 81.647400 -46.897465 -57.093018 1.000000 1.000000 1.000000
v 79.580048 -41.725285 -49.390625 1.000000 1.000000 1.000000
v 79.269684 -47.732815 -57.093018 1.000000 1.000000 1.000000
v 81.709961 -40.854572 -49.390625 1.000000 1.000000 1.000000
v -75.397781 -56.344128 -43.014648 1.000000 1.000000 1.000000
v -72.782379 -64.122375 -45.958984 1.000000 1.000000 1.000000
v -69.981400 -62.963924 -43.021240 1.000000 1.000000 1.000000
v -76.808075 -58.078640 -45.958984 1.000000 1.000000 1.000000
v -46.069534 -72.160446 -43.026855 1.000000 1.000000 1.000000
v -37.192780 -74.394501 -45.958740 1.000000 1.000000 1.000000
v -36.053864 -72.157959 -43.026123 1.000000 1.000000 1.000000
v -45.196350 -74.392563 -45.958740 1.000000 1.000000 1.000000
v -26.038086 -72.155472 -43.025391 1.000000 1.000000 1.000000
v -17.093475 -74.399338 -45.958740 1.000000 1.000000 1.000000
v -16.022400 -72.152985 -43.024902 1.000000 1.000000 1.000000
v -25.091949 -74.397400 -45.958740 1.000000 1.000000 1.000000
v -36.053864 -72.157959 -43.026123 1.000000 1.000000 1.000000
v -27.143387 -74.396912 -45.958740 1.000000 1.000000 1.000000
v -26.038086 -72.155472 -43.025391 1.000000 1.000000 1.000000
v -35.144058 -74.395004 -45.958740 1.000000 1.000000 1.000000
v 4.009048 -72.148010 -43.023438 1.000000 1.000000 1.000000
v -4.988678 -74.402252 -45.958740 1.000000 1.000000 1.000000
v 3.007492 -74.404160 -45.958740 1.000000 1.000000 1.000000
v -6.006683 -72.150497 -43.024170 1.000000 1.000000 1.000000
v -16.022400 -72.152985 -43.024902 1.000000 1.000000 1.000000
v -7.043182 -74.401749 -45.958740 1.000000 1.000000 1.000000
v -6.006683 -72.150497 -43.024170 1.000000 1.000000 1.000000
v -15.040222 -74.399826 -45.958740 1.000000 1.000000 1.000000
v 24.040497 -72.143036 -43.021973 1.000000 1.000000 1.000000
v 15.113205 -74.407089 -45.958740 1.000000 1.000000 1.000000
v 23.109985 -74.409012 -45.958740 1.000000 1.000000 1.000000
v 14.024780 -72.145523 -43.022705 1.000000 1.000000 1.000000
v 14.024780 -72.145523 -43.022705 1.000000 1.000000 1.000000
v 5.062424 -74.404663 -45.958740 1.000000 1.000000 1.000000
v 13.058563 -74.406586 -45.958740 1.000000 1.000000 1.000000
v 4.009048 -72.148010 -43.023438 1.000000 1.000000 1.000000
v 44.071960 -72.138062 -43.020752 1.000000 1.000000 1.000000
v 35.213562 -74.411911 -45.958740 1.000000 1.000000 1.000000
v 43.213745 -74.413834 -45.958740 1.000000 1.000000 1.000000
v 34.056183 -72.140549 -43.021240 1.000000 1.000000 1.000000
v 34.056183 -72.140549 -43.021240 1.000000 1.000000 1.000000
v 25.163544 -74.409500 -45.958740 1.000000 1.000000 1.000000
v 33.161713 -74.411423 -45.958740 1.000000 1.000000 1.000000
v 24.040497 -72.143036 -43.021973 1.000000 1.000000 1.000000
v -21.250168 -74.405273 -60.971680 1.000000 1.000000 1.000000
v -22.188049 -72.361832 -57.093018 1.000000 1.000000 1.000000
v -22.189575 -72.194122 -63.761230 1.000000 1.000000 1.000000
v -21.249588 -74.409485 -57.093018 1.000000 1.000000 1.000000
v 53.970703 -72.093292 -43.008301 1.000000 1.000000 1.000000
v 45.263031 -74.414337 -45.958740 1.000000 1.000000 1.000000
v 53.174774 -74.416245 -45.958740 1.000000 1.000000 1.000000
v 44.071960 -72.138062 -43.020752 1.000000 1.000000 1.000000
v -32.200729 -72.363815 -57.093018 1.000000 1.000000 1.000000
v -33.351242 -74.406128 -60.971680 1.000000 1.000000 1.000000
v -32.204636 -72.194473 -63.761963 1.000000 1.000000 1.000000
v -33.355911 -74.407562 -57.093018 1.000000 1.000000 1.000000
v -65.713989 -70.007278 -45.958740 1.000000 1.000000 1.000000
v -63.859894 -68.840912 -49.390625 1.000000 1.000000 1.000000
v -63.153275 -67.993118 -43.028809 1.000000 1.000000 1.000000
v -65.705933 -70.005005 -49.390625 1.000000 1.000000 1.000000
v -71.546570 -65.977707 -45.958984 1.000000 1.000000 1.000000
v -70.731979 -63.678799 -49.390625 1.000000 1.000000 1.000000
v -71.538986 -65.959564 -49.390625 1.000000 1.000000 1.000000
v -69.981400 -62.963924 -43.021240 1.000000 1.000000 1.000000
v -61.799774 -71.157410 -62.492920 1.000000 1.000000 1.000000
v -61.008179 -70.502045 -57.093018 1.000000 1.000000 1.000000
v -62.750687 -71.937012 -60.971680 1.000000 1.000000 1.000000
v -62.763275 -71.943802 -57.093018 1.000000 1.000000 1.000000
v -60.883438 -70.333267 -63.770264 1.000000 1.000000 1.000000
v 79.779083 -56.316692 -57.093018 1.000000 1.000000 1.000000
v 78.584991 -51.112156 -49.390625 1.000000 1.000000 1.000000
v 77.518066 -56.585247 -57.093018 1.000000 1.000000 1.000000
v 80.889221 -50.513393 -49.390625 1.000000 1.000000 1.000000
v -77.360733 -47.493816 -43.010498 1.000000 1.000000 1.000000
v -79.548172 -38.897579 -45.959229 1.000000 1.000000 1.000000
v -79.450623 -46.836269 -45.959229 1.000000 1.000000 1.000000
v -77.358398 -37.744892 -43.010498 1.000000 1.000000 1.000000
v -77.351486 -5.260715 -43.010498 1.000000 1.000000 1.000000
v -79.547516 -26.873112 -45.959229 1.000000 1.000000 1.000000
v -77.356064 -27.696041 -43.010498 1.000000 1.000000 1.000000
v -79.546326 -4.993732 -45.959229 1.000000 1.000000 1.000000
v -77.358398 -37.744892 -43.010498 1.000000 1.000000 1.000000
v -79.547607 -28.829998 -45.959229 1.000000 1.000000 1.000000
v -79.548035 -36.942005 -45.959229 1.000000 1.000000 1.000000
v -77.356064 -27.696041 -43.010498 1.000000 1.000000 1.000000
v -74.779419 -61.010296 -60.971924 1.000000 1.000000 1.000000
v -73.688904 -59.191875 -57.093018 1.000000 1.000000 1.000000
v -73.739487 -59.269695 -63.753906 1.000000 1.000000 1.000000
v -74.790527 -61.026783 -57.093018 1.000000 1.000000 1.000000
v -79.461777 -22.553448 -60.972168 1.000000 1.000000 1.000000
v -77.597580 -21.479755 -57.093018 1.000000 1.000000 1.000000
v -77.225601 -21.480083 -63.749268 1.000000 1.000000 1.000000
v -79.484039 -22.566059 -57.093018 1.000000 1.000000 1.000000
v 81.753052 -37.000584 -57.093018 1.000000 1.000000 1.000000
v 79.576385 -31.676373 -49.390625 1.000000 1.000000 1.000000
v 79.588837 -37.893276 -57.093018 1.000000 1.000000 1.000000
v 81.710083 -30.783527 -49.390625 1.000000 1.000000 1.000000
v -47.241699 -74.392075 -45.958740 1.000000 1.000000 1.000000
v -55.228821 -70.578720 -43.031006 1.000000 1.000000 1.000000
v -54.898178 -73.725998 -45.958740 1.000000 1.000000 1.000000
v -46.069534 -72.160446 -43.026855 1.000000 1.000000 1.000000
v -37.192780 -74.394501 -45.958740 1.000000 1.000000 1.000000
v -36.024200 -72.359848 -49.390625 1.000000 1.000000 1.000000
v -36.053864 -72.157959 -43.026123 1.000000 1.000000 1.000000
v -37.191498 -74.398270 -49.390625 1.000000 1.000000 1.000000
v -15.040222 -74.399826 -45.958740 1.000000 1.000000 1.000000
v -15.998993 -72.356232 -49.390625 1.000000 1.000000 1.000000
v -15.037262 -74.403564 -49.390625 1.000000 1.000000 1.000000
v -16.022400 -72.152985 -43.024902 1.000000 1.000000 1.000000
v -69.981400 -62.963924 -43.021240 1.000000 1.000000 1.000000
v -65.713989 -70.007278 -45.958740 1.000000 1.000000 1.000000
v -63.153275 -67.993118 -43.028809 1.000000 1.000000 1.000000
v -71.546570 -65.977707 -45.958984 1.000000 1.000000 1.000000
v -11.199860 -74.404572 -60.971680 1.000000 1.000000 1.000000
v -12.175430 -72.361313 -57.093018 1.000000 1.000000 1.000000
v -12.174515 -72.193771 -63.760742 1.000000 1.000000 1.000000
v -11.199203 -74.408783 -57.093018 1.000000 1.000000 1.000000
v -42.213547 -72.367249 -57.093018 1.000000 1.000000 1.000000
v -43.402435 -74.406830 -60.971680 1.000000 1.000000 1.000000
v -42.219696 -72.194824 -63.762695 1.000000 1.000000 1.000000
v -43.405258 -74.405136 -57.093018 1.000000 1.000000 1.000000
v -63.153275 -67.993118 -43.028809 1.000000 1.000000 1.000000
v -57.007080 -73.305206 -45.958740 1.000000 1.000000 1.000000
v -55.228821 -70.578720 -43.031006 1.000000 1.000000 1.000000
v -63.918167 -71.212128 -45.958740 1.000000 1.000000 1.000000
v -76.808075 -58.078640 -45.958984 1.000000 1.000000 1.000000
v -75.590088 -56.468998 -49.390625 1.000000 1.000000 1.000000
v -76.799301 -58.068150 -49.390625 1.000000 1.000000 1.000000
v -75.397781 -56.344128 -43.014648 1.000000 1.000000 1.000000
v -79.547607 -28.829998 -45.959229 1.000000 1.000000 1.000000
v -77.599533 -27.695827 -49.390625 1.000000 1.000000 1.000000
v -79.528336 -28.818966 -49.390625 1.000000 1.000000 1.000000
v -77.356064 -27.696041 -43.010498 1.000000 1.000000 1.000000
v 72.546234 -66.890121 -45.958496 1.000000 1.000000 1.000000
v 70.226471 -65.947754 -49.390625 1.000000 1.000000 1.000000
v 72.555542 -66.894135 -49.390625 1.000000 1.000000 1.000000
v 70.109924 -65.829666 -43.018066 1.000000 1.000000 1.000000
v 81.753204 -26.929195 -57.093018 1.000000 1.000000 1.000000
v 79.573151 -21.627483 -49.390625 1.000000 1.000000 1.000000
v 79.585358 -27.844318 -57.093018 1.000000 1.000000 1.000000
v 81.710236 -20.712559 -49.390625 1.000000 1.000000 1.000000
v -52.129089 -72.216171 -57.093018 1.000000 1.000000 1.000000
v -53.409210 -74.014069 -60.971680 1.000000 1.000000 1.000000
v -52.091660 -72.026688 -63.775146 1.000000 1.000000 1.000000
v -53.414551 -74.016022 -57.093018 1.000000 1.000000 1.000000
v -79.463394 -32.620945 -60.972168 1.000000 1.000000 1.000000
v -77.600769 -31.528690 -57.093018 1.000000 1.000000 1.000000
v -77.227844 -31.529041 -63.749268 1.000000 1.000000 1.000000
v -79.485611 -32.633778 -57.093018 1.000000 1.000000 1.000000
v -47.241699 -74.392075 -45.958740 1.000000 1.000000 1.000000
v -46.036926 -72.363831 -49.390625 1.000000 1.000000 1.000000
v -46.069534 -72.160446 -43.026855 1.000000 1.000000 1.000000
v -47.240463 -74.395844 -49.390625 1.000000 1.000000 1.000000
v -78.848755 7.596939 -57.419678 1.000000 1.000000 1.000000
v -79.528061 6.606094 -43.839355 1.000000 1.000000 1.000000
v -79.474457 7.864185 -57.127441 1.000000 1.000000 1.000000
v -78.906357 6.275211 -43.526367 1.000000 1.000000 1.000000
v -60.708725 -72.569580 -57.093018 1.000000 1.000000 1.000000
v -55.512009 -71.526794 -49.390625 1.000000 1.000000 1.000000
v -61.008179 -70.502045 -57.093018 1.000000 1.000000 1.000000
v -54.896652 -73.727219 -49.390625 1.000000 1.000000 1.000000
v -57.007080 -73.305206 -45.958740 1.000000 1.000000 1.000000
v -55.512009 -71.526794 -49.390625 1.000000 1.000000 1.000000
v -55.228821 -70.578720 -43.031006 1.000000 1.000000 1.000000
v -57.004562 -73.306625 -49.390625 1.000000 1.000000 1.000000
v -4.988678 -74.402252 -45.958740 1.000000 1.000000 1.000000
v -5.986511 -72.356583 -49.390625 1.000000 1.000000 1.000000
v -4.985718 -74.405975 -49.390625 1.000000 1.000000 1.000000
v -6.006683 -72.150497 -43.024170 1.000000 1.000000 1.000000
v -51.300674 -74.403244 -57.093018 1.000000 1.000000 1.000000
v -46.036926 -72.363831 -49.390625 1.000000 1.000000 1.000000
v -52.129089 -72.216171 -57.093018 1.000000 1.000000 1.000000
v -45.193680 -74.396332 -49.390625 1.000000 1.000000 1.000000
v -79.510788 26.947031 -49.215820 1.000000 1.000000 1.000000
v -78.891998 27.608118 -48.062256 1.000000 1.000000 1.000000
v -79.514709 27.903454 -48.154785 1.000000 1.000000 1.000000
v -78.901535 27.287241 -45.776855 1.000000 1.000000 1.000000
v -79.525620 27.531796 -45.507812 1.000000 1.000000 1.000000
v -78.888809 26.826555 -48.928955 1.000000 1.000000 1.000000
v -79.512650 23.692406 -49.098145 1.000000 1.000000 1.000000
v -78.890518 23.803787 -48.819824 1.000000 1.000000 1.000000
v -79.516891 22.422525 -47.957764 1.000000 1.000000 1.000000
v -78.894241 22.684862 -47.814941 1.000000 1.000000 1.000000
v -78.901306 22.365257 -45.601807 1.000000 1.000000 1.000000
v -79.525528 22.040548 -45.312500 1.000000 1.000000 1.000000
v -78.270157 -52.400936 -60.972168 1.000000 1.000000 1.000000
v -76.628693 -50.978664 -57.093018 1.000000 1.000000 1.000000
v -76.667984 -50.842442 -63.750244 1.000000 1.000000 1.000000
v -78.289322 -52.416759 -57.093018 1.000000 1.000000 1.000000
v -1.150040 -74.403870 -60.971680 1.000000 1.000000 1.000000
v -2.162842 -72.362244 -57.093018 1.000000 1.000000 1.000000
v -2.159515 -72.193420 -63.759766 1.000000 1.000000 1.000000
v -1.149185 -74.408081 -57.093018 1.000000 1.000000 1.000000
v -79.046646 -48.884663 -45.959229 1.000000 1.000000 1.000000
v -77.304474 -47.597507 -49.390625 1.000000 1.000000 1.000000
v -79.030899 -48.873394 -49.390625 1.000000 1.000000 1.000000
v -77.360733 -47.493816 -43.010498 1.000000 1.000000 1.000000
v -79.548172 -38.897579 -45.959229 1.000000 1.000000 1.000000
v -77.603058 -37.744717 -49.390625 1.000000 1.000000 1.000000
v -79.528870 -38.886372 -49.390625 1.000000 1.000000 1.000000
v -77.358398 -37.744892 -43.010498 1.000000 1.000000 1.000000
v -68.737900 -67.952972 -57.093018 1.000000 1.000000 1.000000
v -63.859894 -68.840912 -49.390625 1.000000 1.000000 1.000000
v -68.333542 -65.867279 -57.093018 1.000000 1.000000 1.000000
v -63.916687 -71.203827 -49.390625 1.000000 1.000000 1.000000
v -79.344421 -42.678501 -60.972168 1.000000 1.000000 1.000000
v -77.604446 -41.577656 -57.093018 1.000000 1.000000 1.000000
v -77.230087 -41.578037 -63.749023 1.000000 1.000000 1.000000
v -79.486526 -42.700932 -57.093018 1.000000 1.000000 1.000000
v 74.874207 -64.285950 -57.093018 1.000000 1.000000 1.000000
v 75.609283 -59.304005 -49.390625 1.000000 1.000000 1.000000
v 72.663116 -63.798168 -57.093018 1.000000 1.000000 1.000000
v 78.087402 -59.424740 -49.390625 1.000000 1.000000 1.000000
v 5.062424 -74.404663 -45.958740 1.000000 1.000000 1.000000
v 4.026016 -72.358429 -49.390625 1.000000 1.000000 1.000000
v 5.065430 -74.408401 -49.390625 1.000000 1.000000 1.000000
v 4.009048 -72.148010 -43.023438 1.000000 1.000000 1.000000
v -41.353714 -74.405624 -57.093018 1.000000 1.000000 1.000000
v -36.024200 -72.359848 -49.390625 1.000000 1.000000 1.000000
v -42.213547 -72.367249 -57.093018 1.000000 1.000000 1.000000
v -35.141281 -74.398758 -49.390625 1.000000 1.000000 1.000000
v -79.526764 21.685455 -44.993896 1.000000 1.000000 1.000000
v -79.512222 22.315155 -49.354492 1.000000 1.000000 1.000000
v -78.887329 22.013954 -49.606934 1.000000 1.000000 1.000000
v -78.905121 21.267599 -44.068115 1.000000 1.000000 1.000000
v -79.530823 21.509562 -43.775879 1.000000 1.000000 1.000000
v 67.700562 -70.163879 -60.971436 1.000000 1.000000 1.000000
v 65.760040 -68.931061 -57.093018 1.000000 1.000000 1.000000
v 65.653778 -68.836990 -63.758057 1.000000 1.000000 1.000000
v 67.693695 -70.159805 -57.093018 1.000000 1.000000 1.000000
v 8.899399 -74.403152 -60.971680 1.000000 1.000000 1.000000
v 7.849777 -72.364624 -57.093018 1.000000 1.000000 1.000000
v 7.855591 -72.193085 -63.759033 1.000000 1.000000 1.000000
v 8.900253 -74.407379 -57.093018 1.000000 1.000000 1.000000
v -79.508987 28.407978 -49.571289 1.000000 1.000000 1.000000
v -78.842178 29.357821 -58.206055 1.000000 1.000000 1.000000
v -78.882416 28.076735 -49.826172 1.000000 1.000000 1.000000
v -79.463867 29.713989 -58.520996 1.000000 1.000000 1.000000
v -31.301315 -74.408035 -57.093018 1.000000 1.000000 1.000000
v -26.011566 -72.357300 -49.390625 1.000000 1.000000 1.000000
v -32.200729 -72.363815 -57.093018 1.000000 1.000000 1.000000
v -25.089127 -74.401154 -49.390625 1.000000 1.000000 1.000000
v -74.790527 -61.026783 -57.093018 1.000000 1.000000 1.000000
v -70.731979 -63.678799 -49.390625 1.000000 1.000000 1.000000
v -73.688904 -59.191875 -57.093018 1.000000 1.000000 1.000000
v -71.538986 -65.959564 -49.390625 1.000000 1.000000 1.000000
v -79.530441 27.360672 -44.289062 1.000000 1.000000 1.000000
v -79.527771 27.445414 -44.892578 1.000000 1.000000 1.000000
v -78.906021 27.106644 -44.577881 1.000000 1.000000 1.000000
v 15.113205 -74.407089 -45.958740 1.000000 1.000000 1.000000
v 14.038452 -72.361694 -49.390625 1.000000 1.000000 1.000000
v 15.116302 -74.410797 -49.390625 1.000000 1.000000 1.000000
v 14.024780 -72.145523 -43.022705 1.000000 1.000000 1.000000
v 18.948303 -74.402451 -60.971680 1.000000 1.000000 1.000000
v 17.862366 -72.368454 -57.093018 1.000000 1.000000 1.000000
v 17.870605 -72.192719 -63.758301 1.000000 1.000000 1.000000
v 18.949249 -74.406693 -57.093018 1.000000 1.000000 1.000000
v 64.736725 -72.085480 -45.958496 1.000000 1.000000 1.000000
v 62.882996 -70.542267 -49.390625 1.000000 1.000000 1.000000
v 64.746002 -72.092712 -49.390625 1.000000 1.000000 1.000000
v 62.725067 -70.414093 -43.011719 1.000000 1.000000 1.000000
v -79.528061 6.606094 -43.839355 1.000000 1.000000 1.000000
v -78.905121 21.267599 -44.068115 1.000000 1.000000 1.000000
v -79.526917 21.022718 -44.360107 1.000000 1.000000 1.000000
v -78.906357 6.275211 -43.526367 1.000000 1.000000 1.000000
v -79.527908 21.951691 -44.697266 1.000000 1.000000 1.000000
v -78.906021 27.106644 -44.577881 1.000000 1.000000 1.000000
v -79.527771 27.445414 -44.892578 1.000000 1.000000 1.000000
v -78.905731 22.205013 -44.404053 1.000000 1.000000 1.000000
v -21.249588 -74.409485 -57.093018 1.000000 1.000000 1.000000
v -15.998993 -72.356232 -49.390625 1.000000 1.000000 1.000000
v -22.188049 -72.361832 -57.093018 1.000000 1.000000 1.000000
v -15.037262 -74.403564 -49.390625 1.000000 1.000000 1.000000
v -78.901535 27.287241 -45.776855 1.000000 1.000000 1.000000
v -79.523285 22.690159 -45.895508 1.000000 1.000000 1.000000
v -78.901306 22.365257 -45.601807 1.000000 1.000000 1.000000
v -79.523666 27.042877 -46.050293 1.000000 1.000000 1.000000
v -79.484039 -22.566059 -57.093018 1.000000 1.000000 1.000000
v -77.599533 -27.695827 -49.390625 1.000000 1.000000 1.000000
v -77.597580 -21.479755 -57.093018 1.000000 1.000000 1.000000
v -79.528336 -28.818966 -49.390625 1.000000 1.000000 1.000000
v 25.163544 -74.409500 -45.958740 1.000000 1.000000 1.000000
v 24.050995 -72.366425 -49.390625 1.000000 1.000000 1.000000
v 25.166779 -74.413208 -49.390625 1.000000 1.000000 1.000000
v 24.040497 -72.143036 -43.021973 1.000000 1.000000 1.000000
v -77.361069 32.621319 -35.487549 1.000000 1.000000 1.000000
v -78.821335 0.247673 -34.284180 1.000000 1.000000 1.000000
v -78.817505 32.621284 -35.503662 1.000000 1.000000 1.000000
v -77.368362 0.247704 -34.268311 1.000000 1.000000 1.000000
v -79.313995 32.655025 -35.305176 1.000000 1.000000 1.000000
v -79.316254 0.163845 -34.081299 1.000000 1.000000 1.000000
v -78.817505 32.621284 -35.503662 1.000000 1.000000 1.000000
v -77.358826 33.627934 -35.788574 1.000000 1.000000 1.000000
v -78.815414 33.627918 -35.804443 1.000000 1.000000 1.000000
v -79.311584 33.732838 -35.627441 1.000000 1.000000 1.000000
v -78.815414 33.627918 -35.804443 1.000000 1.000000 1.000000
v -77.353104 34.505722 -36.610596 1.000000 1.000000 1.000000
v -79.305496 34.675312 -36.510254 1.000000 1.000000 1.000000
v -78.809784 34.505688 -36.626709 1.000000 1.000000 1.000000
v -78.809784 34.505688 -36.626709 1.000000 1.000000 1.000000
v -77.345566 35.019474 -37.733643 1.000000 1.000000 1.000000
v -79.296494 35.215122 -37.690186 1.000000 1.000000 1.000000
v -78.802231 35.019447 -37.749756 1.000000 1.000000 1.000000
v -77.206436 40.504368 -63.110352 1.000000 1.000000 1.000000
v -79.158371 40.707935 -63.103760 1.000000 1.000000 1.000000
v -78.663101 40.504395 -63.126953 1.000000 1.000000 1.000000
v -77.197662 40.594395 -64.428467 1.000000 1.000000 1.000000
v -78.654327 40.594410 -64.445068 1.000000 1.000000 1.000000
v -79.149094 40.801655 -64.476318 1.000000 1.000000 1.000000
v -77.190369 40.233566 -65.546143 1.000000 1.000000 1.000000
v -78.646942 40.233582 -65.562744 1.000000 1.000000 1.000000
v -79.141113 40.413288 -65.678955 1.000000 1.000000 1.000000
v -77.185638 39.476822 -66.292725 1.000000 1.000000 1.000000
v -78.646942 40.233582 -65.562744 1.000000 1.000000 1.000000
v -78.642136 39.476833 -66.309326 1.000000 1.000000 1.000000
v -79.135864 39.581146 -66.500244 1.000000 1.000000 1.000000
v -77.184158 38.439354 -66.555176 1.000000 1.000000 1.000000
v -78.642136 39.476833 -66.309326 1.000000 1.000000 1.000000
v -79.134033 38.464893 -66.782227 1.000000 1.000000 1.000000
v -78.640518 38.439381 -66.571533 1.000000 1.000000 1.000000
v -77.196899 1.835232 -66.553955 1.000000 1.000000 1.000000
v -78.640518 38.439381 -66.571533 1.000000 1.000000 1.000000
v -79.141449 1.731071 -66.782471 1.000000 1.000000 1.000000
v -78.648056 1.730984 -66.571289 1.000000 1.000000 1.000000
v 28.996704 -74.401749 -60.971680 1.000000 1.000000 1.000000
v 27.875031 -72.373749 -57.093018 1.000000 1.000000 1.000000
v 27.885681 -72.192383 -63.757812 1.000000 1.000000 1.000000
v 28.997711 -74.405991 -57.093018 1.000000 1.000000 1.000000
v -78.289322 -52.416759 -57.093018 1.000000 1.000000 1.000000
v -75.590088 -56.468998 -49.390625 1.000000 1.000000 1.000000
v -76.628693 -50.978664 -57.093018 1.000000 1.000000 1.000000
v -76.799301 -58.068150 -49.390625 1.000000 1.000000 1.000000
v -11.199203 -74.408783 -57.093018 1.000000 1.000000 1.000000
v -5.986511 -72.356583 -49.390625 1.000000 1.000000 1.000000
v -12.175430 -72.361313 -57.093018 1.000000 1.000000 1.000000
v -4.985718 -74.405975 -49.390625 1.000000 1.000000 1.000000
v -78.887329 22.013954 -49.606934 1.000000 1.000000 1.000000
v -79.503204 27.754904 -50.082520 1.000000 1.000000 1.000000
v -79.505936 21.754473 -49.865723 1.000000 1.000000 1.000000
v -78.882416 28.076735 -49.826172 1.000000 1.000000 1.000000
v 79.469635 43.908768 -45.906250 1.000000 1.000000 1.000000
v 81.007019 51.386806 -60.979492 1.000000 1.000000 1.000000
v 80.926117 43.907337 -45.889893 1.000000 1.000000 1.000000
v 79.550537 51.387306 -60.996094 1.000000 1.000000 1.000000
v 81.419464 44.112854 -45.836182 1.000000 1.000000 1.000000
v 81.500305 51.591660 -60.926025 1.000000 1.000000 1.000000
v 67.693695 -70.159805 -57.093018 1.000000 1.000000 1.000000
v 70.226471 -65.947754 -49.390625 1.000000 1.000000 1.000000
v 65.760040 -68.931061 -57.093018 1.000000 1.000000 1.000000
v 72.555542 -66.894135 -49.390625 1.000000 1.000000 1.000000
v -79.485611 -32.633778 -57.093018 1.000000 1.000000 1.000000
v -77.603058 -37.744717 -49.390625 1.000000 1.000000 1.000000
v -77.600769 -31.528690 -57.093018 1.000000 1.000000 1.000000
v -79.528870 -38.886372 -49.390625 1.000000 1.000000 1.000000
v 35.213562 -74.411911 -45.958740 1.000000 1.000000 1.000000
v 34.063629 -72.372635 -49.390625 1.000000 1.000000 1.000000
v 35.215790 -74.413925 -49.390625 1.000000 1.000000 1.000000
v 34.056183 -72.140549 -43.021240 1.000000 1.000000 1.000000
v -78.842178 29.357821 -58.206055 1.000000 1.000000 1.000000
v -79.470596 7.329685 -57.712158 1.000000 1.000000 1.000000
v -78.848755 7.596939 -57.419678 1.000000 1.000000 1.000000
v -79.463867 29.713989 -58.520996 1.000000 1.000000 1.000000
v 39.044556 -74.401031 -60.971680 1.000000 1.000000 1.000000
v 37.887756 -72.380493 -57.093018 1.000000 1.000000 1.000000
v 37.900726 -72.192032 -63.757080 1.000000 1.000000 1.000000
v 39.045654 -74.405289 -57.093018 1.000000 1.000000 1.000000
v -79.486526 -42.700932 -57.093018 1.000000 1.000000 1.000000
v -77.304474 -47.597507 -49.390625 1.000000 1.000000 1.000000
v -77.604446 -41.577656 -57.093018 1.000000 1.000000 1.000000
v -79.030899 -48.873394 -49.390625 1.000000 1.000000 1.000000
v -1.149185 -74.408081 -57.093018 1.000000 1.000000 1.000000
v 4.026016 -72.358429 -49.390625 1.000000 1.000000 1.000000
v -2.162842 -72.362244 -57.093018 1.000000 1.000000 1.000000
v 5.065430 -74.408401 -49.390625 1.000000 1.000000 1.000000
v 58.893066 -73.377136 -60.971680 1.000000 1.000000 1.000000
v 57.390106 -71.576355 -57.093018 1.000000 1.000000 1.000000
v 57.373993 -71.449860 -63.751953 1.000000 1.000000 1.000000
v 58.892822 -73.378235 -57.093018 1.000000 1.000000 1.000000
v -78.842987 0.239136 -31.365723 1.000000 1.000000 1.000000
v -53.138260 -5.380390 -37.134766 1.000000 1.000000 1.000000
v -53.137939 0.239048 -31.302490 1.000000 1.000000 1.000000
v -78.844315 -5.380390 -37.184570 1.000000 1.000000 1.000000
v -79.337967 0.322891 -31.575195 1.000000 1.000000 1.000000
v -79.339310 -5.293377 -37.389893 1.000000 1.000000 1.000000
v -63.979507 -69.259872 -37.189453 1.000000 1.000000 1.000000
v -53.139694 -70.388702 -37.197510 1.000000 1.000000 1.000000
v -71.036469 -63.996906 -37.188477 1.000000 1.000000 1.000000
v -71.381897 -64.355484 -37.393555 1.000000 1.000000 1.000000
v -64.209335 -69.705170 -37.395020 1.000000 1.000000 1.000000
v -71.036469 -63.996906 -37.188477 1.000000 1.000000 1.000000
v -76.777908 -56.866711 -37.186768 1.000000 1.000000 1.000000
v -71.381897 -64.355484 -37.393555 1.000000 1.000000 1.000000
v -77.234390 -57.086933 -37.391846 1.000000 1.000000 1.000000
v -55.533844 -71.987686 -37.190674 1.000000 1.000000 1.000000
v -46.009872 -73.637497 -37.186279 1.000000 1.000000 1.000000
v -46.052048 -74.127396 -37.389648 1.000000 1.000000 1.000000
v -55.686111 -72.458359 -37.394043 1.000000 1.000000 1.000000
v -63.979507 -69.259872 -37.189453 1.000000 1.000000 1.000000
v -55.686111 -72.458359 -37.394043 1.000000 1.000000 1.000000
v -64.209335 -69.705170 -37.395020 1.000000 1.000000 1.000000
v 55.299744 -74.080154 -45.958740 1.000000 1.000000 1.000000
v 54.005524 -72.255447 -49.390625 1.000000 1.000000 1.000000
v 55.302216 -74.082291 -49.390625 1.000000 1.000000 1.000000
v 53.970703 -72.093292 -43.008301 1.000000 1.000000 1.000000
v -46.009872 -73.637497 -37.186279 1.000000 1.000000 1.000000
v 53.379517 -70.415848 -37.091064 1.000000 1.000000 1.000000
v 53.360718 -74.149506 -37.303955 1.000000 1.000000 1.000000
v -46.052048 -74.127396 -37.389648 1.000000 1.000000 1.000000
v 53.319580 -73.659485 -37.099854 1.000000 1.000000 1.000000
v 70.940399 -67.458847 -37.099609 1.000000 1.000000 1.000000
v 62.733643 -72.067825 -37.099365 1.000000 1.000000 1.000000
v 62.899597 -72.536911 -37.301758 1.000000 1.000000 1.000000
v 71.264648 -67.839325 -37.302490 1.000000 1.000000 1.000000
v 80.866608 -41.530193 -37.104736 1.000000 1.000000 1.000000
v 79.835602 -51.060123 -37.102051 1.000000 1.000000 1.000000
v 81.362915 -41.557011 -37.308838 1.000000 1.000000 1.000000
v 80.322998 -51.166927 -37.307129 1.000000 1.000000 1.000000
v 62.733643 -72.067825 -37.099365 1.000000 1.000000 1.000000
v 53.319580 -73.659485 -37.099854 1.000000 1.000000 1.000000
v 53.360718 -74.149506 -37.303955 1.000000 1.000000 1.000000
v 62.899597 -72.536911 -37.301758 1.000000 1.000000 1.000000
v 79.835602 -51.060123 -37.102051 1.000000 1.000000 1.000000
v 70.940399 -67.458847 -37.099609 1.000000 1.000000 1.000000
v 76.811615 -60.077251 -37.100830 1.000000 1.000000 1.000000
v 71.264648 -67.839325 -37.302490 1.000000 1.000000 1.000000
v 77.258636 -60.303753 -37.303711 1.000000 1.000000 1.000000
v 80.322998 -51.166927 -37.307129 1.000000 1.000000 1.000000
v 77.258636 -60.303753 -37.303711 1.000000 1.000000 1.000000
v 45.263031 -74.414337 -45.958740 1.000000 1.000000 1.000000
v 44.076324 -72.380295 -49.390625 1.000000 1.000000 1.000000
v 45.263519 -74.413223 -49.390625 1.000000 1.000000 1.000000
v 44.071960 -72.138062 -43.020752 1.000000 1.000000 1.000000
v 8.900253 -74.407379 -57.093018 1.000000 1.000000 1.000000
v 14.038452 -72.361694 -49.390625 1.000000 1.000000 1.000000
v 7.849777 -72.364624 -57.093018 1.000000 1.000000 1.000000
v 15.116302 -74.410797 -49.390625 1.000000 1.000000 1.000000
v 49.091797 -74.400330 -60.971680 1.000000 1.000000 1.000000
v 47.900513 -72.388672 -57.093018 1.000000 1.000000 1.000000
v 47.915741 -72.191696 -63.756348 1.000000 1.000000 1.000000
v 49.092957 -74.404587 -57.093018 1.000000 1.000000 1.000000
v 80.866608 -41.530193 -37.104736 1.000000 1.000000 1.000000
v 53.376862 47.048615 -37.206543 1.000000 1.000000 1.000000
v 53.379517 -70.415848 -37.091064 1.000000 1.000000 1.000000
v 80.856110 47.048615 -37.106445 1.000000 1.000000 1.000000
v 81.352844 46.843231 -37.309570 1.000000 1.000000 1.000000
v 81.362915 -41.557011 -37.308838 1.000000 1.000000 1.000000
v -53.138260 -5.380390 -37.134766 1.000000 1.000000 1.000000
v -78.849411 -47.628155 -37.185791 1.000000 1.000000 1.000000
v -53.138260 -5.380390 -37.134766 1.000000 1.000000 1.000000
v -78.844315 -5.380390 -37.184570 1.000000 1.000000 1.000000
v -79.342896 -47.682796 -37.390625 1.000000 1.000000 1.000000
v -79.339310 -5.293377 -37.389893 1.000000 1.000000 1.000000
v -76.777908 -56.866711 -37.186768 1.000000 1.000000 1.000000
v -79.342896 -47.682796 -37.390625 1.000000 1.000000 1.000000
v -77.234390 -57.086933 -37.391846 1.000000 1.000000 1.000000
v 18.949249 -74.406693 -57.093018 1.000000 1.000000 1.000000
v 24.050995 -72.366425 -49.390625 1.000000 1.000000 1.000000
v 17.862366 -72.368454 -57.093018 1.000000 1.000000 1.000000
v 25.166779 -74.413208 -49.390625 1.000000 1.000000 1.000000
v 58.892822 -73.378235 -57.093018 1.000000 1.000000 1.000000
v 62.882996 -70.542267 -49.390625 1.000000 1.000000 1.000000
v 57.390106 -71.576355 -57.093018 1.000000 1.000000 1.000000
v 64.746002 -72.092712 -49.390625 1.000000 1.000000 1.000000
v 28.997711 -74.405991 -57.093018 1.000000 1.000000 1.000000
v 34.063629 -72.372635 -49.390625 1.000000 1.000000 1.000000
v 27.875031 -72.373749 -57.093018 1.000000 1.000000 1.000000
v 35.215790 -74.413925 -49.390625 1.000000 1.000000 1.000000
v 79.417023 43.902992 -40.078613 1.000000 1.000000 1.000000
v 80.926117 43.907337 -45.889893 1.000000 1.000000 1.000000
v 80.877899 43.906403 -40.062988 1.000000 1.000000 1.000000
v 79.469635 43.908768 -45.906250 1.000000 1.000000 1.000000
v 81.419464 44.112854 -45.836182 1.000000 1.000000 1.000000
v 81.371124 44.112583 -39.852783 1.000000 1.000000 1.000000
v 39.045654 -74.405289 -57.093018 1.000000 1.000000 1.000000
v 44.076324 -72.380295 -49.390625 1.000000 1.000000 1.000000
v 37.887756 -72.380493 -57.093018 1.000000 1.000000 1.000000
v 45.263519 -74.413223 -49.390625 1.000000 1.000000 1.000000
v 79.550537 51.387306 -60.996094 1.000000 1.000000 1.000000
v 81.053680 51.386810 -66.535645 1.000000 1.000000 1.000000
v 81.007019 51.386806 -60.979492 1.000000 1.000000 1.000000
v 79.597168 51.387306 -66.552246 1.000000 1.000000 1.000000
v 81.500305 51.591660 -60.926025 1.000000 1.000000 1.000000
v 81.550323 51.591667 -66.734863 1.000000 1.000000 1.000000
v 49.092957 -74.404587 -57.093018 1.000000 1.000000 1.000000
v 54.005524 -72.255447 -49.390625 1.000000 1.000000 1.000000
v 47.900513 -72.388672 -57.093018 1.000000 1.000000 1.000000
v 55.302216 -74.082291 -49.390625 1.000000 1.000000 1.000000
v -52.972321 -70.415833 -69.398193 1.000000 1.000000 1.000000
v 53.379517 -70.415848 -37.091064 1.000000 1.000000 1.000000
v 53.546906 -70.388702 -69.291504 1.000000 1.000000 1.000000
v -53.139694 -70.388702 -37.197510 1.000000 1.000000 1.000000
v -76.590927 42.405293 -68.468994 1.000000 1.000000 1.000000
v -77.574890 41.747536 -76.581299 1.000000 1.000000 1.000000
v -75.836426 41.747536 -66.337158 1.000000 1.000000 1.000000
v -78.097977 42.405296 -76.417480 1.000000 1.000000 1.000000
v -78.417175 42.405296 -77.145264 1.000000 1.000000 1.000000
v -78.097977 53.394306 -76.417480 1.000000 1.000000 1.000000
v -76.590927 53.394302 -68.468994 1.000000 1.000000 1.000000
v -78.011566 41.747536 -77.513672 1.000000 1.000000 1.000000
v -77.574890 54.052063 -76.581299 1.000000 1.000000 1.000000
v -75.836426 54.052063 -66.337158 1.000000 1.000000 1.000000
v -78.417175 53.394306 -77.145264 1.000000 1.000000 1.000000
v -78.011566 54.052063 -77.513672 1.000000 1.000000 1.000000
v -78.983978 42.405296 -77.480225 1.000000 1.000000 1.000000
v -78.856949 41.747536 -78.013184 1.000000 1.000000 1.000000
v -79.884537 41.747536 -77.945557 1.000000 1.000000 1.000000
v -78.983978 53.394306 -77.480225 1.000000 1.000000 1.000000
v -78.856949 54.052063 -78.013184 1.000000 1.000000 1.000000
v -79.884537 54.052063 -77.945557 1.000000 1.000000 1.000000
v -79.704102 42.405296 -77.428223 1.000000 1.000000 1.000000
v -79.704102 53.394306 -77.427979 1.000000 1.000000 1.000000
v -80.300339 42.405296 -77.020996 1.000000 1.000000 1.000000
v -80.731354 41.747536 -77.359619 1.000000 1.000000 1.000000
v -81.082886 41.747536 -76.442871 1.000000 1.000000 1.000000
v -80.300339 53.394306 -77.020996 1.000000 1.000000 1.000000
v -80.731354 54.052063 -77.359619 1.000000 1.000000 1.000000
v -81.082886 54.052063 -76.442871 1.000000 1.000000 1.000000
v -80.536041 42.405296 -76.406250 1.000000 1.000000 1.000000
v -80.844940 41.747536 -75.440918 1.000000 1.000000 1.000000
v -80.536041 53.394306 -76.406250 1.000000 1.000000 1.000000
v -80.844940 54.052063 -75.440918 1.000000 1.000000 1.000000
v -80.333618 42.405296 -75.637939 1.000000 1.000000 1.000000
v -76.590927 42.405293 -68.468994 1.000000 1.000000 1.000000
v -75.836426 41.747536 -66.337158 1.000000 1.000000 1.000000
v -80.333618 53.394306 -75.637939 1.000000 1.000000 1.000000
v -76.590927 53.394302 -68.468994 1.000000 1.000000 1.000000
v -75.836426 54.052063 -66.337158 1.000000 1.000000 1.000000
v -76.645386 -50.842739 -66.554688 1.000000 1.000000 1.000000
v -78.654724 -41.554577 -66.571289 1.000000 1.000000 1.000000
v -78.005020 -51.210148 -66.580811 1.000000 1.000000 1.000000
v -79.147964 -41.571163 -66.782471 1.000000 1.000000 1.000000
v -78.492599 -51.310528 -66.785645 1.000000 1.000000 1.000000
v -77.208099 -41.578030 -66.552979 1.000000 1.000000 1.000000
v -78.648056 1.730984 -66.571289 1.000000 1.000000 1.000000
v -79.147964 -41.571163 -66.782471 1.000000 1.000000 1.000000
v -73.717316 -59.269894 -66.558838 1.000000 1.000000 1.000000
v -78.005020 -51.210148 -66.580811 1.000000 1.000000 1.000000
v -74.935226 -59.974895 -66.581787 1.000000 1.000000 1.000000
v -78.492599 -51.310528 -66.785645 1.000000 1.000000 1.000000
v -75.369980 -60.226154 -66.786621 1.000000 1.000000 1.000000
v -69.154648 -66.742569 -66.582764 1.000000 1.000000 1.000000
v -68.219574 -65.668015 -66.566895 1.000000 1.000000 1.000000
v -74.935226 -59.974895 -66.581787 1.000000 1.000000 1.000000
v -69.480698 -67.121155 -66.787842 1.000000 1.000000 1.000000
v -75.369980 -60.226154 -66.786621 1.000000 1.000000 1.000000
v -60.864990 -70.333893 -66.576416 1.000000 1.000000 1.000000
v -69.154648 -66.742569 -66.582764 1.000000 1.000000 1.000000
v -61.336227 -71.685349 -66.583496 1.000000 1.000000 1.000000
v -69.480698 -67.121155 -66.787842 1.000000 1.000000 1.000000
v -61.520660 -72.153458 -66.788818 1.000000 1.000000 1.000000
v -52.070908 -72.028687 -66.580566 1.000000 1.000000 1.000000
v -61.336227 -71.685349 -66.583496 1.000000 1.000000 1.000000
v -51.304062 -73.650040 -66.580811 1.000000 1.000000 1.000000
v -51.350311 -74.145218 -66.786865 1.000000 1.000000 1.000000
v -61.520660 -72.153458 -66.788818 1.000000 1.000000 1.000000
v 53.566650 -72.186401 -66.526611 1.000000 1.000000 1.000000
v -51.304062 -73.650040 -66.580811 1.000000 1.000000 1.000000
v 53.708557 -73.632919 -66.526855 1.000000 1.000000 1.000000
v -51.350311 -74.145218 -66.786865 1.000000 1.000000 1.000000
v 53.758423 -74.127884 -66.730713 1.000000 1.000000 1.000000
v 64.339478 -71.548172 -66.524170 1.000000 1.000000 1.000000
v 53.708557 -73.632919 -66.526855 1.000000 1.000000 1.000000
v 53.758423 -74.127884 -66.730713 1.000000 1.000000 1.000000
v 64.533752 -72.014633 -66.728760 1.000000 1.000000 1.000000
v 65.711670 -68.929214 -66.534180 1.000000 1.000000 1.000000
v 73.114197 -65.684601 -66.524902 1.000000 1.000000 1.000000
v 64.339478 -71.548172 -66.524170 1.000000 1.000000 1.000000
v 64.533752 -72.014633 -66.728760 1.000000 1.000000 1.000000
v 73.472809 -66.041245 -66.729736 1.000000 1.000000 1.000000
v 72.767548 -63.655567 -66.543945 1.000000 1.000000 1.000000
v 78.977478 -56.909840 -66.526123 1.000000 1.000000 1.000000
v 73.114197 -65.684601 -66.524902 1.000000 1.000000 1.000000
v 73.472809 -66.041245 -66.729736 1.000000 1.000000 1.000000
v 79.445892 -57.102131 -66.731201 1.000000 1.000000 1.000000
v 77.643188 -56.361019 -66.551758 1.000000 1.000000 1.000000
v 81.061340 -46.277927 -66.526855 1.000000 1.000000 1.000000
v 78.977478 -56.909840 -66.526123 1.000000 1.000000 1.000000
v 79.614807 -46.138012 -66.555420 1.000000 1.000000 1.000000
v 81.558136 -46.325695 -66.732178 1.000000 1.000000 1.000000
v 79.445892 -57.102131 -66.731201 1.000000 1.000000 1.000000
v 81.053680 51.386810 -66.535645 1.000000 1.000000 1.000000
v 79.597168 51.387306 -66.552246 1.000000 1.000000 1.000000
v 81.061340 -46.277927 -66.526855 1.000000 1.000000 1.000000
v 81.558136 -46.325695 -66.732178 1.000000 1.000000 1.000000
v 81.550323 51.591667 -66.734863 1.000000 1.000000 1.000000
v 3.195755 -81.081940 27.847168 1.000000 1.000000 1.000000
v 3.915070 -81.781174 27.227295 1.000000 1.000000 1.000000
v 3.654327 -81.004318 27.162598 1.000000 1.000000 1.000000
v 1.678314 -69.637787 26.352295 1.000000 1.000000 1.000000
v 3.542511 -82.048416 27.927246 1.000000 1.000000 1.000000
v 2.141846 -69.471222 26.106689 1.000000 1.000000 1.000000
v 1.678314 -69.637787 26.352295 1.000000 1.000000 1.000000
v 4.481491 -82.190628 27.251221 1.000000 1.000000 1.000000
v 4.334442 -82.620438 27.960938 1.000000 1.000000 1.000000
v 5.355209 -82.645416 27.939453 1.000000 1.000000 1.000000
v 3.508270 -81.576950 -14.222168 1.000000 1.000000 1.000000
v 1.994553 -70.043732 -15.196777 1.000000 1.000000 1.000000
v 3.769012 -82.353821 -14.157471 1.000000 1.000000 1.000000
v 4.335388 -82.763275 -14.133545 1.000000 1.000000 1.000000
v 5.235855 -82.204803 27.235107 1.000000 1.000000 1.000000
v 6.244461 -82.142212 27.872803 1.000000 1.000000 1.000000
v 4.178604 -83.231232 -14.754639 1.000000 1.000000 1.000000
v 3.386780 -82.659241 -14.788086 1.000000 1.000000 1.000000
v 3.039917 -81.692764 -14.868164 1.000000 1.000000 1.000000
v 1.528397 -70.222534 -15.389160 1.000000 1.000000 1.000000
v 1.994553 -70.043732 -15.196777 1.000000 1.000000 1.000000
v 5.089752 -82.777435 -14.149658 1.000000 1.000000 1.000000
v 5.199371 -83.256210 -14.775879 1.000000 1.000000 1.000000
v 5.894943 -81.836731 27.186279 1.000000 1.000000 1.000000
v 6.675140 -81.264038 27.782959 1.000000 1.000000 1.000000
v 5.748840 -82.409378 -14.198486 1.000000 1.000000 1.000000
v 6.088577 -82.753021 -14.842529 1.000000 1.000000 1.000000
v 6.202881 -81.208344 27.122070 1.000000 1.000000 1.000000
v 6.527893 -80.247223 27.693848 1.000000 1.000000 1.000000
v 6.056778 -81.780991 -14.262939 1.000000 1.000000 1.000000
v 6.519257 -81.874878 -14.932373 1.000000 1.000000 1.000000
v 6.372055 -80.858047 -15.021484 1.000000 1.000000 1.000000
v 6.068787 -80.400192 27.051514 1.000000 1.000000 1.000000
v 2.633377 -69.398529 26.307861 1.000000 1.000000 1.000000
v 2.141846 -69.471222 26.106689 1.000000 1.000000 1.000000
v 5.922684 -80.972809 -14.333496 1.000000 1.000000 1.000000
v 2.483353 -69.983017 -15.433105 1.000000 1.000000 1.000000
v 2.141846 -69.471222 26.106689 1.000000 1.000000 1.000000
v 1.994553 -70.043732 -15.196777 1.000000 1.000000 1.000000
v 2.483353 -69.983017 -15.433105 1.000000 1.000000 1.000000

vn 0.660967 -0.442110 -0.606253
vn 0.660967 -0.442110 -0.606253
vn 0.660967 -0.442110 -0.606253
vn 0.660967 -0.442110 -0.606253
vn 0.707865 0.674646 0.206644
vn 0.935515 0.028823 -0.351246
vn 0.735222 0.055203 -0.675623
vn 0.923791 0.364924 0.116756
vn 0.778212 -0.151930 -0.609184
vn 0.778212 -0.151930 -0.609184
vn 0.778212 -0.151930 -0.609184
vn 0.778212 -0.151930 -0.609184
vn 0.774304 -0.018075 -0.632633
vn 0.774304 -0.018075 -0.632633
vn 0.774304 -0.018075 -0.632633
vn 0.774304 -0.018075 -0.632633
vn 0.787005 0.000489 -0.617000
vn 0.787005 0.000489 -0.617000
vn 0.787005 0.000489 -0.617000
vn 0.787005 0.000489 -0.617000
vn 0.787983 0.000489 -0.616023
vn 0.787983 0.000489 -0.616023
vn 0.788960 -0.000489 -0.615046
vn 0.787983 0.000489 -0.616023
vn 0.744016 0.667807 0.004397
vn 0.744016 0.667807 0.004397
vn 0.744016 0.667807 0.004397
vn 0.905227 0.424524 0.004397
vn 0.905227 0.424524 0.004397
vn 0.905227 0.424524 0.004397
vn 0.433317 -0.617000 -0.656082
vn 0.433317 -0.617000 -0.656082
vn 0.433317 -0.617000 -0.656082
vn 0.433317 -0.617000 -0.656082
vn 0.971666 -0.212506 0.106009
vn 0.873962 -0.475330 -0.096238
vn 0.972643 -0.213483 -0.094284
vn 0.619932 -0.336590 -0.708842
vn 0.693210 -0.151930 -0.704934
vn 0.873962 -0.474353 0.105032
vn 0.616023 -0.334636 0.712750
vn 0.687347 -0.149976 0.710796
vn 0.830972 -0.555447 0.004397
vn 0.873962 -0.485100 0.018075
vn 0.873962 -0.485100 0.018075
vn 0.831949 -0.555447 0.003420
vn 0.911089 -0.412799 0.019052
vn 0.911089 -0.412799 0.019052
vn 0.943332 -0.332682 0.005374
vn 0.943332 -0.332682 0.006351
vn 0.919883 -0.377626 -0.103078
vn 0.993161 -0.019052 0.116756
vn 0.918906 -0.376649 0.118710
vn 0.647289 -0.265266 0.714704
vn 0.702003 -0.013190 0.711773
vn 0.995115 -0.019052 -0.101124
vn 0.651197 -0.267220 -0.709819
vn 0.708842 -0.013190 -0.704934
vn 0.986322 -0.165608 0.010259
vn 0.980459 -0.194919 0.005374
vn 0.986322 -0.165608 0.010259
vn 0.980459 -0.193942 0.005374
vn 0.990230 -0.137274 0.011236
vn 0.990230 -0.137274 0.011236
vn 0.994138 -0.108940 0.005374
vn 0.994138 -0.108940 0.005374
vn 0.998046 0.056180 0.006351
vn 1.000000 0.000489 0.023937
vn 1.000000 0.000489 0.006351
vn 1.000000 0.000489 0.004397
vn 0.998046 0.064973 0.000489
vn 0.998046 0.053249 0.023937
vn 0.985344 -0.000489 0.173424
vn 0.935515 0.353200 0.004397
vn 0.932584 0.361016 -0.008305
vn 0.935515 0.351246 0.027846
vn 0.982413 0.063019 0.175379
vn 0.824133 0.000489 0.566194
vn 0.911089 0.364924 0.191011
vn 0.711773 0.702980 0.003420
vn 0.710796 0.703957 -0.013190
vn 0.711773 0.702003 0.030777
vn 0.695164 0.691255 0.197850
vn 0.761602 0.320958 0.562286
vn 0.826087 0.056180 0.560332
vn 0.475330 0.000489 0.879824
vn 0.487054 0.030777 0.872985
vn 0.018075 -0.000489 1.000000
vn 0.466536 0.200782 0.861260
vn 0.586712 0.584758 0.561309
vn 0.322912 0.759648 0.565217
vn 0.009282 0.003420 1.000000
vn 0.018075 0.001466 1.000000
vn 0.000489 0.053249 0.999023
vn -0.000488 -0.000489 1.000000
vn 0.006351 0.006351 1.000000
vn 0.363947 0.362970 0.858329
vn -0.000488 0.050318 0.999023
vn -0.000488 -0.000489 1.000000
vn -0.000488 -0.000489 1.000000
vn -0.000488 0.000489 1.000000
vn -0.000488 -0.000489 1.000000
vn 0.200782 0.465559 0.862237
vn 0.009282 0.477284 0.878847
vn -0.000488 0.473376 0.880801
vn 0.004397 0.009282 1.000000
vn 0.018075 0.822179 0.569126
vn -0.000488 0.821202 0.570103
vn -0.000488 0.983390 0.179287
vn 0.021983 0.983390 0.180264
vn 0.000489 1.000000 0.026869
vn 0.369810 0.908158 0.194919
vn 0.020029 0.999023 0.026869
vn 0.361993 0.931607 0.029800
vn 0.021006 1.000000 0.009282
vn -0.000488 1.000000 0.009282
vn 0.362970 0.931607 0.005374
vn 0.368833 0.929653 -0.007328
vn 0.023938 1.000000 0.005374
vn -0.000488 1.000000 0.006351
vn 0.873962 -0.474353 0.105032
vn 0.645335 -0.757694 -0.097215
vn 0.873962 -0.475330 -0.096238
vn 0.455789 -0.535906 -0.710796
vn 0.619932 -0.336590 -0.708842
vn 0.645335 -0.756717 0.103078
vn 0.616023 -0.334636 0.712750
vn 0.454812 -0.533952 0.712750
vn 0.805569 -0.174402 -0.566194
vn 0.805569 -0.174402 -0.566194
vn 0.805569 -0.174402 -0.566194
vn 0.805569 -0.174402 -0.566194
vn 1.000000 -0.004397 0.004397
vn 1.000000 -0.000489 0.005374
vn 1.000000 -0.004397 0.004397
vn 1.000000 -0.000489 0.005374
vn 1.000000 -0.009282 0.004397
vn 1.000000 -0.009282 0.004397
vn 1.000000 -0.014167 0.005374
vn 1.000000 -0.013190 0.005374
vn 1.000000 -0.000489 0.005374
vn 1.000000 -0.000489 0.005374
vn 1.000000 -0.000489 0.005374
vn 1.000000 -0.000489 0.005374
vn 1.000000 -0.000489 0.005374
vn 1.000000 -0.000489 0.005374
vn 1.000000 -0.000489 0.005374
vn 1.000000 -0.000489 0.005374
vn 1.000000 -0.000489 0.005374
vn 1.000000 -0.000489 0.005374
vn 1.000000 -0.000489 0.005374
vn 1.000000 -0.000489 0.005374
vn 1.000000 -0.000489 0.005374
vn 1.000000 -0.000489 0.005374
vn 0.994138 -0.006351 0.109917
vn 1.000000 -0.005374 0.003420
vn 0.993161 -0.109917 -0.032731
vn 1.000000 -0.000489 0.008305
vn 0.722521 -0.040547 0.690278
vn 0.721544 -0.654128 -0.229116
vn 0.994138 -0.101124 -0.029800
vn 0.720567 -0.655105 -0.228139
vn 0.993161 -0.109917 -0.032731
vn 1.000000 -0.006351 0.004397
vn 0.702003 -0.013190 0.711773
vn 0.993161 -0.019052 0.116756
vn 0.994138 -0.006351 0.109917
vn 0.995115 -0.019052 -0.101124
vn 1.000000 -0.000489 0.008305
vn 0.935515 0.028823 -0.351246
vn 0.708842 -0.013190 -0.704934
vn 0.735222 0.055203 -0.675623
vn 0.996092 -0.006351 -0.083537
vn 0.994138 -0.101124 -0.029800
vn 0.995115 0.008305 0.099169
vn 0.737176 -0.047386 -0.674646
vn 0.720567 -0.655105 -0.228139
vn 0.709819 0.674646 0.202736
vn 0.923791 0.365901 0.114802
vn 0.733268 0.064973 0.676600
vn 0.923791 0.365901 0.114802
vn 0.923791 0.364924 0.116756
vn 0.707865 0.674646 0.206644
vn 0.996092 -0.010259 -0.092330
vn 0.713727 -0.007328 -0.700049
vn 0.996092 -0.006351 -0.083537
vn 0.994138 -0.010259 0.106986
vn 0.995115 0.008305 0.099169
vn 0.702980 -0.007328 0.710796
vn 0.733268 0.064973 0.676600
vn 0.693210 -0.151930 -0.704934
vn 0.713727 -0.007328 -0.700049
vn 0.972643 -0.213483 -0.094284
vn 0.971666 -0.212506 0.106009
vn 0.994138 -0.010259 0.106986
vn 0.687347 -0.149976 0.710796
vn 0.702980 -0.007328 0.710796
vn 0.702980 -0.702980 -0.105032
vn 0.918906 -0.376649 0.118710
vn 0.702980 -0.702003 0.115779
vn 0.919883 -0.377626 -0.103078
vn 0.497802 -0.497802 -0.709819
vn 0.651197 -0.267220 -0.709819
vn 0.647289 -0.265266 0.714704
vn 0.494871 -0.494871 0.713727
vn 0.494871 -0.494871 0.713727
vn 0.377626 -0.918906 0.112848
vn 0.266243 -0.648266 0.713727
vn 0.377626 -0.919883 -0.108940
vn 0.702980 -0.702980 -0.105032
vn 0.267220 -0.650220 -0.710796
vn 0.497802 -0.497802 -0.709819
vn 0.642404 -0.765510 0.018075
vn 0.555447 -0.831949 0.001466
vn 0.555447 -0.831949 0.001466
vn 0.642404 -0.765510 0.018075
vn 0.720567 -0.693210 0.019052
vn 0.720567 -0.693210 0.019052
vn 0.794822 -0.607230 0.003420
vn 0.794822 -0.607230 0.003420
vn 0.748901 -0.298486 -0.591597
vn 0.748901 -0.298486 -0.591597
vn 0.748901 -0.298486 -0.591597
vn 0.748901 -0.298486 -0.591597
vn 0.387396 0.882755 0.266243
vn 0.735222 0.055203 -0.675623
vn 0.382511 0.923791 0.001466
vn 0.707865 0.674646 0.206644
vn 0.816317 0.512457 0.266243
vn 0.816317 0.512457 0.266243
vn 0.816317 0.512457 0.266243
vn 0.816317 0.512457 0.266243
vn 0.216414 -0.976551 0.019052
vn 0.026869 -0.999023 -0.022960
vn 0.427455 -0.904250 -0.013190
vn 0.427455 -0.904250 -0.013190
vn 0.723498 -0.690278 0.015144
vn 0.723498 -0.690278 0.015144
vn 0.928676 -0.371764 0.007328
vn 0.928676 -0.371764 0.007328
vn 1.000000 -0.018075 0.013190
vn 1.000000 -0.018075 0.013190
vn 1.000000 -0.001466 0.014167
vn 1.000000 -0.001466 0.014167
vn 1.000000 -0.001466 0.013190
vn 1.000000 -0.001466 0.013190
vn 1.000000 -0.000489 0.006351
vn 1.000000 -0.000489 0.006351
vn 1.000000 -0.002443 0.005374
vn 1.000000 -0.002443 0.005374
vn 1.000000 0.000489 0.007328
vn 1.000000 0.000489 0.007328
vn 1.000000 0.000489 0.006351
vn 1.000000 -0.012213 0.006351
vn 1.000000 0.000489 0.007328
vn 1.000000 -0.012213 0.006351
vn 0.974597 -0.225208 0.005374
vn 0.974597 -0.225208 0.005374
vn 0.877870 -0.478261 0.011236
vn 0.877870 -0.478261 0.011236
vn 0.666830 -0.745970 -0.003420
vn 0.837812 0.083537 -0.539814
vn 0.837812 0.083537 -0.539814
vn 0.837812 0.083537 -0.539814
vn 0.837812 0.083537 -0.539814
vn 0.217391 -0.724475 -0.654128
vn 0.217391 -0.724475 -0.654128
vn 0.217391 -0.724475 -0.654128
vn 0.217391 -0.724475 -0.654128
vn -0.002443 0.000489 1.000000
vn -0.487054 0.030777 0.872985
vn -0.004397 0.000489 1.000000
vn -0.474353 0.040547 0.878847
vn -0.823156 0.040547 0.566194
vn -0.003420 0.004397 1.000000
vn -0.826087 0.056180 0.560332
vn -0.983390 0.039570 0.174402
vn -0.982413 0.063996 0.175379
vn -0.466536 0.200782 0.861260
vn -0.761602 0.320958 0.562286
vn -0.911089 0.364924 0.191011
vn -0.695164 0.691255 0.197850
vn -0.585735 0.584758 0.561309
vn -0.363947 0.362970 0.858329
vn -0.001465 0.001466 1.000000
vn -0.200782 0.465559 0.862237
vn -0.321934 0.759648 0.565217
vn -0.368832 0.909135 0.194919
vn -0.021983 0.983390 0.180264
vn -0.018075 0.822179 0.569126
vn -0.000488 0.821202 0.570103
vn -0.009282 0.477284 0.878847
vn -0.000488 0.473376 0.880801
vn -0.000488 0.002443 1.000000
vn -0.000488 0.014167 1.000000
vn 0.000489 0.013190 1.000000
vn 0.000489 0.004397 1.000000
vn 0.739130 -0.316072 -0.594529
vn 0.739130 -0.316072 -0.594529
vn 0.739130 -0.316072 -0.594529
vn 0.739130 -0.316072 -0.594529
vn -0.005374 -0.010259 1.000000
vn -0.008305 -0.878847 0.477284
vn -0.000488 -0.156815 0.987298
vn -0.000488 0.156815 0.987298
vn -0.445041 -0.774304 0.449927
vn -0.009282 -0.934538 0.357108
vn -0.463605 -0.797753 0.384465
vn -0.003420 -0.337567 0.941378
vn -0.009282 -0.005374 1.000000
vn -0.153884 -0.263312 0.952125
vn 0.004397 0.339521 0.940401
vn -0.776258 -0.447973 0.444064
vn -0.798730 -0.459697 0.388373
vn -0.010259 0.000489 1.000000
vn -0.895457 -0.000489 0.445042
vn 0.181241 0.304348 0.935515
vn 0.000489 0.004397 1.000000
vn 0.000489 0.000489 1.000000
vn -0.262335 -0.150953 0.953102
vn 0.308256 0.177333 0.934538
vn 0.000489 0.000489 1.000000
vn -0.920860 0.001466 0.390327
vn -0.302394 -0.000489 0.953102
vn 0.356131 0.000489 0.934538
vn 0.000489 0.000489 1.000000
vn 0.000489 -0.000489 1.000000
vn 0.308256 -0.178310 0.934538
vn -0.261358 0.150953 0.953102
vn 0.179287 -0.304348 0.935515
vn 0.000489 -0.000489 1.000000
vn 0.000489 -0.004397 1.000000
vn -0.152907 0.264289 0.952125
vn 0.004397 -0.339521 0.940401
vn -0.006351 -0.004397 1.000000
vn -0.028823 -0.337567 0.940401
vn -0.475330 -0.020029 0.879824
vn -0.003420 0.337567 0.941378
vn -0.460674 0.797753 0.388373
vn -0.795799 0.460674 0.392281
vn -0.009282 0.933561 0.358085
vn -0.775281 0.446996 0.446019
vn -0.443087 0.773327 0.452858
vn -0.009282 0.005374 1.000000
vn -0.005374 0.010259 1.000000
vn -0.007328 0.877870 0.478261
vn -0.012213 0.878847 0.477284
vn -0.010259 0.933561 0.358085
vn -0.214460 0.888618 0.405960
vn -0.173424 0.930630 0.322912
vn -0.028823 0.338544 0.940401
vn -0.447973 0.338544 0.827064
vn -0.774304 0.338544 0.533952
vn -0.449927 -0.329751 0.829995
vn -0.824133 -0.020029 0.566194
vn -0.775281 -0.333659 0.536883
vn -0.932584 -0.321935 0.165608
vn 0.387396 0.883732 0.261358
vn 0.733268 0.064973 0.676600
vn 0.709819 0.674646 0.202736
vn 0.382511 0.923791 0.001466
vn 0.645335 -0.756717 0.103078
vn 0.330728 -0.938447 -0.099169
vn 0.645335 -0.757694 -0.097215
vn 0.455789 -0.535906 -0.710796
vn 0.234001 -0.664875 -0.709819
vn 0.330728 -0.938447 0.101124
vn 0.454812 -0.533952 0.712750
vn 0.234001 -0.662921 0.710796
vn 0.964827 -0.263312 -0.004397
vn 0.964827 -0.263312 -0.004397
vn 0.964827 -0.263312 -0.004397
vn 0.964827 -0.263312 -0.004397
vn 0.379580 0.097215 0.919883
vn 0.379580 0.097215 0.919883
vn 0.379580 0.097215 0.919883
vn 0.379580 0.097215 0.919883
vn 0.379580 0.097215 0.919883
vn 0.379580 0.097215 0.919883
vn 0.938447 -0.345383 0.009282
vn 0.938447 -0.345383 0.009282
vn 0.938447 -0.345383 0.009282
vn 0.938447 -0.345383 0.009282
vn -0.020029 0.999023 0.026869
vn -0.361016 0.932584 0.029800
vn 0.000489 1.000000 0.026869
vn -0.000488 1.000000 0.009282
vn -0.000488 0.983390 0.179287
vn -0.021006 1.000000 0.009282
vn -0.000488 1.000000 0.006351
vn -0.023937 1.000000 0.005374
vn -0.367855 0.929653 -0.007328
vn -0.361993 0.932584 0.005374
vn -0.710796 0.703957 -0.013190
vn -0.711773 0.702980 0.003420
vn -0.932584 0.360039 -0.008305
vn -0.711773 0.702003 0.030777
vn -0.936492 0.352223 0.004397
vn -0.999023 0.050318 0.005374
vn -0.936492 0.350269 0.027846
vn -0.999023 0.043478 0.006351
vn 0.993161 -0.118710 0.018075
vn 0.993161 -0.118710 0.018075
vn 0.993161 -0.118710 0.018075
vn 0.993161 -0.118710 0.018075
vn -0.427455 -0.647289 -0.630679
vn -0.427455 -0.647289 -0.630679
vn -0.427455 -0.647289 -0.630679
vn -0.427455 -0.647289 -0.630679
vn -0.426478 -0.648266 -0.630679
vn 0.460674 -0.887640 -0.014167
vn 0.368833 -0.929653 -0.014167
vn 0.460674 -0.887640 -0.014167
vn 0.553493 -0.832926 0.003420
vn 0.553493 -0.832926 0.003420
vn 0.368833 -0.929653 -0.014167
vn 0.272106 -0.961895 0.000489
vn 0.272106 -0.961895 0.001466
vn -0.614069 -0.493894 -0.616023
vn -0.614069 -0.493894 -0.616023
vn -0.614069 -0.493894 -0.616023
vn -0.614069 -0.492916 -0.616023
vn 0.736199 -0.328774 -0.592574
vn 0.736199 -0.328774 -0.592574
vn 0.736199 -0.328774 -0.592574
vn 0.736199 -0.328774 -0.592574
vn 0.927699 -0.373718 -0.005374
vn 0.927699 -0.373718 -0.005374
vn 0.927699 -0.373718 -0.005374
vn 0.927699 -0.373718 -0.005374
vn 0.999023 0.034685 -0.009282
vn 0.999023 0.034685 -0.009282
vn 0.999023 0.034685 -0.009282
vn 0.999023 0.034685 -0.009282
vn 0.060088 -0.769419 -0.635564
vn 0.060088 -0.769419 -0.636541
vn 0.060088 -0.769419 -0.636541
vn 0.061065 -0.769419 -0.635564
vn -0.150953 -0.774304 -0.614069
vn -0.150953 -0.774304 -0.614069
vn -0.150953 -0.774304 -0.614069
vn -0.150953 -0.774304 -0.614069
vn -0.774304 -0.065950 0.629702
vn -0.830972 -0.263312 0.490962
vn -0.707865 -0.054226 0.704934
vn -0.664875 -0.000489 0.746947
vn -0.882755 -0.152907 0.444064
vn -0.749878 0.000489 0.660967
vn -0.903273 0.000489 0.429409
vn -0.867123 0.185149 0.462628
vn -0.758671 0.111871 0.641426
vn -0.685393 0.068881 0.725452
vn -0.387396 0.067904 0.918906
vn -0.744016 0.235955 0.625794
vn -0.790913 0.335613 0.511480
vn -0.450904 0.439179 0.777235
vn -0.413776 0.206644 0.886663
vn -0.163654 0.450904 0.876893
vn -0.156815 0.171470 0.972643
vn -0.139228 0.048363 0.989253
vn -0.028823 0.432340 0.901319
vn -0.008305 0.044455 0.999023
vn -0.000488 0.433317 0.901319
vn -0.000488 0.132389 0.991207
vn -0.000488 0.000489 1.000000
vn -0.000488 0.433317 0.901319
vn -0.000488 0.000489 1.000000
vn -0.000488 0.081583 0.997069
vn -0.000488 0.000489 1.000000
vn -0.000488 0.433317 0.901319
vn 0.000489 0.000489 1.000000
vn -0.000488 0.078652 0.997069
vn -0.000488 0.000489 1.000000
vn -0.000488 0.000489 1.000000
vn -0.000488 -0.000489 1.000000
vn -0.000488 0.000489 1.000000
vn -0.000488 0.000489 1.000000
vn -0.000488 -0.045432 0.999023
vn -0.000488 -0.045432 0.999023
vn 0.000489 -0.434294 0.900342
vn -0.000488 -0.434294 0.900342
vn -0.000488 0.000489 1.000000
vn -0.000488 0.115779 0.993161
vn -0.000488 0.434294 0.901319
vn -0.000488 0.116756 0.993161
vn -0.000488 -0.000489 1.000000
vn -0.000488 0.434294 0.900342
vn 0.374695 -0.905227 0.199805
vn 0.691256 -0.691256 -0.211529
vn 0.694187 -0.693210 0.193942
vn 0.348315 -0.843674 0.407914
vn 0.647289 -0.646312 0.404006
vn 0.844651 -0.347338 0.406937
vn 0.036639 -0.978505 0.201759
vn 0.034685 -0.911089 0.409868
vn 0.142159 -0.951148 0.273083
vn 0.065950 -0.989253 0.128481
vn 0.374695 -0.903273 -0.208598
vn 0.035662 -0.977528 -0.206644
vn -0.074743 -0.989253 -0.128481
vn 0.348315 -0.840743 -0.414753
vn 0.031754 -0.912066 -0.407914
vn -0.421593 -0.887640 -0.185149
vn 0.643381 -0.643381 -0.415730
vn 0.903273 -0.373718 -0.209575
vn 0.840743 -0.348315 -0.414753
vn 0.906204 -0.373718 0.198828
vn 0.975574 -0.083537 -0.202736
vn 0.909135 -0.077675 -0.408891
vn 0.975574 -0.082560 0.204690
vn 0.910112 -0.075721 0.407914
vn 0.979482 0.000489 -0.200782
vn 0.913044 -0.000489 -0.407914
vn 0.978505 -0.000489 0.207621
vn 0.913044 -0.000489 0.408891
vn 0.913044 -0.000489 0.408891
vn 0.979482 0.000489 -0.200782
vn 0.913044 0.000489 -0.407914
vn 0.978505 -0.000489 0.207621
vn 0.910112 0.075721 0.407914
vn 0.909135 0.077675 -0.408891
vn 0.975574 0.081583 0.204690
vn 0.844651 0.347338 0.406937
vn 0.975574 0.083537 -0.202736
vn 0.840743 0.348315 -0.414753
vn 0.903273 0.373718 -0.209575
vn 0.906204 0.373718 0.198828
vn 0.694187 0.693210 0.194919
vn -0.751832 0.107963 0.650220
vn -0.380557 -0.000489 0.924768
vn -0.394235 0.097215 0.914021
vn -0.852467 0.308256 0.422570
vn -0.934538 0.137274 0.327797
vn -0.421593 0.492916 0.760625
vn -0.045432 0.480215 0.875916
vn -0.759648 0.037616 0.649243
vn -0.951148 -0.000489 0.307279
vn -0.669761 -0.000489 0.742061
vn -0.073766 -0.000489 0.997069
vn -0.903273 -0.000489 0.428432
vn -0.065950 0.114802 0.991207
vn 0.000489 0.121641 0.992184
vn 0.001466 0.472399 0.880801
vn 0.001466 -0.000489 1.000000
vn 0.001466 -0.000489 1.000000
vn 0.001466 0.000489 1.000000
vn -0.073766 0.000489 0.997069
vn 0.001466 0.000489 1.000000
vn -0.380557 0.000489 0.924768
vn -0.065950 -0.115779 0.991207
vn 0.000489 -0.123595 0.992184
vn -0.045432 -0.497802 0.866146
vn 0.000489 -0.490962 0.871031
vn -0.394235 -0.098192 0.914021
vn -0.422570 -0.504641 0.752809
vn -0.852467 -0.308256 0.422570
vn -0.751832 -0.107963 0.650220
vn -0.934538 -0.137274 0.327797
vn -0.669761 -0.000489 0.742061
vn -0.759648 -0.037616 0.649243
vn -0.394235 0.098192 0.914021
vn -0.073766 -0.000489 0.997069
vn -0.065950 0.115779 0.991207
vn 0.001466 -0.000489 1.000000
vn 0.000489 0.123595 0.992184
vn 0.001466 -0.000489 1.000000
vn -0.045432 0.497802 0.866146
vn 0.000489 0.490962 0.871031
vn 0.001466 0.000489 1.000000
vn -0.422570 0.504641 0.752809
vn -0.852467 0.308256 0.422570
vn -0.073766 0.000489 0.997069
vn 0.001466 0.000489 1.000000
vn -0.380557 -0.000489 0.924768
vn -0.751832 0.107963 0.650220
vn -0.934538 0.137274 0.327797
vn -0.759648 0.037616 0.649243
vn -0.951148 -0.000489 0.307279
vn -0.669761 -0.000489 0.742061
vn -0.380557 0.000489 0.924768
vn -0.903273 -0.000489 0.428432
vn -0.759648 -0.037616 0.649243
vn -0.934538 -0.137274 0.327797
vn -0.669761 -0.000489 0.742061
vn -0.751832 -0.107963 0.650220
vn -0.852467 -0.308256 0.422570
vn -0.394235 -0.098192 0.914021
vn -0.422570 -0.504641 0.752809
vn -0.045432 -0.497802 0.866146
vn -0.065950 -0.115779 0.991207
vn 0.000489 -0.123595 0.992184
vn 0.000489 -0.490962 0.871031
vn -0.761602 -0.262335 -0.593552
vn -0.761602 -0.262335 -0.593552
vn -0.761602 -0.262335 -0.593552
vn -0.761602 -0.262335 -0.593552
vn 0.926722 -0.375672 0.010259
vn 0.926722 -0.375672 0.010259
vn 0.926722 -0.375672 0.010259
vn 0.926722 -0.375672 0.010259
vn 0.771373 0.354177 -0.529067
vn 0.771373 0.354177 -0.529067
vn 0.771373 0.354177 -0.529067
vn 0.771373 0.354177 -0.529067
vn -0.007328 -0.772350 -0.634587
vn -0.007328 -0.772350 -0.634587
vn -0.007328 -0.772350 -0.634587
vn -0.007328 -0.772350 -0.634587
vn 0.000489 -0.784074 -0.620909
vn 0.000489 -0.784074 -0.620909
vn 0.000489 -0.784074 -0.620909
vn 0.000489 -0.784074 -0.620909
vn 0.000489 -0.784074 -0.620909
vn 0.000489 -0.784074 -0.620909
vn 0.000489 -0.784074 -0.620909
vn 0.000489 -0.784074 -0.620909
vn 0.000489 -0.784074 -0.620909
vn 0.000489 -0.784074 -0.620909
vn 0.000489 -0.784074 -0.620909
vn 0.000489 -0.784074 -0.620909
vn 0.000489 -0.784074 -0.620909
vn 0.000489 -0.784074 -0.620909
vn 0.000489 -0.784074 -0.620909
vn 0.000489 -0.784074 -0.620909
vn 0.000489 -0.783097 -0.620909
vn 0.000489 -0.784074 -0.620909
vn 0.000489 -0.784074 -0.620909
vn 0.000489 -0.783097 -0.620909
vn 0.000489 -0.783097 -0.620909
vn 0.000489 -0.783097 -0.620909
vn 0.000489 -0.783097 -0.620909
vn 0.000489 -0.783097 -0.620909
vn 0.000489 -0.783097 -0.620909
vn 0.000489 -0.783097 -0.620909
vn 0.000489 -0.783097 -0.620909
vn 0.000489 -0.783097 -0.620909
vn 0.000489 -0.783097 -0.620909
vn 0.000489 -0.783097 -0.620909
vn 0.000489 -0.783097 -0.620909
vn 0.000489 -0.783097 -0.621886
vn 0.000489 -0.783097 -0.621886
vn 0.000489 -0.783097 -0.621886
vn 0.000489 -0.783097 -0.621886
vn 0.000489 -0.783097 -0.621886
vn 0.732291 -0.340498 -0.589643
vn 0.732291 -0.340498 -0.589643
vn 0.732291 -0.340498 -0.589643
vn 0.732291 -0.340498 -0.589643
vn -0.007328 0.008305 1.000000
vn -0.000488 0.000489 1.000000
vn -0.000488 0.000489 1.000000
vn -0.000488 0.000489 1.000000
vn -0.000488 -0.042501 0.999023
vn -0.000488 -0.040547 0.999023
vn -0.000488 -0.433317 0.901319
vn -0.000488 -0.434294 0.901319
vn -0.114802 -0.475330 0.872008
vn -0.122618 -0.049340 0.991207
vn -0.123595 0.001466 0.992184
vn -0.378603 -0.054226 0.923791
vn -0.464582 -0.452858 0.760625
vn -0.365901 0.001466 0.930630
vn 0.979482 0.199805 0.009282
vn 0.979482 0.199805 0.009282
vn 0.979482 0.199805 0.009282
vn 0.979482 0.199805 0.009282
vn 0.921837 -0.387396 -0.005374
vn 0.921837 -0.387396 -0.005374
vn 0.921837 -0.387396 -0.005374
vn 0.921837 -0.387396 -0.005374
vn -0.445041 0.000489 0.895457
vn -0.390327 -0.460674 0.797753
vn -0.390327 0.000489 0.920860
vn -0.390327 0.460674 0.797753
vn -0.953102 -0.000489 0.302394
vn -0.953102 -0.151930 0.263312
vn -0.952125 0.151930 0.263312
vn -0.386419 -0.799707 0.459697
vn -0.952125 -0.265266 0.153884
vn -0.936492 -0.336590 0.094284
vn -0.360039 -0.931607 0.058134
vn -0.946263 0.281876 -0.157792
vn -0.948217 -0.000489 -0.318026
vn -0.948217 0.156815 -0.275037
vn -1.000000 0.000489 -0.000489
vn -1.000000 0.000489 -0.000489
vn -1.000000 0.000489 -0.000489
vn -1.000000 0.001466 0.006351
vn -1.000000 -0.000489 -0.000489
vn -0.945286 0.318026 0.072789
vn -0.984367 0.019052 0.175379
vn -0.948217 -0.156815 -0.275037
vn -1.000000 -0.000489 -0.000489
vn -0.946263 -0.281876 -0.158769
vn -1.000000 -0.001466 0.006351
vn -0.932584 0.321935 0.165608
vn -0.824133 0.020029 0.566194
vn -0.925745 -0.339521 0.163654
vn -0.775281 0.337567 0.533952
vn -0.354177 -0.932584 0.062042
vn -0.447973 0.338544 0.827064
vn -0.475330 0.020029 0.879824
vn -0.774304 -0.338544 0.533952
vn -0.299463 -0.931607 0.205667
vn -0.027846 0.339521 0.940401
vn -0.006351 0.004397 1.000000
vn -0.447973 -0.338544 0.827064
vn -0.378603 -0.889595 0.256473
vn -0.465559 -0.881778 0.079629
vn -0.172447 -0.931607 0.319981
vn -0.028823 -0.338544 0.940401
vn 0.004397 0.339521 0.940401
vn 0.000489 0.004397 1.000000
vn -0.003420 -0.337567 0.941378
vn 0.181241 0.304348 0.935515
vn 0.000489 0.000489 1.000000
vn -0.153884 -0.263312 0.952125
vn -0.009282 -0.934538 0.357108
vn -0.463605 -0.797753 0.384465
vn 0.308256 0.178310 0.934538
vn 0.000489 0.000489 1.000000
vn -0.262335 -0.150953 0.953102
vn -0.798730 -0.459697 0.388373
vn 0.356131 0.000489 0.934538
vn 0.000489 -0.000489 1.000000
vn 0.000489 -0.000489 1.000000
vn -0.302394 -0.000489 0.953102
vn 0.308256 -0.178310 0.934538
vn 0.179287 -0.304348 0.935515
vn 0.000489 -0.000489 1.000000
vn 0.000489 -0.004397 1.000000
vn -0.920860 0.001466 0.390327
vn -0.261358 0.150953 0.953102
vn -0.152907 0.264289 0.952125
vn 0.004397 -0.339521 0.940401
vn -0.006351 -0.004397 1.000000
vn -0.027846 -0.339521 0.940401
vn -0.475330 -0.020029 0.879824
vn -0.003420 0.337567 0.941378
vn -0.460674 0.797753 0.388373
vn -0.795799 0.460674 0.392281
vn -0.009282 0.933561 0.358085
vn -0.443087 0.773327 0.452858
vn -0.775281 0.446996 0.446019
vn -0.895457 -0.000489 0.445042
vn -0.009282 0.005374 1.000000
vn -0.010259 0.000489 1.000000
vn -0.776258 -0.447973 0.444064
vn -0.009282 -0.005374 1.000000
vn -0.445041 -0.774304 0.449927
vn -0.005374 -0.010259 1.000000
vn -0.005374 0.010259 1.000000
vn -0.007328 0.877870 0.478261
vn -0.000488 0.156815 0.987298
vn -0.012213 0.878847 0.477284
vn -0.008305 -0.878847 0.477284
vn -0.000488 -0.156815 0.987298
vn -0.012213 -0.879824 0.476307
vn -0.023937 0.154861 0.987298
vn -0.023937 -0.154861 0.987298
vn -0.458720 -0.163654 0.872985
vn -0.458720 0.163654 0.872985
vn -0.010259 -0.934538 0.356131
vn -0.214460 -0.889595 0.404006
vn -0.819248 -0.163654 0.550562
vn -0.973620 -0.158769 0.163654
vn -0.819248 0.163654 0.550562
vn -0.215437 0.887640 0.406937
vn -0.381534 0.887640 0.257450
vn -0.468490 0.879824 0.079629
vn -0.358085 0.931607 0.063019
vn -0.010259 0.933561 0.358085
vn -0.173424 0.930630 0.322912
vn -0.302394 0.930630 0.207621
vn -0.028823 0.338544 0.940401
vn -0.447973 0.338544 0.827064
vn -0.447973 -0.338544 0.827064
vn -0.824133 -0.020029 0.566194
vn -0.774304 0.338544 0.533952
vn -0.775281 -0.337567 0.533952
vn -0.925745 0.339521 0.163654
vn -0.932584 -0.321935 0.165608
vn -0.984367 -0.019052 0.175379
vn -0.362970 0.929653 0.059111
vn -0.945286 -0.317049 0.072789
vn -0.936492 0.336590 0.094284
vn -0.386419 0.797753 0.462628
vn -0.952125 0.265266 0.154861
vn -0.799707 -0.058134 -0.598437
vn -0.799707 -0.058134 -0.598437
vn -0.799707 -0.058134 -0.598437
vn -0.799707 -0.058134 -0.598437
vn 0.003420 -1.000000 0.004397
vn 0.035662 -0.999023 0.002443
vn 0.026869 -1.000000 0.010259
vn 0.003420 -1.000000 0.004397
vn 0.003420 -1.000000 0.004397
vn 0.004397 -1.000000 0.010259
vn 0.367855 -0.929653 -0.007328
vn 0.004397 -1.000000 0.013190
vn 0.361993 -0.932584 0.005374
vn 0.710796 -0.703957 -0.013190
vn 0.022960 -0.999023 0.028823
vn -0.000488 -1.000000 0.028823
vn -0.000488 -1.000000 0.013190
vn -0.000488 -0.983390 0.179287
vn 0.711773 -0.702980 0.003420
vn 0.932584 -0.360039 -0.008305
vn 0.361016 -0.932584 0.029800
vn 0.935515 -0.352223 0.004397
vn 0.998046 -0.064973 0.000489
vn 0.711773 -0.702003 0.030777
vn 0.368833 -0.909135 0.194919
vn 0.021983 -0.983390 0.180264
vn 0.998046 -0.057157 0.006351
vn 1.000000 0.000489 0.004397
vn 0.936493 -0.350269 0.027846
vn 0.695164 -0.691256 0.197850
vn 0.321935 -0.759648 0.565217
vn 0.018075 -0.822179 0.569126
vn 0.000489 -0.821202 0.570103
vn 0.009282 -0.477284 0.878847
vn 0.000489 -0.473376 0.880801
vn 0.200782 -0.465559 0.862237
vn 0.000489 -0.013190 1.000000
vn -0.000488 -0.013190 1.000000
vn 0.000489 -0.002443 1.000000
vn 0.585735 -0.584758 0.561309
vn 0.363947 -0.362970 0.858329
vn 0.001466 -0.001466 1.000000
vn 0.021006 0.000489 1.000000
vn 0.004397 -0.000489 1.000000
vn -0.000488 -0.000489 1.000000
vn 0.002443 -0.000489 1.000000
vn 0.475330 0.000489 0.879824
vn 0.466536 -0.200782 0.861260
vn 0.487054 -0.030777 0.872985
vn 0.826087 -0.056180 0.560332
vn 0.761602 -0.320957 0.562286
vn 0.018075 -0.000489 1.000000
vn -0.000488 -0.000489 1.000000
vn -0.000488 -0.000489 1.000000
vn -0.000488 -0.000489 1.000000
vn -0.000488 0.000489 1.000000
vn 0.475330 0.000489 0.879824
vn 0.824133 0.000489 0.566194
vn 0.824133 0.000489 0.566194
vn 0.985344 -0.000489 0.173424
vn 0.985344 0.000489 0.173424
vn 1.000000 0.000489 0.023937
vn 0.982413 -0.063019 0.175379
vn 1.000000 0.000489 0.023937
vn 1.000000 0.000489 0.006351
vn 1.000000 0.000489 0.006351
vn 1.000000 0.000489 0.004397
vn 0.998046 -0.054226 0.023937
vn 0.911089 -0.364924 0.191011
vn -0.779189 0.000489 -0.626771
vn -0.779189 0.000489 -0.626771
vn -0.779189 0.000489 -0.626771
vn -0.779189 0.000489 -0.626771
vn -0.779189 0.000489 -0.626771
vn -0.779189 0.000489 -0.626771
vn -0.779189 0.000489 -0.626771
vn -0.779189 0.000489 -0.626771
vn -0.445041 0.000489 0.895457
vn -0.390327 0.000489 0.920860
vn -0.390327 0.460674 0.797753
vn -0.390327 -0.460674 0.797753
vn -0.953102 -0.000489 0.302394
vn -0.452858 0.775281 0.441133
vn -0.386419 0.797753 0.462628
vn -0.362970 0.929653 0.059111
vn -0.474353 0.877870 0.066927
vn -0.952125 0.265266 0.154861
vn -0.952125 0.151930 0.263312
vn -0.358085 0.931607 0.063019
vn -0.468490 0.879824 0.079629
vn -0.936492 0.336590 0.094284
vn -0.925745 0.339521 0.163654
vn -0.381534 0.887640 0.257450
vn -0.946263 -0.281876 -0.158769
vn -0.819248 0.163654 0.550562
vn -0.302394 0.930630 0.207621
vn -0.215437 0.887640 0.406937
vn -0.173424 0.930630 0.322912
vn -0.458720 0.163654 0.872985
vn -0.458720 -0.163654 0.872985
vn -0.819248 -0.163654 0.550562
vn -0.012213 0.878847 0.477284
vn -0.010259 0.933561 0.358085
vn -0.447973 0.338544 0.827064
vn -0.028823 0.338544 0.940401
vn -0.009282 0.933561 0.358085
vn -0.027846 -0.339521 0.940401
vn -0.023937 0.154861 0.987298
vn -0.774304 0.338544 0.533952
vn -0.447973 -0.338544 0.827064
vn -0.775281 -0.337567 0.533952
vn -0.023937 -0.154861 0.987298
vn -0.823156 -0.039570 0.566194
vn -0.474353 -0.039570 0.878847
vn -0.932584 -0.321935 0.165608
vn -0.983390 -0.039570 0.174402
vn -0.003420 -0.004397 1.000000
vn -0.945286 -0.317049 0.072789
vn -1.000000 0.001466 0.003420
vn -1.000000 -0.000489 -0.000489
vn -0.948217 -0.156815 -0.275037
vn -1.000000 -0.000489 -0.000489
vn -0.948217 0.000489 -0.318026
vn -1.000000 0.000489 -0.000489
vn -1.000000 0.000489 -0.000489
vn -0.948217 0.156815 -0.275037
vn -0.953102 -0.151930 0.263312
vn -0.946263 0.281876 -0.157792
vn -1.000000 0.000489 -0.000489
vn -0.952125 -0.265266 0.153884
vn -0.386419 -0.799707 0.459697
vn -1.000000 0.001466 0.006351
vn -0.936492 -0.336590 0.094284
vn -0.360039 -0.931607 0.058134
vn -0.945286 0.318026 0.072789
vn -0.984367 0.019052 0.175379
vn -0.925745 -0.339521 0.163654
vn -0.932584 0.321935 0.165608
vn -0.824133 0.020029 0.566194
vn -0.775281 0.337567 0.533952
vn -0.774304 -0.338544 0.533952
vn -0.299463 -0.931607 0.205667
vn -0.447973 0.338544 0.827064
vn -0.475330 0.020029 0.879824
vn -0.027846 0.339521 0.940401
vn -0.447973 -0.338544 0.827064
vn -0.006351 0.004397 1.000000
vn -0.172447 -0.931607 0.319981
vn -0.378603 -0.889595 0.256473
vn -0.028823 -0.338544 0.940401
vn 0.004397 0.339521 0.940401
vn 0.000489 0.004397 1.000000
vn -0.003420 -0.337567 0.941378
vn -0.214460 -0.889595 0.404006
vn -0.010259 -0.934538 0.356131
vn -0.012213 -0.879824 0.476307
vn -0.009282 -0.934538 0.357108
vn -0.000488 -0.156815 0.987298
vn -0.008305 -0.878847 0.477284
vn -0.463605 -0.797753 0.384465
vn -0.000488 0.156815 0.987298
vn -0.005374 -0.010259 1.000000
vn -0.445041 -0.774304 0.449927
vn -0.009282 -0.005374 1.000000
vn -0.007328 0.877870 0.478261
vn -0.005374 0.010259 1.000000
vn -0.010259 0.000489 1.000000
vn -0.776258 -0.447973 0.444064
vn -0.443087 0.773327 0.452858
vn -0.009282 0.005374 1.000000
vn -0.775281 0.446996 0.446019
vn -0.895457 -0.000489 0.445042
vn -0.798730 -0.459697 0.388373
vn -0.920860 0.001466 0.390327
vn -0.795799 0.460674 0.392281
vn -0.460674 0.797753 0.388373
vn -0.261358 0.150953 0.953102
vn -0.003420 0.337567 0.941378
vn -0.152907 0.264289 0.952125
vn 0.004397 -0.339521 0.940401
vn 0.000489 -0.004397 1.000000
vn 0.179287 -0.304348 0.935515
vn 0.000489 -0.000489 1.000000
vn 0.000489 -0.000489 1.000000
vn 0.308256 -0.178310 0.934538
vn 0.356131 -0.000489 0.934538
vn 0.000489 -0.000489 1.000000
vn 0.000489 0.000489 1.000000
vn -0.302394 -0.000489 0.953102
vn 0.308256 0.177333 0.934538
vn 0.000489 0.000489 1.000000
vn -0.262335 -0.150953 0.953102
vn 0.181241 0.304348 0.935515
vn -0.153884 -0.263312 0.952125
vn -0.856375 -0.002443 -0.516365
vn -0.847582 0.003420 -0.531021
vn -0.847582 0.003420 -0.531021
vn -0.856375 -0.002443 -0.516365
vn -0.830972 0.014167 -0.555447
vn -0.830972 0.014167 -0.555447
vn 0.920860 -0.390327 0.010259
vn 0.920860 -0.390327 0.010259
vn 0.920860 -0.390327 0.010259
vn 0.920860 -0.390327 0.010259
vn 0.729360 -0.352223 -0.586712
vn 0.729360 -0.352223 -0.586712
vn 0.729360 -0.352223 -0.586712
vn 0.729360 -0.352223 -0.586712
vn 0.950171 0.310210 0.013190
vn 0.950171 0.310210 0.013190
vn 0.950171 0.310210 0.013190
vn 0.950171 0.310210 0.013190
vn 0.018075 -0.994138 -0.107963
vn 0.377626 -0.918906 0.112848
vn 0.018075 -0.994138 0.108940
vn 0.266243 -0.648266 0.713727
vn 0.012213 -0.706888 0.707865
vn 0.377626 -0.919883 -0.108940
vn 0.267220 -0.650220 -0.710796
vn 0.013190 -0.706888 -0.707865
vn 0.229116 -0.371764 0.899365
vn 0.238886 -0.272106 0.932584
vn 0.229116 -0.371764 0.899365
vn 0.238886 -0.272106 0.932584
vn 0.251588 -0.088422 0.963850
vn 0.251588 -0.088422 0.963850
vn 0.251588 0.088422 0.963850
vn 0.251588 0.088422 0.963850
vn 0.238886 0.272106 0.932584
vn 0.238886 0.272106 0.932584
vn 0.229116 0.371764 0.899365
vn 0.229116 0.371764 0.899365
vn 0.229116 -0.371764 0.899365
vn 0.238886 -0.272106 0.932584
vn 0.229116 -0.371764 0.899365
vn 0.238886 -0.272106 0.932584
vn 0.251588 -0.088422 0.963850
vn 0.251588 -0.088422 0.963850
vn 0.251588 0.088422 0.963850
vn 0.251588 0.088422 0.963850
vn 0.238886 0.272106 0.932584
vn 0.238886 0.272106 0.932584
vn 0.229116 0.371764 0.899365
vn 0.229116 0.371764 0.899365
vn 0.387396 0.883732 0.261358
vn 0.707865 0.674646 0.206644
vn 0.387396 0.882755 0.266243
vn 0.709819 0.674646 0.202736
vn 0.330728 -0.938447 0.101124
vn 0.015144 -0.995115 -0.100147
vn 0.330728 -0.938447 -0.099169
vn 0.234001 -0.664875 -0.709819
vn 0.010259 -0.706888 -0.706888
vn 0.014167 -0.995115 0.099169
vn 0.234001 -0.662921 0.710796
vn 0.009282 -0.707865 0.706888
vn -0.445041 0.000489 0.895457
vn -0.390327 0.460674 0.797753
vn -0.445041 0.447973 0.775281
vn -0.386419 0.798730 0.460674
vn -0.451881 0.775281 0.440156
vn -0.390327 0.000489 0.920860
vn -0.390327 -0.460674 0.797753
vn -0.953102 0.000489 0.302394
vn -0.360039 0.931607 0.058134
vn -0.472399 0.878847 0.066927
vn -0.952125 0.265266 0.153884
vn -0.953102 0.151930 0.263312
vn -0.354177 0.932584 0.062042
vn -0.465559 0.881778 0.079629
vn -0.936492 0.336590 0.094284
vn -0.925745 0.339521 0.163654
vn -0.379580 0.888618 0.256473
vn -0.946263 -0.281876 -0.157792
vn -0.819248 0.163654 0.550562
vn -0.299463 0.931607 0.206644
vn -0.945286 -0.317049 0.072789
vn -0.984367 -0.019052 0.175379
vn -1.000000 -0.001466 0.006351
vn -1.000000 -0.000489 -0.000489
vn -1.000000 -0.000489 -0.000489
vn -0.948217 -0.156815 -0.275037
vn -0.948217 -0.000489 -0.318026
vn -1.000000 0.000489 -0.000489
vn -1.000000 0.000489 -0.000489
vn -0.948217 0.156815 -0.275037
vn -0.953102 -0.151930 0.263312
vn -0.946263 0.281876 -0.157792
vn -1.000000 0.000489 -0.000489
vn -0.952125 -0.265266 0.153884
vn -0.386419 -0.799707 0.459697
vn -1.000000 -0.001466 0.003420
vn -0.936492 -0.336590 0.094284
vn -0.360039 -0.931607 0.058134
vn -0.945286 0.318026 0.072789
vn -0.983390 0.039570 0.174402
vn -0.925745 -0.339521 0.163654
vn -0.932584 0.321935 0.165608
vn -0.823156 0.040547 0.566194
vn -0.775281 0.337567 0.533952
vn -0.774304 -0.338544 0.533952
vn -0.299463 -0.931607 0.205667
vn -0.447973 0.338544 0.827064
vn -0.474353 0.040547 0.878847
vn -0.027846 0.339521 0.940401
vn -0.447973 -0.338544 0.827064
vn -0.003420 0.004397 1.000000
vn -0.172447 -0.931607 0.319981
vn -0.378603 -0.889595 0.256473
vn -0.028823 -0.338544 0.940401
vn -0.214460 -0.889595 0.404006
vn -0.819248 -0.163654 0.550562
vn -0.010259 -0.934538 0.356131
vn -0.458720 -0.163654 0.872985
vn -0.012213 -0.879824 0.476307
vn -0.023937 -0.154861 0.987298
vn -0.458720 0.163654 0.872985
vn -0.023937 0.154861 0.987298
vn -0.000488 0.000489 -1.000000
vn -0.000488 0.000489 -1.000000
vn -0.000488 0.000489 -1.000000
vn -0.000488 0.000489 -1.000000
vn -0.000488 0.000489 -1.000000
vn -0.000488 0.000489 -1.000000
vn -0.000488 0.000489 -1.000000
vn -0.000488 -0.000489 -1.000000
vn -0.000488 0.000489 -1.000000
vn -0.000488 0.000489 -1.000000
vn -0.000488 0.000489 -1.000000
vn -0.000488 0.000489 -1.000000
vn -0.000488 0.000489 -1.000000
vn -0.000488 0.000489 -1.000000
vn -0.000488 0.000489 -1.000000
vn -0.000488 0.000489 -1.000000
vn -0.000488 0.000489 -1.000000
vn -0.000488 -0.000489 -1.000000
vn -0.000488 0.000489 -1.000000
vn -0.000488 0.000489 -1.000000
vn -0.000488 0.000489 -1.000000
vn -0.000488 0.000489 -1.000000
vn -0.000488 0.000489 -1.000000
vn -0.000488 -0.000489 -1.000000
vn -0.000488 -0.000489 -1.000000
vn 0.000489 0.000489 -1.000000
vn 0.000489 0.000489 -1.000000
vn 0.000489 0.000489 -1.000000
vn -0.000488 0.000489 -1.000000
vn -0.000488 0.000489 -1.000000
vn -0.000488 -0.000489 -1.000000
vn -0.000488 0.000489 -1.000000
vn 0.915975 -0.401075 -0.005374
vn 0.915975 -0.401075 -0.005374
vn 0.915975 -0.401075 -0.005374
vn 0.915975 -0.401075 -0.005374
vn -0.434294 -0.032731 -0.900342
vn -0.434294 -0.032731 -0.900342
vn -0.434294 -0.032731 -0.900342
vn -0.434294 -0.032731 -0.900342
vn 0.115779 -0.993161 -0.007328
vn 0.078652 -0.997069 -0.000489
vn 0.078652 -0.997069 -0.000489
vn 0.115779 -0.993161 -0.007328
vn 0.152907 -0.988276 -0.007328
vn 0.152907 -0.988276 -0.007328
vn 0.192965 -0.981436 0.000489
vn 0.192965 -0.981436 0.000489
vn -0.734245 -0.678554 -0.012213
vn -0.802638 -0.596483 -0.003420
vn -0.734245 -0.679531 -0.012213
vn -0.802638 -0.596483 -0.003420
vn -0.658036 -0.752809 -0.013190
vn -0.658036 -0.752809 -0.013190
vn -0.569126 -0.822179 -0.003420
vn -0.569126 -0.822179 -0.003420
vn 0.383488 0.097215 0.917929
vn 0.350269 -0.151930 0.924768
vn 0.350269 -0.151930 0.924768
vn 0.208598 -0.348315 0.914021
vn 0.383488 0.097215 0.917929
vn 0.381534 0.127504 0.915975
vn 0.381534 0.127504 0.915975
vn 0.208598 -0.348315 0.914021
vn 0.043478 -0.427455 0.902296
vn 0.043478 -0.427455 0.902296
vn -0.036639 -0.429409 0.902296
vn -0.036639 -0.429409 0.902296
vn -0.171470 -0.382511 0.908158
vn -0.172447 -0.382511 0.908158
vn -0.288715 -0.281876 0.914998
vn -0.288715 -0.281876 0.914998
vn -0.365901 -0.137274 0.920860
vn -0.365901 -0.137274 0.920860
vn -0.370786 -0.121641 0.920860
vn -0.370786 -0.121641 0.920860
vn -0.456766 -0.883732 0.100147
vn -0.692232 -0.713727 -0.105032
vn -0.456766 -0.883732 -0.104055
vn -0.322912 -0.624817 -0.711773
vn -0.490962 -0.505618 -0.708842
vn -0.692232 -0.714704 0.097215
vn -0.322912 -0.625794 0.709819
vn -0.492916 -0.508549 0.705911
vn -0.156815 -0.807523 -0.569126
vn -0.157792 -0.807523 -0.569126
vn -0.156815 -0.807523 -0.569126
vn -0.156815 -0.807523 -0.569126
vn 0.024915 -0.060088 -0.998046
vn 0.001466 -0.000489 -1.000000
vn 0.024915 -0.024915 -0.999023
vn 0.019052 -0.008305 -1.000000
vn 0.651197 -0.267220 -0.709819
vn 0.497802 -0.497802 -0.709819
vn 0.497802 -0.497802 -0.709819
vn 0.267220 -0.650220 -0.710796
vn 0.935515 0.352223 0.001466
vn 0.722521 0.329751 0.608207
vn 0.943332 0.331705 0.001466
vn 0.725452 0.346361 0.595506
vn 0.668784 -0.036639 0.742061
vn 0.944309 0.329751 -0.018075
vn 0.936493 0.351246 -0.018075
vn 0.718613 0.224231 -0.659013
vn 0.722521 0.243771 -0.647289
vn 0.637518 -0.172448 -0.750855
vn 0.986322 -0.165608 -0.012213
vn 0.457743 -0.516365 -0.724475
vn 0.986322 -0.163654 0.009282
vn 0.726429 -0.686370 -0.003420
vn 0.141182 -0.693210 -0.706888
vn 0.728383 -0.685393 0.017098
vn 0.507572 -0.395213 0.765511
vn 0.242794 -0.969712 0.002443
vn -0.220322 -0.674646 -0.703957
vn 0.243771 -0.969712 0.022960
vn 0.185149 -0.594529 0.783097
vn -0.198828 -0.579873 0.789937
vn -0.319003 -0.947240 0.004397
vn -0.322912 -0.946263 0.024915
vn -0.524182 -0.338544 0.782120
vn -0.793845 -0.608207 0.000489
vn -0.793845 -0.607230 0.021983
vn -0.531998 -0.453835 -0.714704
vn -0.990230 -0.137274 0.015144
vn -0.762579 -0.023937 0.646312
vn -0.990230 -0.139228 -0.004397
vn -0.775281 -0.137274 -0.617000
vn -0.993161 -0.113825 0.015144
vn -0.773327 -0.010259 0.633610
vn -0.993161 -0.115779 -0.004397
vn -0.787005 -0.121641 -0.605276
vn -0.692232 -0.714704 0.097215
vn -0.897411 -0.428432 -0.108940
vn -0.692232 -0.713727 -0.105032
vn -0.629702 -0.300440 -0.716659
vn -0.490962 -0.505618 -0.708842
vn -0.898388 -0.428432 0.097215
vn -0.633610 -0.302394 0.712750
vn -0.492916 -0.508549 0.705911
vn 0.725452 -0.363947 -0.583781
vn 0.725452 -0.363947 -0.583781
vn 0.725452 -0.363947 -0.583781
vn 0.725452 -0.363947 -0.583781
vn -0.458720 -0.532975 -0.710796
vn -0.253542 -0.654128 -0.712750
vn -0.359062 -0.926722 -0.110894
vn -0.648266 -0.752809 -0.112848
vn -0.359062 -0.926722 0.106986
vn -0.649243 -0.753786 0.103078
vn -0.254519 -0.656082 0.710796
vn -0.460674 -0.535906 0.707865
vn -0.613092 -0.349292 0.708842
vn -0.460674 -0.535906 0.707865
vn -0.864191 -0.492916 0.102101
vn -0.863214 -0.491939 -0.115779
vn -0.648266 -0.752809 -0.112848
vn -0.608207 -0.346361 -0.713727
vn -0.458720 -0.532975 -0.710796
vn -0.608207 -0.346361 -0.713727
vn -0.973620 -0.196873 -0.116756
vn -0.688324 -0.139228 -0.711773
vn -0.864191 -0.492916 0.102101
vn -0.975574 -0.197851 0.100147
vn -0.613092 -0.349292 0.708842
vn -0.695164 -0.141182 0.704934
vn -0.471422 -0.881778 0.014167
vn -0.555447 -0.831949 -0.003420
vn -0.555447 -0.831949 -0.003420
vn -0.471422 -0.881778 0.014167
vn -0.385442 -0.922814 0.015144
vn -0.385442 -0.922814 0.015144
vn -0.290669 -0.957010 -0.000489
vn -0.290669 -0.957010 -0.001466
vn -0.409868 0.903273 0.125550
vn -0.439179 0.889595 -0.125550
vn -0.439179 0.889595 -0.125550
vn -0.409868 0.903273 0.125550
vn -0.432340 0.163654 -0.886663
vn -0.432340 0.163654 -0.886663
vn -0.424524 -0.230093 -0.874939
vn -0.424524 -0.230093 -0.874939
vn -0.429409 -0.822179 -0.374695
vn -0.429409 -0.822179 -0.374695
vn -0.408891 -0.903273 -0.131412
vn -0.408891 -0.903273 -0.131412
vn -0.287738 -0.757694 -0.585735
vn -0.287738 -0.757694 -0.585735
vn -0.287738 -0.757694 -0.585735
vn -0.287738 -0.757694 -0.585735
vn 0.914998 -0.404006 0.010259
vn 0.914998 -0.404006 0.010259
vn 0.914998 -0.404006 0.010259
vn 0.914998 -0.404006 0.010259
vn -0.031754 -0.036639 -0.999023
vn 0.000489 0.000489 -1.000000
vn -0.028823 -0.075721 -0.997069
vn -0.458720 -0.532975 -0.710796
vn -0.253542 -0.654128 -0.712750
vn -0.006351 0.000489 -1.000000
vn -0.013190 -0.007328 -1.000000
vn -0.019052 -0.003420 -1.000000
vn -0.703957 -0.008305 -0.710796
vn -0.688324 -0.139228 -0.711773
vn -0.688324 -0.139228 -0.711773
vn -0.608207 -0.346361 -0.713727
vn -0.831949 -0.554470 -0.003420
vn -0.877870 -0.477284 -0.021006
vn -0.877870 -0.477284 -0.021006
vn -0.831949 -0.554470 -0.003420
vn -0.914998 -0.402052 -0.021006
vn -0.914998 -0.402052 -0.021006
vn -0.946263 -0.321935 -0.005374
vn -0.946263 -0.321935 -0.005374
vn 0.329751 -0.944309 -0.000489
vn 0.329751 -0.944309 -0.000489
vn 0.329751 -0.944309 -0.000489
vn 0.329751 -0.944309 -0.000489
vn 0.000489 1.000000 -0.001466
vn 0.000489 1.000000 -0.001466
vn 0.000489 1.000000 -0.001466
vn 0.000489 1.000000 -0.001466
vn 0.001466 -0.000489 -1.000000
vn 0.008305 -0.000489 -1.000000
vn 0.735222 0.055203 -0.675623
vn 0.708842 -0.013190 -0.704934
vn 0.384465 0.000489 -0.922814
vn 0.019052 -0.008305 -1.000000
vn 0.008305 -0.000489 -1.000000
vn 0.708842 -0.013190 -0.704934
vn 0.651197 -0.267220 -0.709819
vn 0.001466 -0.056180 -0.998046
vn 0.024915 -0.060088 -0.998046
vn 0.013190 -0.706888 -0.707865
vn 0.267220 -0.650220 -0.710796
vn 0.001466 -0.056180 -0.998046
vn -0.000488 -0.057157 -0.998046
vn 0.013190 -0.706888 -0.707865
vn -0.011236 -0.706888 -0.707865
vn -0.013190 -0.007328 -1.000000
vn -0.031754 -0.036639 -0.999023
vn -0.458720 -0.532975 -0.710796
vn -0.608207 -0.346361 -0.713727
vn -0.028823 -0.075721 -0.997069
vn -0.000488 -0.057157 -0.998046
vn -0.011236 -0.706888 -0.707865
vn -0.253542 -0.654128 -0.712750
vn -0.235955 -0.966781 0.099169
vn -0.456766 -0.883732 -0.104055
vn -0.234978 -0.966781 -0.102101
vn -0.322912 -0.624817 -0.711773
vn -0.167562 -0.686370 -0.707865
vn -0.456766 -0.883732 0.100147
vn -0.322912 -0.625794 0.709819
vn -0.167562 -0.688324 0.705911
vn 0.002443 -0.000489 -1.000000
vn 0.001466 -0.000489 -1.000000
vn 0.008305 -0.000489 -1.000000
vn 0.618955 0.582804 -0.527113
vn 0.618955 0.582804 -0.527113
vn 0.618955 0.582804 -0.527113
vn 0.618955 0.582804 -0.527113
vn 0.372741 -0.927699 0.005374
vn 0.372741 -0.927699 0.004397
vn 0.372741 -0.927699 0.004397
vn 0.372741 -0.927699 0.004397
vn -0.157792 -0.987298 0.006351
vn -0.194919 -0.980459 -0.000489
vn -0.193942 -0.980459 -0.000489
vn -0.157792 -0.987298 0.006351
vn -0.123595 -0.992184 0.007328
vn -0.123595 -0.992184 0.007328
vn -0.086468 -0.996092 0.000489
vn -0.086468 -0.996092 0.000489
vn 0.910112 -0.414753 -0.006351
vn 0.910112 -0.414753 -0.005374
vn 0.910112 -0.414753 -0.005374
vn 0.910112 -0.414753 -0.005374
vn 0.384465 -0.922814 0.002443
vn 0.383488 -0.923791 0.002443
vn 0.384465 -0.923791 0.002443
vn 0.384465 -0.923791 0.002443
vn 0.410845 0.709819 -0.573034
vn 0.410845 0.709819 -0.573034
vn 0.410845 0.709819 -0.573034
vn 0.410845 0.709819 -0.573034
vn -0.647289 0.744016 0.164631
vn -0.647289 0.744016 0.164631
vn -0.647289 0.744016 0.164631
vn -0.647289 0.744016 0.164631
vn 0.106009 -0.831949 -0.544700
vn 0.105032 -0.831949 -0.544700
vn 0.105032 -0.831949 -0.544700
vn 0.105032 -0.831949 -0.544700
vn -0.389350 -0.032731 -0.919883
vn -0.389350 -0.032731 -0.919883
vn -0.389350 -0.032731 -0.920860
vn -0.389350 -0.032731 -0.919883
vn 0.721544 -0.375672 -0.580850
vn 0.721544 -0.375672 -0.580850
vn 0.721544 -0.375672 -0.580850
vn 0.721544 -0.375672 -0.580850
vn -0.307279 -0.740107 -0.598437
vn -0.307279 -0.740107 -0.598437
vn -0.307279 -0.740107 -0.598437
vn -0.307279 -0.740107 -0.598437
vn 0.857352 0.514411 0.002443
vn 0.858329 0.513434 0.002443
vn 0.858329 0.513434 0.002443
vn 0.858329 0.513434 0.002443
vn 0.383488 0.097215 0.917929
vn 0.350269 -0.151930 0.924768
vn 0.350269 -0.151930 0.924768
vn 0.208598 -0.348315 0.914021
vn 0.383488 0.097215 0.917929
vn 0.381534 0.127504 0.915975
vn 0.381534 0.127504 0.915975
vn 0.208598 -0.348315 0.914021
vn 0.013190 -0.432340 0.901319
vn 0.013190 -0.432340 0.901319
vn -0.000488 -0.434294 0.900342
vn -0.000488 -0.434294 0.900342
vn -0.465559 -0.881778 0.079629
vn -0.983390 -0.155838 0.095261
vn -0.973620 -0.158769 0.163654
vn -0.983390 0.155838 0.095261
vn -0.973620 0.158769 0.163654
vn -0.472399 -0.878847 0.066927
vn -0.974597 -0.194919 0.107963
vn -0.354177 -0.932584 0.062042
vn -0.451881 -0.776258 0.440156
vn -0.976551 -0.106986 0.186126
vn -0.445041 -0.447973 0.775281
vn -0.976551 -0.000489 0.214460
vn -0.974597 0.194919 0.107963
vn -0.976551 0.106986 0.186126
vn -0.445041 0.447973 0.775281
vn 0.000489 -1.000000 -0.001466
vn 0.000489 -1.000000 -0.001466
vn 0.000489 -1.000000 -0.001466
vn 0.000489 -1.000000 -0.001466
vn -0.000488 -1.000000 -0.000489
vn -0.000488 -1.000000 -0.000489
vn -0.000488 -1.000000 -0.000489
vn -0.000488 -1.000000 -0.000489
vn 0.000489 -1.000000 -0.001466
vn 0.000489 -1.000000 -0.001466
vn 0.000489 -1.000000 -0.001466
vn 0.000489 -1.000000 -0.001466
vn -0.000488 -1.000000 -0.000489
vn 0.000489 -1.000000 -0.000489
vn -0.000488 -1.000000 0.000489
vn -0.000488 -1.000000 0.000489
vn 0.000489 -1.000000 -0.001466
vn 0.000489 -1.000000 -0.001466
vn 0.000489 -1.000000 -0.001466
vn 0.000489 -1.000000 -0.001466
vn -0.000488 -1.000000 -0.000489
vn -0.000488 -1.000000 -0.000489
vn -0.000488 -1.000000 0.000489
vn -0.000488 -1.000000 0.001466
vn -0.000488 -1.000000 -0.000489
vn 0.000489 -1.000000 -0.001466
vn 0.000489 -1.000000 -0.001466
vn 0.000489 -1.000000 -0.000489
vn -0.000488 -1.000000 0.000489
vn -0.000488 -1.000000 0.000489
vn -0.000488 -1.000000 0.001466
vn -0.000488 -1.000000 0.001466
vn -0.000488 -1.000000 -0.000489
vn 0.000489 -1.000000 -0.001466
vn 0.000489 -1.000000 -0.001466
vn 0.000489 -1.000000 -0.000489
vn -0.000488 -1.000000 0.000489
vn -0.000488 -1.000000 -0.000489
vn -0.000488 -1.000000 0.001466
vn -0.000488 -1.000000 0.001466
vn -0.000488 -1.000000 -0.000489
vn 0.000489 -1.000000 -0.001466
vn 0.000489 -1.000000 -0.001466
vn 0.000489 -1.000000 -0.000489
vn -0.000488 -1.000000 0.000489
vn -0.000488 -1.000000 0.000489
vn -0.000488 -1.000000 0.001466
vn -0.000488 -1.000000 0.001466
vn -0.000488 -1.000000 -0.000489
vn 0.000489 -1.000000 -0.001466
vn 0.000489 -1.000000 -0.001466
vn -0.000488 -1.000000 0.000489
vn -0.000488 -1.000000 0.000489
vn -0.000488 -1.000000 0.000489
vn -0.000488 -1.000000 0.001466
vn -0.000488 -1.000000 0.001466
vn -0.000488 -1.000000 0.000489
vn -0.000488 -1.000000 -0.000489
vn 0.000489 -1.000000 -0.001466
vn -0.000488 -1.000000 0.000489
vn -0.000488 -1.000000 0.001466
vn -0.000488 -1.000000 0.001466
vn -0.000488 -1.000000 0.001466
vn -0.000488 -1.000000 0.001466
vn -0.000488 -1.000000 0.000489
vn -0.000488 -1.000000 0.000489
vn -0.000488 -1.000000 -0.000489
vn -0.000488 -1.000000 0.000489
vn -0.000488 -1.000000 0.001466
vn -0.000488 -1.000000 0.001466
vn -0.000488 -1.000000 0.001466
vn -0.000488 -1.000000 0.001466
vn -0.000488 -1.000000 0.000489
vn -0.000488 -1.000000 0.000489
vn -0.000488 -1.000000 0.000489
vn -0.000488 -1.000000 0.000489
vn -0.000488 -1.000000 0.001466
vn -0.000488 -1.000000 0.001466
vn -0.000488 -1.000000 0.001466
vn -0.000488 -1.000000 0.001466
vn 0.015144 -0.995115 -0.100147
vn -0.015144 -0.995115 0.099169
vn -0.015144 -0.995115 -0.100147
vn -0.010259 -0.706888 -0.707865
vn 0.010259 -0.706888 -0.706888
vn 0.014167 -0.995115 0.099169
vn -0.011236 -0.707865 0.706888
vn 0.009282 -0.707865 0.706888
vn -0.235955 -0.966781 0.099169
vn -0.167562 -0.688324 0.705911
vn -0.011236 -0.707865 0.706888
vn -0.234978 -0.966781 -0.102101
vn -0.010259 -0.706888 -0.707865
vn -0.167562 -0.686370 -0.707865
vn -0.017098 -0.994138 -0.107963
vn 0.018075 -0.994138 0.108940
vn -0.017098 -0.994138 0.107963
vn 0.018075 -0.994138 -0.107963
vn -0.011236 -0.706888 -0.707865
vn 0.013190 -0.706888 -0.707865
vn 0.012213 -0.706888 0.707865
vn -0.012213 -0.706888 0.707865
vn -0.254519 -0.656082 0.710796
vn -0.012213 -0.706888 0.707865
vn -0.359062 -0.926722 0.106986
vn -0.017098 -0.994138 -0.107963
vn -0.253542 -0.654128 -0.712750
vn -0.011236 -0.706888 -0.707865
vn 0.803615 -0.594529 -0.028823
vn 0.743039 -0.664875 0.069858
vn 0.796776 -0.599414 0.074744
vn 0.421593 -0.887640 -0.185149
vn 0.074744 -0.989253 -0.128481
vn 0.794822 -0.601368 0.081583
vn 0.036639 -0.999023 0.003420
vn 0.027846 -1.000000 0.002443
vn 0.018075 -1.000000 -0.000489
vn 0.017098 -1.000000 -0.005374
vn 0.209575 -0.977528 0.021006
vn -0.065950 -0.989253 0.128481
vn 0.733268 -0.679531 -0.028823
vn 0.752809 -0.612115 -0.241817
vn 0.010259 -1.000000 -0.010259
vn -0.199805 -0.979482 -0.015144
vn -0.141182 -0.951148 0.274060
vn -0.409868 -0.911089 -0.032731
vn 0.197851 -0.980459 -0.008305
vn -0.215437 -0.976551 0.012213
vn -0.410845 -0.911089 0.023937
vn 0.688324 -0.690278 -0.225208
vn 0.179287 -0.982413 -0.060088
vn -0.198828 -0.977528 0.063996
vn -0.387396 -0.913043 0.125550
vn 0.546654 -0.648266 -0.531021
vn -0.000488 -1.000000 -0.012213
vn 0.002443 -0.671715 -0.741085
vn 0.494871 -0.717636 -0.489008
vn 0.002443 -0.740107 -0.671715
vn 0.122618 -0.984367 -0.124573
vn 0.000489 -0.986321 -0.164631
vn -0.001465 -0.978505 0.205667
vn -0.138251 -0.979482 0.148998
vn -0.264289 -0.920860 0.286761
vn -0.002443 -0.925745 0.378603
vn 0.233024 -0.972643 0.014167
vn 0.233024 -0.972643 0.013190
vn 0.233024 -0.972643 0.013190
vn 0.233024 -0.972643 0.013190
vn 0.000489 1.000000 -0.001466
vn 0.000489 1.000000 -0.001466
vn 0.000489 1.000000 -0.001466
vn 0.000489 1.000000 -0.001466
vn -0.991207 -0.130435 -0.017098
vn -0.995115 -0.096238 -0.021006
vn -0.995115 -0.096238 -0.021006
vn -0.991207 -0.130435 -0.017098
vn -0.986321 -0.161700 -0.012213
vn -0.986321 -0.161700 -0.012213
vn -0.981436 -0.193942 -0.005374
vn -0.981436 -0.193942 -0.005374
vn -0.474353 0.877870 0.066927
vn -0.983390 0.155838 0.095261
vn -0.973620 0.158769 0.163654
vn -0.983390 -0.155838 0.095261
vn -0.974597 -0.194919 0.107963
vn -0.974597 0.194919 0.107963
vn -0.452858 0.775281 0.441133
vn -0.976551 0.106986 0.186126
vn -0.445041 0.447973 0.775281
vn -0.976551 -0.000489 0.214460
vn -0.976551 -0.106986 0.186126
vn -0.445041 -0.447973 0.775281
vn -0.451881 -0.775281 0.440156
vn -0.472399 -0.878847 0.066927
vn -0.405960 -0.032731 -0.913043
vn -0.405960 -0.032731 -0.913043
vn -0.405960 -0.032731 -0.913043
vn -0.405960 -0.032731 -0.913043
vn -0.430386 -0.031754 -0.902296
vn -0.430386 -0.031754 -0.902296
vn -0.430386 -0.031754 -0.902296
vn -0.430386 -0.031754 -0.902296
vn 0.909135 -0.417684 0.011236
vn 0.909135 -0.417684 0.011236
vn 0.909135 -0.417684 0.011236
vn 0.909135 -0.417684 0.011236
vn -0.433317 -0.032731 -0.900342
vn -0.433317 -0.032731 -0.900342
vn -0.433317 -0.032731 -0.900342
vn -0.433317 -0.032731 -0.900342
vn 0.794822 0.000489 0.606253
vn 0.794822 0.000489 0.607230
vn 0.794822 0.000489 0.606253
vn 0.794822 -0.000489 0.606253
vn 0.794822 0.000489 0.607230
vn 0.794822 0.000489 0.607230
vn 0.794822 0.000489 0.607230
vn 0.794822 -0.000489 0.607230
vn 0.793845 0.000489 0.608207
vn 0.793845 0.000489 0.608207
vn 0.793845 0.000489 0.608207
vn 0.793845 0.000489 0.608207
vn 0.819248 0.573034 0.020029
vn 0.819248 0.573034 0.020029
vn 0.819248 0.573034 0.020029
vn 0.819248 0.573034 0.020029
vn -0.993161 -0.012213 -0.115779
vn -0.975574 -0.197851 0.100147
vn -0.995115 -0.012213 0.099169
vn -0.695164 -0.141182 0.704934
vn -0.713727 -0.008305 0.700049
vn -0.973620 -0.196873 -0.116756
vn -0.688324 -0.139228 -0.711773
vn -0.703957 -0.008305 -0.710796
vn -0.003420 0.051295 0.999023
vn -0.011236 0.037616 0.999023
vn -0.003420 0.036639 0.999023
vn -0.011236 0.051295 0.999023
vn -0.708842 0.026869 0.704934
vn -0.708842 0.036639 0.704934
vn -0.003420 0.513434 0.858329
vn -0.011236 0.513434 0.858329
vn -0.011236 0.051295 0.999023
vn -0.708842 0.363947 0.603322
vn -0.708842 0.036639 0.704934
vn -0.010259 0.814363 0.579873
vn -0.708842 0.363947 0.603322
vn -0.706888 0.579873 0.404983
vn -0.002443 0.816317 0.577919
vn -0.008305 0.974597 0.223253
vn -0.706888 0.579873 0.404983
vn -0.706888 0.690278 0.153884
vn -0.000488 0.974597 0.223253
vn -0.008305 0.980459 0.193942
vn -0.008305 0.974597 0.223253
vn -0.706888 0.690278 0.153884
vn -0.705911 0.695164 0.133366
vn -0.000488 0.981436 0.193942
vn -0.007328 0.993161 -0.115779
vn -0.008305 0.980459 0.193942
vn -0.704934 0.703957 -0.085491
vn -0.705911 0.695164 0.133366
vn 0.000489 0.993161 -0.115779
vn -0.703957 0.607230 -0.369809
vn -0.704934 0.703957 -0.085491
vn -0.006351 0.856375 -0.516365
vn 0.001466 0.856375 -0.516365
vn -0.004397 0.489985 -0.872008
vn 0.003420 0.490962 -0.871031
vn -0.704934 0.344406 -0.620909
vn -0.703957 0.607230 -0.369809
vn -0.005374 0.014167 -1.000000
vn 0.003420 0.014167 -1.000000
vn -0.004397 0.489985 -0.872008
vn -0.704934 0.344406 -0.620909
vn -0.702980 0.009282 -0.710796
vn 0.001466 0.000489 -1.000000
vn -0.005374 0.014167 -1.000000
vn -0.005374 0.000489 -1.000000
vn -0.702980 0.009282 -0.710796
vn -0.702980 0.000489 -0.710796
vn -0.006351 0.000489 -1.000000
vn 0.000489 0.000489 -1.000000
vn -0.005374 0.000489 -1.000000
vn -0.703957 -0.008305 -0.710796
vn 0.379580 -0.924768 0.005374
vn 0.379580 -0.924768 0.005374
vn 0.379580 -0.924768 0.005374
vn 0.379580 -0.924768 0.005374
vn 0.416707 0.706888 -0.571080
vn 0.416707 0.706888 -0.571080
vn 0.416707 0.706888 -0.571080
vn 0.416707 0.706888 -0.571080
vn -0.897411 -0.428432 -0.108940
vn -0.995115 -0.040547 0.093307
vn -0.993161 -0.040547 -0.109917
vn -0.629702 -0.300440 -0.716659
vn -0.702003 -0.028823 -0.711773
vn -0.898388 -0.428432 0.097215
vn -0.633610 -0.302394 0.712750
vn -0.707865 -0.028823 0.705911
vn -0.708842 0.000489 0.704934
vn -0.707865 -0.028823 0.705911
vn -0.996092 0.000489 0.092330
vn -0.994138 0.000489 -0.109917
vn -0.993161 -0.040547 -0.109917
vn -0.702003 -0.028823 -0.711773
vn -0.702980 0.000489 -0.710796
vn 0.757694 -0.093307 0.645335
vn 0.757694 -0.093307 0.645335
vn 0.757694 -0.093307 0.645335
vn 0.757694 -0.093307 0.645335
vn 0.718613 -0.387396 -0.577919
vn 0.717636 -0.387396 -0.577919
vn 0.717636 -0.387396 -0.577919
vn 0.718613 -0.387396 -0.577919
vn -0.993161 0.000489 -0.114802
vn -0.995115 -0.012213 0.099169
vn -0.995115 0.000489 0.099169
vn -0.713727 -0.008305 0.700049
vn -0.713727 0.000489 0.700049
vn -0.993161 -0.012213 -0.115779
vn -0.703957 -0.008305 -0.710796
vn -0.702980 0.000489 -0.710796
vn -0.993161 0.001466 -0.115779
vn -0.702980 0.009282 -0.710796
vn -0.993161 0.000489 -0.114802
vn -0.995115 0.000489 0.099169
vn -0.995115 -0.000489 0.099169
vn -0.714704 -0.005374 0.699072
vn -0.995115 -0.000489 0.099169
vn -0.744016 -0.331705 0.580850
vn -0.995115 -0.049340 0.080606
vn -0.990230 0.064973 -0.123595
vn -0.993161 0.001466 -0.115779
vn -0.702980 0.009282 -0.710796
vn -0.704934 0.344406 -0.620909
vn -0.993161 -0.105032 0.057157
vn -0.739130 -0.578896 0.344406
vn -0.995115 -0.049340 0.080606
vn -0.986321 0.137274 -0.089399
vn -0.990230 0.064973 -0.123595
vn -0.703957 0.607230 -0.369809
vn -0.704934 0.344406 -0.620909
vn -0.987298 -0.114802 0.110894
vn -0.980459 0.141182 -0.136297
vn -0.980459 0.142159 -0.136297
vn -0.704934 0.510503 -0.491939
vn -0.704934 0.510503 -0.492916
vn -0.987298 -0.114802 0.110894
vn -0.707865 -0.508549 0.490962
vn -0.706888 -0.508549 0.490962
vn -1.000000 -0.003420 -0.004397
vn -1.000000 0.000489 -0.005374
vn -1.000000 -0.004397 -0.004397
vn -1.000000 0.000489 -0.005374
vn -1.000000 -0.008305 -0.004397
vn -1.000000 -0.008305 -0.004397
vn -1.000000 -0.012213 -0.005374
vn -1.000000 -0.012213 -0.005374
vn -0.001465 0.990230 0.137274
vn -0.002443 0.986321 0.166585
vn -0.002443 0.986321 0.166585
vn -0.005374 0.859306 0.512457
vn -0.001465 0.990230 0.137274
vn -0.005374 0.859306 0.512457
vn 0.001466 0.983390 -0.183195
vn -0.007328 0.591597 0.806546
vn 0.001466 0.983390 -0.183195
vn -0.007328 0.591597 0.806546
vn 0.004397 0.812408 -0.582804
vn -0.009282 0.046409 0.999023
vn 0.004397 0.812408 -0.582804
vn -0.009282 0.046409 0.999023
vn -0.009282 0.020029 1.000000
vn -0.009282 0.020029 1.000000
vn 0.007328 0.403029 -0.914998
vn 0.007328 0.403029 -0.914998
vn 0.008305 -0.007328 -1.000000
vn 0.008305 -0.007328 -1.000000
vn 0.008305 -0.020029 -1.000000
vn 0.008305 -0.020029 -1.000000
vn -0.980459 0.195896 -0.028823
vn -0.993161 -0.105032 0.057157
vn -0.989253 -0.148022 0.010259
vn -0.727406 -0.682462 0.072789
vn -0.704934 0.703957 -0.085491
vn -0.703957 0.607230 -0.369809
vn -0.984367 -0.173425 -0.041524
vn -0.707865 -0.691256 -0.148022
vn -0.989253 -0.148022 0.010259
vn -0.984367 0.172447 0.028823
vn -0.980459 0.195896 -0.028823
vn -0.705911 0.695164 0.133366
vn -0.704934 0.703957 -0.085491
vn -0.707865 -0.688324 -0.159746
vn -0.984367 -0.173425 -0.041524
vn -0.984367 -0.171470 -0.044455
vn -0.984367 0.172447 0.028823
vn -0.724475 -0.556424 -0.405960
vn -0.985344 0.168539 0.032731
vn -0.705911 0.695164 0.133366
vn -0.706888 0.690278 0.153884
vn -0.992184 -0.098192 -0.077675
vn -0.985344 0.168539 0.032731
vn -0.989253 0.123595 0.080606
vn -0.706888 0.690278 0.153884
vn -0.706888 0.579873 0.404983
vn -0.992184 -0.098192 -0.077675
vn -0.727406 -0.349292 -0.590620
vn -0.994138 -0.051295 -0.093307
vn -0.989253 0.123595 0.080606
vn -0.992184 0.064973 0.102101
vn -0.706888 0.579873 0.404983
vn -0.708842 0.363947 0.603322
vn -0.994138 -0.005374 -0.109917
vn -0.703957 -0.032731 -0.709819
vn -0.994138 -0.051295 -0.093307
vn -0.702980 -0.026869 -0.710796
vn -0.994138 -0.004397 -0.110894
vn -0.992184 0.064973 0.102101
vn -0.996092 0.003420 0.091353
vn -0.996092 0.005374 0.092330
vn -0.708842 0.036639 0.704934
vn -0.708842 0.363947 0.603322
vn -0.708842 0.036639 0.704934
vn -0.708842 0.026869 0.704934
vn -1.000000 0.000489 -0.005374
vn -1.000000 0.000489 -0.005374
vn -1.000000 0.000489 -0.005374
vn -1.000000 0.000489 -0.005374
vn -1.000000 0.000489 -0.005374
vn -1.000000 0.000489 -0.005374
vn -1.000000 0.000489 -0.005374
vn -1.000000 0.000489 -0.005374
vn 0.599414 -0.463605 0.652174
vn 0.599414 -0.463605 0.652174
vn 0.599414 -0.463605 0.652174
vn 0.599414 -0.463605 0.652174
vn -1.000000 0.000489 -0.004397
vn -1.000000 0.000489 -0.004397
vn -1.000000 -0.000489 -0.004397
vn -1.000000 0.000489 -0.004397
vn -1.000000 -0.000489 -0.004397
vn -1.000000 -0.000489 -0.003420
vn -1.000000 0.000489 -0.003420
vn -1.000000 -0.000489 -0.003420
vn -1.000000 0.000489 -0.003420
vn -1.000000 0.000489 -0.003420
vn -1.000000 0.000489 -0.003420
vn -1.000000 0.000489 -0.004397
vn -0.314118 -0.738153 -0.596483
vn -0.314118 -0.738153 -0.596483
vn -0.314118 -0.738153 -0.596483
vn -0.314118 -0.738153 -0.596483
vn -1.000000 -0.004397 -0.002443
vn -1.000000 -0.004397 -0.002443
vn -1.000000 -0.000489 -0.002443
vn -1.000000 0.000489 -0.001466
vn -1.000000 0.003420 -0.000489
vn -1.000000 0.000489 -0.002443
vn -1.000000 0.004397 0.012213
vn -1.000000 0.000489 0.002443
vn -1.000000 -0.002443 -0.003420
vn -1.000000 -0.002443 -0.003420
vn -1.000000 -0.002443 -0.003420
vn -1.000000 -0.002443 -0.003420
vn -1.000000 -0.004397 0.015144
vn -1.000000 -0.004397 0.015144
vn -1.000000 -0.007328 -0.003420
vn -1.000000 -0.007328 -0.003420
vn -1.000000 0.000489 -0.004397
vn -1.000000 0.000489 -0.003420
vn -1.000000 0.000489 -0.003420
vn -1.000000 0.000489 -0.003420
vn -1.000000 0.000489 -0.003420
vn -1.000000 0.000489 -0.003420
vn -1.000000 -0.000489 -0.003420
vn -1.000000 0.000489 -0.003420
vn -1.000000 -0.000489 -0.003420
vn -1.000000 0.000489 -0.003420
vn -1.000000 -0.000489 -0.003420
vn -1.000000 -0.000489 -0.003420
vn -0.468490 0.872985 0.134343
vn -0.468490 0.872985 0.134343
vn -0.468490 0.872985 0.134343
vn -0.468490 0.872985 0.134343
vn 0.903273 -0.428432 -0.006351
vn 0.903273 -0.428432 -0.006351
vn 0.903273 -0.428432 -0.006351
vn 0.903273 -0.428432 -0.006351
vn 0.702003 -0.245725 0.668784
vn 0.702003 -0.245725 0.668784
vn 0.702003 -0.245725 0.668784
vn 0.702003 -0.245725 0.668784
vn 0.018075 -1.000000 -0.000489
vn 0.036639 -0.999023 0.003420
vn -0.036639 -0.999023 0.003420
vn -0.027846 -1.000000 0.002443
vn 0.027846 -1.000000 0.002443
vn -0.018075 -1.000000 -0.000489
vn -0.017098 -1.000000 -0.005374
vn 0.017098 -1.000000 -0.005374
vn -0.010259 -1.000000 -0.010259
vn 0.010259 -1.000000 -0.010259
vn -0.000488 -1.000000 -0.012213
vn 0.391304 -0.919883 0.002443
vn 0.391304 -0.919883 0.002443
vn 0.391304 -0.919883 0.002443
vn 0.391304 -0.919883 0.002443
vn 0.456766 0.685393 -0.566194
vn 0.456766 0.685393 -0.566194
vn 0.456766 0.685393 -0.566194
vn 0.456766 0.685393 -0.566194
vn -1.000000 -0.000489 -0.007328
vn -1.000000 -0.000489 -0.005374
vn -1.000000 0.000489 -0.006351
vn -1.000000 0.000489 -0.006351
vn -1.000000 0.000489 -0.006351
vn -1.000000 -0.000489 -0.005374
vn -1.000000 0.000489 -0.007328
vn -1.000000 0.000489 -0.007328
vn -1.000000 0.000489 -0.007328
vn -1.000000 -0.000489 -0.007328
vn -1.000000 -0.000489 -0.007328
vn -1.000000 0.000489 -0.007328
vn -1.000000 0.000489 -0.006351
vn -1.000000 0.006351 -0.006351
vn -1.000000 0.001466 -0.008305
vn -1.000000 0.000489 -0.006351
vn -1.000000 0.006351 -0.006351
vn -1.000000 0.006351 -0.006351
vn 0.083537 -0.996092 -0.020029
vn 0.083537 -0.996092 -0.020029
vn 0.083537 -0.996092 -0.020029
vn 0.083537 -0.996092 -0.020029
vn -1.000000 -0.000489 -0.004397
vn -1.000000 -0.000489 -0.004397
vn -1.000000 -0.000489 -0.003420
vn -1.000000 -0.000489 -0.004397
vn -1.000000 -0.000489 -0.004397
vn -1.000000 -0.000489 -0.004397
vn -1.000000 -0.000489 -0.004397
vn -1.000000 -0.000489 -0.004397
vn -1.000000 -0.000489 -0.004397
vn -1.000000 -0.000489 -0.004397
vn -1.000000 -0.000489 -0.004397
vn -1.000000 -0.000489 -0.004397
vn -1.000000 -0.000489 -0.003420
vn 0.380557 -0.753786 -0.534929
vn 0.380557 -0.753786 -0.534929
vn 0.380557 -0.753786 -0.534929
vn 0.380557 -0.753786 -0.534929
vn 0.902296 -0.430386 0.011236
vn 0.902296 -0.430386 0.011236
vn 0.902296 -0.430386 0.011236
vn 0.902296 -0.430386 0.011236
vn -0.233024 -0.972643 -0.011236
vn -0.233024 -0.972643 -0.011236
vn -0.233024 -0.972643 -0.011236
vn -0.233024 -0.972643 -0.011236
vn -0.322912 -0.946263 0.008305
vn -0.322912 -0.946263 0.008305
vn -0.322912 -0.946263 0.008305
vn -0.322912 -0.946263 0.008305
vn 0.420616 -0.656082 0.626771
vn 0.420616 -0.656082 0.626771
vn 0.420616 -0.656082 0.626771
vn 0.420616 -0.656082 0.626771
vn -0.425501 0.896434 0.128481
vn -0.425501 0.896434 0.128481
vn -0.425501 0.896434 0.128481
vn 0.714704 -0.399121 -0.574988
vn 0.714704 -0.399121 -0.574988
vn 0.714704 -0.399121 -0.574988
vn 0.714704 -0.399121 -0.574988
vn -0.418661 0.900342 0.118710
vn -0.418661 0.900342 0.118710
vn -0.418661 0.900342 0.118710
vn -0.418661 0.900342 0.118710
vn 0.115779 -0.001466 -0.993161
vn 0.010259 -0.000489 -1.000000
vn 0.115779 0.000489 -0.993161
vn 0.011236 -0.000489 -1.000000
vn 0.713727 -0.007328 -0.700049
vn 0.737176 -0.047386 -0.674646
vn 0.011236 -0.003420 -1.000000
vn 0.115779 -0.001466 -0.993161
vn 0.106986 -0.023937 -0.994138
vn 0.713727 -0.007328 -0.700049
vn 0.693210 -0.151930 -0.704934
vn 0.387396 -0.921837 0.005374
vn 0.387396 -0.921837 0.005374
vn 0.387396 -0.921837 0.005374
vn 0.387396 -0.921837 0.005374
vn -0.100146 -0.995115 0.015144
vn -0.100146 -0.995115 0.015144
vn -0.100146 -0.995115 0.015144
vn -0.100146 -0.995115 0.015144
vn 0.008305 -0.004397 -1.000000
vn 0.106986 -0.023937 -0.994138
vn 0.089399 -0.049340 -0.995115
vn 0.693210 -0.151930 -0.704934
vn 0.619932 -0.336590 -0.708842
vn 0.004397 -0.005374 -1.000000
vn 0.065950 -0.077675 -0.995115
vn 0.619932 -0.336590 -0.708842
vn 0.455789 -0.535906 -0.710796
vn 0.990230 -0.050318 -0.132389
vn 0.985344 0.053249 -0.163654
vn 0.990230 0.050318 -0.132389
vn 0.982413 0.118710 -0.143136
vn 0.977528 0.125550 -0.171470
vn 0.723498 0.185149 -0.665852
vn 0.985344 -0.053249 -0.163654
vn 0.982413 -0.118710 -0.143136
vn 0.977528 -0.125550 -0.171470
vn 0.723498 -0.185149 -0.665852
vn 0.729360 -0.075721 -0.679531
vn 0.224231 -0.184172 -0.957010
vn 0.729360 0.075721 -0.679531
vn 0.224231 0.184172 -0.957010
vn 0.229116 -0.074744 -0.970689
vn -0.328774 -0.074744 -0.941378
vn -0.323889 -0.183195 -0.928676
vn 0.229116 0.074744 -0.970689
vn -0.770396 -0.184172 -0.610161
vn -0.328774 0.074744 -0.941378
vn -0.323889 0.183195 -0.928676
vn -0.770396 0.184172 -0.610161
vn -0.783097 -0.074744 -0.617977
vn -0.783097 0.074744 -0.617977
vn -0.994138 -0.075721 -0.078652
vn -0.980459 -0.185149 -0.071812
vn -0.994138 0.075721 -0.078652
vn -0.980459 0.185149 -0.071812
vn -0.877870 -0.061065 0.475330
vn -0.872985 -0.144113 0.466536
vn -0.860283 -0.139228 0.490962
vn -0.863214 -0.059111 0.501710
vn -0.877870 0.061065 0.475330
vn -0.872985 0.144113 0.466536
vn -0.863214 0.059111 0.501710
vn -0.860283 0.139228 0.490962
vn -0.940401 -0.339521 -0.009282
vn -0.940401 -0.339521 -0.009282
vn -0.940401 -0.339521 -0.009282
vn -0.940401 -0.339521 -0.009282
vn 0.897411 -0.441133 -0.006351
vn 0.897411 -0.441133 -0.006351
vn 0.897411 -0.441133 -0.006351
vn 0.897411 -0.442110 -0.006351
vn -0.356131 -0.934538 -0.012213
vn -0.356131 -0.934538 -0.012213
vn -0.356131 -0.934538 -0.012213
vn -0.356131 -0.934538 -0.012213
vn -0.797753 -0.598437 0.074744
vn -0.421593 -0.887640 -0.185149
vn -0.743039 -0.665852 0.069858
vn -0.074743 -0.989253 -0.128481
vn -0.794822 -0.601368 0.081583
vn -0.036639 -0.999023 0.003420
vn -0.027846 -1.000000 0.002443
vn -0.018075 -1.000000 -0.000489
vn -0.803615 -0.593552 -0.029800
vn -0.017098 -1.000000 -0.005374
vn -0.209575 -0.977528 0.021006
vn 0.065950 -0.989253 0.128481
vn -0.733268 -0.679531 -0.029800
vn -0.753786 -0.610161 -0.244748
vn -0.010259 -1.000000 -0.010259
vn 0.199805 -0.979482 -0.015144
vn 0.142159 -0.951148 0.273083
vn 0.409868 -0.911089 -0.032731
vn -0.197850 -0.980459 -0.008305
vn 0.215437 -0.976551 0.013190
vn 0.410845 -0.911089 0.024915
vn -0.688324 -0.689301 -0.228139
vn -0.178310 -0.982413 -0.060088
vn 0.197851 -0.977528 0.064973
vn 0.386419 -0.913043 0.127504
vn -0.545677 -0.643381 -0.536883
vn -0.000488 -1.000000 -0.012213
vn 0.002443 -0.671715 -0.741085
vn -0.490962 -0.716659 -0.495848
vn 0.002443 -0.740107 -0.671715
vn -0.119687 -0.984367 -0.126527
vn 0.000489 -0.986321 -0.164631
vn -0.001465 -0.978505 0.205667
vn 0.135320 -0.979482 0.151930
vn 0.259404 -0.920860 0.290669
vn -0.002443 -0.925745 0.378603
vn 0.033708 -0.999023 0.007328
vn 0.033708 -0.999023 0.007328
vn 0.033708 -0.999023 0.007328
vn 0.033708 -0.999023 0.007328
vn 0.666830 -0.745970 -0.003420
vn 0.356131 -0.934538 -0.029800
vn 0.355154 -0.934538 -0.029800
vn 0.015144 -1.000000 -0.019052
vn 0.015144 -1.000000 -0.019052
vn 0.000489 -1.000000 -0.016121
vn 0.000489 -1.000000 -0.016121
vn 0.000489 -1.000000 -0.016121
vn 0.000489 -1.000000 -0.016121
vn 0.000489 -1.000000 -0.016121
vn -0.014167 -1.000000 -0.015144
vn 0.000489 -1.000000 -0.016121
vn 0.000489 -1.000000 -0.016121
vn 0.000489 -1.000000 -0.016121
vn 0.000489 -1.000000 -0.016121
vn -0.014167 -1.000000 -0.015144
vn -0.237909 -0.971666 -0.003420
vn -0.237909 -0.971666 -0.003420
vn -0.457743 -0.888618 -0.002443
vn -0.457743 -0.888618 -0.002443
vn -0.688324 -0.725452 -0.004397
vn -0.688324 -0.725452 -0.004397
vn -0.902296 -0.430386 -0.006351
vn -0.902296 -0.430386 -0.006351
vn -0.999023 -0.038593 -0.007328
vn -0.999023 -0.038593 -0.007328
vn -1.000000 0.000489 -0.007328
vn -1.000000 0.000489 -0.007328
vn -1.000000 0.001466 -0.008305
vn -1.000000 0.006351 -0.006351
vn -0.993161 -0.118710 -0.014167
vn -0.993161 -0.118710 -0.014167
vn -0.993161 -0.118710 -0.014167
vn -0.993161 -0.118710 -0.014167
vn 0.491939 0.870054 0.006351
vn 0.491939 0.870054 0.006351
vn 0.491939 0.870054 0.006351
vn 0.491939 0.870054 0.006351
vn 0.001466 -0.003420 -1.000000
vn 0.065950 -0.077675 -0.995115
vn 0.035662 -0.101124 -0.994138
vn 0.234001 -0.664875 -0.709819
vn 0.455789 -0.535906 -0.710796
vn 0.000489 -0.000489 -1.000000
vn 0.035662 -0.101124 -0.994138
vn 0.234001 -0.664875 -0.709819
vn 0.010259 -0.706888 -0.706888
vn 0.002443 -0.106009 -0.994138
vn -0.001465 -0.105032 -0.994138
vn 0.010259 -0.706888 -0.706888
vn -0.010259 -0.706888 -0.707865
vn 0.000489 -0.000489 -1.000000
vn 0.709819 -0.410845 -0.571080
vn 0.709819 -0.410845 -0.571080
vn 0.709819 -0.410845 -0.571080
vn 0.709819 -0.410845 -0.571080
vn 0.896434 -0.444064 0.011236
vn 0.896434 -0.444064 0.011236
vn 0.896434 -0.444064 0.011236
vn 0.896434 -0.444064 0.011236
vn -0.367855 -0.929653 0.009282
vn -0.367855 -0.929653 0.009282
vn -0.367855 -0.929653 0.009282
vn -0.367855 -0.929653 0.009282
vn -0.926722 -0.375672 0.004397
vn -0.926722 -0.375672 0.004397
vn -0.926722 -0.375672 0.004397
vn -0.926722 -0.375672 0.004397
vn -0.024914 -0.103078 -0.994138
vn 0.000489 0.002443 -1.000000
vn 0.002443 0.004397 -1.000000
vn -0.001465 -0.105032 -0.994138
vn -0.167562 -0.686370 -0.707865
vn -0.010259 -0.706888 -0.707865
vn -0.046409 -0.090376 -0.995115
vn -0.167562 -0.686370 -0.707865
vn -0.322912 -0.624817 -0.711773
vn 0.006351 0.007328 -1.000000
vn -0.046409 -0.090376 -0.995115
vn -0.069858 -0.071812 -0.995115
vn -0.490962 -0.505618 -0.708842
vn -0.322912 -0.624817 -0.711773
vn 0.012213 0.005374 -1.000000
vn -0.069858 -0.071812 -0.995115
vn -0.087445 -0.041524 -0.995115
vn -0.490962 -0.505618 -0.708842
vn -0.629702 -0.300440 -0.716659
vn -0.094284 -0.003420 -0.995115
vn 0.013190 0.000489 -1.000000
vn -0.087445 -0.041524 -0.995115
vn -0.702003 -0.028823 -0.711773
vn -0.629702 -0.300440 -0.716659
vn -0.093307 0.001466 -0.996092
vn 0.013190 0.000489 -1.000000
vn -0.094284 -0.003420 -0.995115
vn -0.702980 0.000489 -0.710796
vn -0.702003 -0.028823 -0.711773
vn 0.597460 -0.602345 -0.530044
vn 0.597460 -0.602345 -0.530044
vn 0.597460 -0.602345 -0.530044
vn 0.597460 -0.602345 -0.530044
vn -0.978505 -0.198828 0.047386
vn -0.978505 -0.198828 0.047386
vn -0.978505 -0.198828 0.047386
vn -0.978505 -0.198828 0.047386
vn -1.000000 0.000489 -0.008305
vn -1.000000 0.000489 -0.007328
vn -1.000000 -0.010259 -0.008305
vn -1.000000 -0.010259 -0.008305
vn -0.981436 -0.193942 -0.007328
vn -1.000000 0.000489 -0.008305
vn -0.981436 -0.193942 -0.007328
vn -0.869077 -0.493894 -0.006351
vn -0.869077 -0.493894 -0.006351
vn -0.652174 -0.757694 -0.004397
vn -0.652174 -0.757694 -0.004397
vn -0.365901 -0.930630 -0.002443
vn -0.366878 -0.930630 -0.002443
vn -0.017098 -1.000000 -0.026869
vn -0.017098 -1.000000 -0.026869
vn -0.001465 -1.000000 -0.028823
vn -0.001465 -1.000000 -0.028823
vn -0.001465 -1.000000 -0.028823
vn -0.001465 -1.000000 -0.028823
vn -0.001465 -1.000000 -0.028823
vn -0.001465 -1.000000 -0.028823
vn -0.001465 -1.000000 -0.028823
vn -0.001465 -1.000000 -0.028823
vn -0.001465 -1.000000 -0.028823
vn 0.001466 -1.000000 -0.020029
vn -0.924768 -0.379580 -0.005374
vn -0.924768 -0.379580 -0.005374
vn -0.924768 -0.379580 -0.005374
vn -0.924768 -0.379580 -0.005374
vn -0.465559 -0.881778 0.079629
vn -0.983390 -0.155838 0.095261
vn -0.973620 -0.158769 0.163654
vn -0.983390 0.155838 0.095261
vn -0.973620 0.158769 0.163654
vn -0.472399 -0.878847 0.066927
vn -0.974597 -0.194919 0.107963
vn -0.354177 -0.932584 0.062042
vn -0.451881 -0.776258 0.440156
vn -0.976551 -0.106986 0.186126
vn -0.445041 -0.447973 0.775281
vn -0.976551 -0.000489 0.214460
vn -0.974597 0.194919 0.107963
vn -0.976551 0.106986 0.186126
vn 0.499756 0.866146 -0.001466
vn 0.499756 0.866146 -0.001466
vn 0.499756 0.866146 -0.001466
vn 0.499756 0.866146 -0.001466
vn 0.890572 -0.454812 -0.006351
vn 0.890572 -0.454812 -0.006351
vn 0.890572 -0.454812 -0.006351
vn 0.890572 -0.454812 -0.006351
vn 0.691256 -0.448950 -0.566194
vn 0.691256 -0.448950 -0.566194
vn 0.691256 -0.448950 -0.566194
vn 0.691256 -0.448950 -0.566194
vn -0.362970 -0.931607 -0.013190
vn -0.362970 -0.931607 -0.013190
vn -0.362970 -0.931607 -0.013190
vn -0.362970 -0.931607 -0.013190
vn -0.429409 0.899365 0.083537
vn -0.429409 0.899365 0.083537
vn -0.429409 0.899365 0.083537
vn -0.429409 0.899365 0.083537
vn -1.000000 -0.003420 0.019052
vn -0.999023 0.043478 0.022960
vn -1.000000 -0.003420 0.006351
vn -1.000000 0.000489 0.020029
vn -1.000000 -0.001466 0.003420
vn -1.000000 0.000489 -0.000489
vn -1.000000 0.000489 -0.000489
vn -1.000000 0.000489 -0.000489
vn -1.000000 -0.000489 -0.000489
vn -1.000000 0.000489 -0.000489
vn -1.000000 0.000489 -0.000489
vn -1.000000 -0.000489 -0.000489
vn -1.000000 0.000489 -0.000489
vn -1.000000 -0.001466 0.006351
vn -1.000000 0.001466 0.006351
vn -0.984367 0.019052 0.175379
vn -0.984367 -0.019052 0.175379
vn -0.824133 -0.020029 0.566194
vn -0.824133 0.020029 0.566194
vn -0.475330 -0.020029 0.879824
vn -0.475330 0.020029 0.879824
vn -0.006351 0.004397 1.000000
vn -0.006351 -0.004397 1.000000
vn 0.000489 -0.004397 1.000000
vn 0.000489 0.004397 1.000000
vn -0.000488 -0.000489 1.000000
vn 0.000489 0.000489 1.000000
vn 0.000489 -0.000489 1.000000
vn 0.000489 0.000489 1.000000
vn 0.000489 -0.000489 1.000000
vn 0.000489 0.000489 1.000000
vn 0.000489 -0.000489 1.000000
vn 0.000489 0.000489 1.000000
vn 0.000489 -0.000489 1.000000
vn 0.000489 0.000489 1.000000
vn -0.000488 -0.013190 1.000000
vn 0.000489 0.000489 1.000000
vn 0.000489 -0.000489 1.000000
vn 0.000489 0.000489 1.000000
vn 0.000489 -0.000489 1.000000
vn 0.000489 0.004397 1.000000
vn 0.000489 -0.004397 1.000000
vn -0.006351 0.004397 1.000000
vn -0.006351 -0.004397 1.000000
vn -0.475330 -0.020029 0.879824
vn -0.475330 0.020029 0.879824
vn -0.824133 -0.020029 0.566194
vn -0.824133 0.020029 0.566194
vn -0.984367 -0.019052 0.175379
vn -0.984367 0.019052 0.175379
vn -1.000000 -0.001466 0.006351
vn -1.000000 0.001466 0.006351
vn -1.000000 0.000489 -0.000489
vn -1.000000 -0.000489 -0.000489
vn -1.000000 -0.000489 -0.000489
vn -1.000000 0.000489 -0.000489
vn -1.000000 0.003420 0.006351
vn -1.000000 0.000489 -0.000489
vn -1.000000 -0.000489 -0.000489
vn -1.000000 -0.000489 -0.000489
vn -1.000000 0.001466 0.003420
vn -1.000000 0.003420 0.019052
vn -0.999023 -0.043478 0.021983
vn -0.999023 -0.043478 0.006351
vn -0.999023 -0.050318 0.005374
vn -0.983390 -0.039570 0.174402
vn -0.936492 -0.352223 0.004397
vn -0.932584 -0.360039 -0.008305
vn -0.936492 -0.350269 0.027846
vn -0.711773 -0.702980 0.003420
vn -0.710796 -0.703957 -0.013190
vn -0.711773 -0.702003 0.030777
vn -0.361993 -0.932584 0.005374
vn -0.367855 -0.929653 -0.007328
vn -0.361016 -0.932584 0.029800
vn -0.026869 -1.000000 0.010259
vn -0.035662 -0.999023 0.002443
vn -0.003420 -1.000000 0.004397
vn -0.003420 -1.000000 0.004397
vn -0.003420 -1.000000 0.004397
vn -0.004397 -1.000000 0.011236
vn -0.004397 -1.000000 0.013190
vn -0.023937 -0.999023 0.028823
vn -0.000488 -1.000000 0.013190
vn -0.000488 -1.000000 0.028823
vn -0.000488 -0.983390 0.179287
vn -0.368832 -0.909135 0.194919
vn -0.021983 -0.983390 0.180264
vn -0.018075 -0.822179 0.569126
vn 0.000489 -0.821202 0.570103
vn 0.000489 -0.473376 0.880801
vn -0.695164 -0.691256 0.197850
vn -0.321934 -0.759648 0.565217
vn -0.009282 -0.477284 0.878847
vn -0.911089 -0.364924 0.191011
vn -0.200782 -0.465559 0.862237
vn -0.585735 -0.584758 0.561309
vn -0.982413 -0.063019 0.175379
vn -0.761602 -0.320957 0.562286
vn -0.826087 -0.056180 0.560332
vn -0.823156 -0.039570 0.566194
vn -0.466536 -0.200782 0.861260
vn -0.487054 -0.030777 0.872985
vn -0.474353 -0.039570 0.878847
vn -0.363947 -0.362970 0.858329
vn -0.002443 -0.000489 1.000000
vn -0.004397 -0.000489 1.000000
vn -0.003420 -0.004397 1.000000
vn -0.000488 -0.002443 1.000000
vn -0.001465 -0.001466 1.000000
vn -0.000488 -0.014167 1.000000
vn 0.000489 -0.004397 1.000000
vn 0.000489 -0.000489 1.000000
vn 0.000489 -0.000489 1.000000
vn -0.084514 -0.996092 0.025892
vn -0.084514 -0.996092 0.025892
vn -0.084514 -0.996092 0.025892
vn -0.084514 -0.996092 0.025892
vn -0.002443 0.908158 0.418661
vn -0.002443 0.908158 0.418661
vn -0.002443 0.908158 0.418661
vn -0.002443 0.908158 0.418661
vn -0.002443 0.908158 0.418661
vn -0.002443 0.908158 0.418661
vn -0.101124 0.716658 -0.690278
vn 0.003420 0.719590 -0.694187
vn -0.101124 0.715681 -0.690278
vn 0.003420 0.719590 -0.694187
vn -0.704934 0.510503 -0.492916
vn -0.704934 0.510503 -0.491939
vn 0.498779 0.867123 0.006351
vn 0.498779 0.866146 0.006351
vn 0.498779 0.866146 0.006351
vn 0.498779 0.866146 0.006351
vn 0.152907 -0.788959 0.595506
vn 0.152907 -0.788959 0.595506
vn 0.152907 -0.788959 0.595506
vn 0.152907 -0.788959 0.595506
vn 0.633610 0.773327 0.021983
vn 0.633610 0.773327 0.021983
vn 0.633610 0.773327 0.021983
vn 0.633610 0.773327 0.021983
vn 0.889595 -0.456766 0.012213
vn 0.889595 -0.456766 0.012213
vn 0.889595 -0.456766 0.012213
vn 0.889595 -0.456766 0.012213
vn 0.598437 0.801661 0.002443
vn 0.598437 0.801661 0.002443
vn 0.598437 0.801661 0.002443
vn 0.598437 0.801661 0.002443
vn -0.920860 -0.389350 0.005374
vn -0.920860 -0.389350 0.005374
vn -0.920860 -0.389350 0.005374
vn -0.920860 -0.389350 0.005374
vn -0.374695 -0.926722 0.009282
vn -0.374695 -0.926722 0.009282
vn -0.374695 -0.926722 0.009282
vn -0.374695 -0.926722 0.009282
vn 0.287738 -0.957010 0.048363
vn 0.287738 -0.957010 0.048363
vn 0.287738 -0.957010 0.048363
vn 0.287738 -0.957010 0.048363
vn -0.980459 0.198828 -0.005374
vn -0.980459 0.198828 -0.005374
vn -0.980459 0.198828 -0.005374
vn -0.980459 0.198828 -0.005374
vn 0.392281 -0.919883 -0.013190
vn 0.392281 -0.919883 -0.013190
vn 0.392281 -0.919883 -0.013190
vn 0.392281 -0.919883 -0.013190
vn 0.506595 0.862237 -0.001466
vn 0.506595 0.862237 -0.001466
vn 0.506595 0.862237 -0.001466
vn 0.506595 0.862237 -0.001466
vn -0.918906 -0.393258 -0.006351
vn -0.918906 -0.393258 -0.006351
vn -0.918906 -0.393258 -0.006351
vn -0.918906 -0.393258 -0.006351
vn 0.883732 -0.467513 -0.007328
vn 0.883732 -0.467513 -0.007328
vn 0.883732 -0.467513 -0.007328
vn 0.883732 -0.467513 -0.007328
vn -0.872985 0.017098 0.488031
vn -0.872985 0.017098 0.488031
vn -0.872985 0.017098 0.488031
vn -0.872985 0.017098 0.488031
vn -0.000488 0.977528 0.208598
vn 0.025892 0.912066 0.408891
vn 0.028823 0.977528 0.208598
vn -0.000488 0.912066 0.409868
vn -0.025891 0.912066 0.409868
vn 0.349292 0.843674 0.407914
vn -0.028823 0.977528 0.207621
vn -0.348315 0.843674 0.407914
vn -0.000488 0.979482 -0.199805
vn 0.374695 0.905227 0.199805
vn 0.647289 0.646312 0.403029
vn 0.374695 0.903273 -0.208598
vn 0.691256 0.691255 -0.211529
vn 0.028823 0.979482 -0.199805
vn 0.348315 0.840743 -0.414753
vn 0.026869 0.913043 -0.407914
vn 0.643381 0.643381 -0.415730
vn -0.000488 0.913043 -0.406937
vn -0.026869 0.913043 -0.407914
vn -0.028823 0.979482 -0.199805
vn -0.348315 0.840743 -0.414753
vn -0.374695 0.903273 -0.208598
vn -0.691255 0.691255 -0.211529
vn -0.374695 0.905227 0.198828
vn -0.643381 0.643381 -0.415730
vn -0.694187 0.693210 0.193942
vn -0.647289 0.646312 0.403029
vn -0.844651 0.347338 0.406937
vn -0.903273 0.373718 -0.209575
vn -0.840742 0.348315 -0.414753
vn -0.906204 0.373718 0.198828
vn -0.975574 0.082560 -0.202736
vn -0.909135 0.076698 -0.408891
vn -0.975574 0.081583 0.204690
vn -0.909135 0.074744 0.408891
vn -0.979482 0.000489 -0.201759
vn -0.913043 0.000489 -0.406937
vn -0.978505 0.000489 0.207621
vn -0.911089 0.000489 0.410845
vn -0.911089 -0.000489 0.411822
vn -0.978505 -0.000489 0.207621
vn -0.911089 -0.000489 0.411822
vn -0.979482 -0.000489 -0.202736
vn -0.913043 0.000489 -0.406937
vn -0.913043 -0.000489 -0.406937
vn -0.979482 -0.000489 -0.202736
vn -0.909135 -0.075721 -0.408891
vn -0.978505 -0.000489 0.207621
vn -0.910112 -0.073766 0.408891
vn -0.975574 -0.080606 0.204690
vn -0.844651 -0.347338 0.406937
vn -0.975574 -0.081583 -0.202736
vn -0.840742 -0.348315 -0.414753
vn -0.906204 -0.373718 0.198828
vn -0.694187 -0.693210 0.193942
vn -0.647289 -0.646312 0.404006
vn -0.903273 -0.373718 -0.209575
vn -0.643381 -0.643381 -0.415730
vn -0.348315 -0.843674 0.407914
vn -0.691255 -0.691256 -0.211529
vn -0.348315 -0.840743 -0.414753
vn -0.374695 -0.905227 0.199805
vn -0.036639 -0.978505 0.201759
vn -0.034685 -0.911089 0.409868
vn -0.141182 -0.951148 0.274060
vn -0.065950 -0.989253 0.128481
vn -0.374695 -0.903273 -0.208598
vn -0.035662 -0.977528 -0.206644
vn 0.074744 -0.989253 -0.128481
vn -0.031754 -0.912066 -0.407914
vn 0.421593 -0.887640 -0.185149
vn -0.991207 0.113825 0.062042
vn -0.991207 0.113825 0.062042
vn -0.991207 0.113825 0.062042
vn -0.991207 0.113825 0.062042
vn -0.370786 -0.928676 -0.013190
vn -0.370786 -0.928676 -0.013190
vn -0.370786 -0.928676 -0.013190
vn -0.370786 -0.928676 -0.013190
vn 0.505618 0.863214 0.006351
vn 0.505618 0.863214 0.006351
vn 0.505618 0.863214 0.006351
vn 0.505618 0.863214 0.006351
vn -0.242794 -0.969712 -0.016121
vn -0.242794 -0.969712 -0.016121
vn -0.242794 -0.969712 -0.016121
vn -0.242794 -0.969712 -0.016121
vn -0.847582 -0.336590 0.409868
vn -0.847582 -0.336590 0.409868
vn -0.847582 -0.336590 0.409868
vn -0.847582 -0.336590 0.409868
vn -0.805569 -0.169516 0.568148
vn -0.805569 -0.169516 0.568148
vn -0.805569 -0.169516 0.568148
vn -0.805569 -0.169516 0.568148
vn 0.882755 -0.469468 0.012213
vn 0.882755 -0.469468 0.012213
vn 0.882755 -0.469468 0.012213
vn 0.882755 -0.469468 0.012213
vn -0.914998 -0.403029 0.005374
vn -0.914998 -0.403029 0.005374
vn -0.914998 -0.403029 0.005374
vn -0.914998 -0.403029 0.005374
vn 0.286761 -0.757694 0.585735
vn 0.286761 -0.757694 0.585735
vn 0.286761 -0.757694 0.585735
vn 0.286761 -0.757694 0.585735
vn -0.605276 -0.451881 0.655105
vn -0.605276 -0.451881 0.655105
vn -0.605276 -0.451881 0.655105
vn -0.605276 -0.451881 0.655105
vn -0.000488 -0.795799 0.606253
vn 0.000489 -0.794822 0.606253
vn 0.000489 -0.794822 0.606253
vn -0.000488 -0.795799 0.605276
vn -0.000488 -0.794822 0.607230
vn 0.000489 -0.793845 0.608207
vn 0.000489 -0.793845 0.608207
vn -0.000488 -0.794822 0.607230
vn -0.000488 -0.794822 0.606253
vn 0.000489 -0.794822 0.607230
vn 0.000489 -0.794822 0.607230
vn -0.000488 -0.794822 0.606253
vn -0.000488 -0.792868 0.609184
vn 0.000489 -0.792868 0.609184
vn 0.000489 -0.792868 0.609184
vn -0.000488 -0.792868 0.609184
vn -0.000488 -0.793845 0.608207
vn 0.000489 -0.793845 0.608207
vn 0.000489 -0.793845 0.608207
vn -0.000488 -0.793845 0.608207
vn -0.000488 -0.791891 0.611138
vn 0.000489 -0.791891 0.610161
vn -0.000488 -0.791891 0.611138
vn 0.000489 -0.791891 0.610161
vn -0.000488 -0.792868 0.610161
vn -0.000488 -0.792868 0.610161
vn 0.000489 -0.792868 0.610161
vn -0.000488 -0.792868 0.610161
vn -0.000488 -0.790914 0.612115
vn 0.000489 -0.790914 0.612115
vn -0.000488 -0.790914 0.612115
vn 0.000489 -0.790914 0.612115
vn 0.000489 -0.791891 0.611138
vn 0.000489 -0.791891 0.611138
vn -0.000488 -0.790914 0.611138
vn -0.000488 -0.790914 0.611138
vn -0.913043 -0.406937 -0.006351
vn -0.913043 -0.406937 -0.006351
vn -0.913043 -0.406937 -0.006351
vn -0.913043 -0.406937 -0.006351
vn 0.001466 -0.787982 0.616023
vn 0.001466 -0.787982 0.615046
vn 0.001466 -0.787982 0.616023
vn 0.001466 -0.787982 0.616023
vn 0.877870 -0.479238 -0.007328
vn 0.877870 -0.479238 -0.007328
vn 0.877870 -0.479238 -0.007328
vn 0.877870 -0.479238 -0.007328
vn 0.571080 -0.820225 0.029800
vn 0.571080 -0.820225 0.029800
vn 0.571080 -0.820225 0.029800
vn 0.571080 -0.820225 0.029800
vn -0.919883 0.389350 0.042501
vn -0.919883 0.389350 0.042501
vn -0.919883 0.389350 0.042501
vn -0.919883 0.389350 0.042501
vn 0.644358 -0.764533 -0.001466
vn 0.644358 -0.764533 -0.001466
vn 0.644358 -0.764533 -0.001466
vn 0.644358 -0.764533 -0.001466
vn 0.644358 -0.764533 -0.001466
vn 0.153884 -0.807523 0.569126
vn 0.153884 -0.807523 0.569126
vn 0.153884 -0.807523 0.569126
vn 0.153884 -0.807523 0.569126
vn -0.809477 -0.004397 0.587689
vn -0.809477 -0.004397 0.587689
vn -0.809477 -0.004397 0.587689
vn -0.809477 -0.004397 0.587689
vn -0.802638 0.000489 0.597460
vn -0.802638 0.000489 0.596483
vn -0.802638 0.000489 0.596483
vn -0.802638 0.000489 0.597460
vn -0.802638 0.000489 0.596483
vn -0.802638 0.000489 0.596483
vn -0.802638 0.000489 0.596483
vn -0.802638 -0.000489 0.595506
vn -0.858329 0.513434 0.000489
vn -0.857352 0.514411 -0.000489
vn -0.858329 0.513434 0.000489
vn -0.857352 0.514411 0.000489
vn -0.472399 0.880801 -0.017098
vn -0.472399 0.880801 -0.017098
vn -0.472399 0.880801 -0.017098
vn -0.472399 0.880801 -0.017098
vn 0.307279 -0.740107 0.598437
vn 0.307279 -0.740107 0.598437
vn 0.307279 -0.740107 0.598437
vn 0.307279 -0.740107 0.598437
vn -0.097215 -0.726429 0.680508
vn -0.097215 -0.726429 0.680508
vn -0.097215 -0.726429 0.680508
vn -0.097215 -0.726429 0.680508
vn 0.875916 -0.481192 0.013190
vn 0.875916 -0.481192 0.013190
vn 0.875916 -0.481192 0.013190
vn 0.875916 -0.481192 0.013190
vn -0.909135 -0.415730 0.006351
vn -0.909135 -0.415730 0.006351
vn -0.909135 -0.415730 0.006351
vn -0.909135 -0.415730 0.006351
vn -0.390327 -0.545677 0.742061
vn -0.390327 -0.545677 0.742061
vn -0.390327 -0.545677 0.742061
vn -0.390327 -0.545677 0.742061
vn -0.907181 -0.420616 -0.007328
vn -0.907181 -0.420616 -0.007328
vn -0.907181 -0.420616 -0.007328
vn -0.907181 -0.420616 -0.007328
vn 0.871031 -0.491939 -0.008305
vn 0.871031 -0.491939 -0.008305
vn 0.871031 -0.491939 -0.008305
vn 0.871031 -0.491939 -0.008305
vn -0.202736 -0.642403 0.739130
vn -0.202736 -0.642403 0.739130
vn -0.202736 -0.642403 0.739130
vn -0.202736 -0.642403 0.739130
vn -0.789936 0.614069 0.007328
vn -0.789936 0.614069 0.007328
vn -0.789936 0.614069 0.007328
vn -0.789936 0.614069 0.007328
vn -0.487054 0.872985 0.012213
vn -0.487054 0.872985 0.012213
vn -0.487054 0.872985 0.012213
vn -0.487054 0.872985 0.012213
vn -0.384465 -0.922814 0.006351
vn -0.384465 -0.922814 0.006351
vn -0.384465 -0.922814 0.006351
vn -0.384465 -0.922814 0.006351
vn 0.314118 -0.738153 0.597460
vn 0.314118 -0.738153 0.597460
vn 0.314118 -0.738153 0.597460
vn 0.314118 -0.738153 0.597460
vn 0.821202 -0.570103 -0.007328
vn 0.821202 -0.570103 -0.007328
vn 0.821202 -0.570103 -0.007328
vn 0.821202 -0.570103 -0.007328
vn -0.479238 0.877870 -0.017098
vn -0.479238 0.877870 -0.017098
vn -0.479238 0.877870 -0.017098
vn -0.479238 0.877870 -0.017098
vn 0.869077 -0.493894 0.013190
vn 0.869077 -0.493894 0.013190
vn 0.869077 -0.493894 0.013190
vn 0.869077 -0.493894 0.013190
vn -0.429409 -0.898388 -0.087445
vn -0.429409 -0.898388 -0.087445
vn -0.429409 -0.898388 -0.087445
vn -0.429409 -0.898388 -0.087445
vn -0.805569 -0.172448 0.567171
vn -0.805569 -0.172448 0.567171
vn -0.805569 -0.172448 0.567171
vn -0.805569 -0.172448 0.567171
vn 0.797753 -0.602345 0.035662
vn 0.797753 -0.602345 0.035662
vn 0.797753 -0.602345 0.035662
vn 0.797753 -0.602345 0.035662
vn -0.903273 -0.428432 0.007328
vn -0.903273 -0.428432 0.007328
vn -0.903273 -0.428432 0.007328
vn -0.903273 -0.428432 0.007328
vn -0.749878 -0.297509 0.591597
vn -0.749878 -0.297509 0.591597
vn -0.749878 -0.297509 0.590620
vn -0.749878 -0.297509 0.590620
vn -0.441133 -0.186126 0.877870
vn -0.441133 -0.887640 0.133366
vn -0.441133 -0.887640 0.133366
vn -0.408891 -0.903273 -0.128481
vn -0.408891 -0.903273 -0.128481
vn -0.441133 -0.186126 0.877870
vn -0.431363 0.238886 0.870054
vn -0.431363 0.238886 0.870054
vn -0.431363 0.826087 0.362970
vn -0.431363 0.826087 0.362970
vn -0.409868 0.903273 0.129458
vn -0.409868 0.903273 0.129458
vn -0.670738 0.741084 0.012213
vn -0.670738 0.741084 0.012213
vn -0.670738 0.741084 0.012213
vn -0.670738 0.741084 0.012213
vn -0.901319 -0.433317 -0.007328
vn -0.901319 -0.433317 -0.007328
vn -0.901319 -0.433317 -0.007328
vn -0.901319 -0.433317 -0.007328
vn -0.609184 0.792868 -0.012213
vn -0.609184 0.792868 -0.012213
vn -0.609184 0.792868 -0.012213
vn -0.609184 0.792868 -0.012213
vn -0.493893 0.870054 0.012213
vn -0.493893 0.870054 0.012213
vn -0.493893 0.870054 0.012213
vn -0.493893 0.870054 0.012213
vn -0.836834 0.086468 0.539814
vn -0.836834 0.086468 0.539814
vn -0.837811 0.086468 0.539814
vn -0.836834 0.086468 0.539814
vn -0.497802 0.867123 -0.022960
vn -0.497802 0.867123 -0.022960
vn -0.497802 0.867123 -0.022960
vn -0.497802 0.867123 -0.022960
vn -0.107963 -0.829995 0.547631
vn -0.107963 -0.829995 0.547631
vn -0.107963 -0.829995 0.547631
vn -0.107963 -0.829995 0.547631
vn -0.897411 -0.441133 0.007328
vn -0.897411 -0.441133 0.008305
vn -0.897411 -0.441133 0.007328
vn -0.897411 -0.441133 0.008305
vn -0.739130 -0.316072 0.595506
vn -0.739130 -0.316072 0.595506
vn -0.739130 -0.316072 0.595506
vn -0.739130 -0.316072 0.595506
vn -0.441133 -0.888618 -0.125550
vn -0.441133 -0.888618 -0.125550
vn -0.441133 -0.888618 -0.125550
vn -0.441133 -0.888618 -0.125550
vn -0.441133 -0.888618 -0.125550
vn -0.538837 -0.841720 -0.002443
vn -0.538837 -0.841720 -0.002443
vn -0.538837 -0.841720 -0.002443
vn -0.538837 -0.841720 -0.002443
vn -0.895457 -0.446019 -0.008305
vn -0.895457 -0.446019 -0.008305
vn -0.895457 -0.446019 -0.008305
vn -0.895457 -0.446019 -0.008305
vn -0.473376 -0.871031 -0.132389
vn -0.473376 -0.871031 -0.132389
vn -0.473376 -0.871031 -0.132389
vn -0.473376 -0.871031 -0.132389
vn -0.736199 -0.327797 0.592574
vn -0.736199 -0.327797 0.592574
vn -0.736199 -0.327797 0.592574
vn -0.736199 -0.327797 0.592574
vn -0.770396 0.357108 0.529067
vn -0.770396 0.357108 0.529067
vn -0.770396 0.357108 0.529067
vn -0.770396 0.357108 0.529067
vn -0.423547 -0.896434 -0.127504
vn -0.423547 -0.896434 -0.127504
vn -0.423547 -0.896434 -0.127504
vn -0.891549 -0.453835 0.008305
vn -0.891549 -0.453835 0.008305
vn -0.891549 -0.453835 0.008305
vn -0.891549 -0.453835 0.008305
vn -0.888617 -0.458720 -0.008305
vn -0.888617 -0.458720 -0.008305
vn -0.888617 -0.458720 -0.008305
vn -0.888617 -0.458720 -0.008305
vn -0.639472 -0.768442 -0.000489
vn -0.639472 -0.768442 -0.000489
vn -0.639472 -0.769419 -0.000489
vn -0.639472 -0.768442 -0.000489
vn -0.435271 0.032731 0.899365
vn -0.435271 0.032731 0.899365
vn -0.435271 0.032731 0.899365
vn -0.435271 0.032731 0.899365
vn -0.436248 0.031754 0.899365
vn -0.437225 0.031754 0.898388
vn -0.437225 0.031754 0.899365
vn -0.436248 0.031754 0.899365
vn -0.732291 -0.339521 0.589643
vn -0.732291 -0.339521 0.589643
vn -0.732291 -0.339521 0.589643
vn -0.732291 -0.339521 0.589643
vn -0.412799 0.032731 0.910112
vn -0.412799 0.032731 0.910112
vn -0.412799 0.032731 0.910112
vn -0.412799 0.032731 0.910112
vn -0.410845 0.708842 0.573034
vn -0.410845 0.708842 0.573034
vn -0.410845 0.708842 0.573034
vn -0.410845 0.708842 0.573034
vn -0.884709 -0.465559 0.009282
vn -0.884709 -0.465559 0.009282
vn -0.884709 -0.465559 0.009282
vn -0.884709 -0.465559 0.009282
vn 0.011236 -0.045432 -0.999023
vn -0.094284 -0.037616 -0.995115
vn -0.094284 -0.045432 -0.994138
vn 0.011236 -0.037616 -0.999023
vn -0.703957 -0.032731 -0.709819
vn -0.702980 -0.026869 -0.710796
vn -0.094284 -0.045432 -0.994138
vn 0.009282 -0.511480 -0.859306
vn -0.101124 -0.509526 -0.854421
vn -0.727406 -0.349292 -0.590620
vn -0.101124 -0.509526 -0.854421
vn 0.006351 -0.813385 -0.581827
vn -0.724475 -0.556424 -0.405960
vn -0.103078 -0.808500 -0.579873
vn -0.103078 -0.808500 -0.579873
vn 0.002443 -0.975574 -0.220322
vn -0.707865 -0.688324 -0.159746
vn -0.102101 -0.969712 -0.220322
vn 0.002443 -0.978505 -0.204690
vn -0.707865 -0.691256 -0.148022
vn -0.102101 -0.973620 -0.203713
vn -0.001465 -0.994138 0.110894
vn -0.109917 -0.988276 0.109917
vn -0.727406 -0.682462 0.072789
vn -0.006351 -0.857352 0.514411
vn -0.116756 -0.851490 0.510503
vn -0.739130 -0.578896 0.344406
vn -0.010259 -0.489985 0.872008
vn -0.116756 -0.851490 0.510503
vn -0.121641 -0.487054 0.865169
vn -0.744016 -0.331705 0.580850
vn -0.011236 -0.007328 1.000000
vn -0.121641 -0.487054 0.865169
vn -0.714704 -0.005374 0.699072
vn -0.116756 -0.007328 0.993161
vn -0.012213 0.000489 1.000000
vn -0.116756 -0.007328 0.993161
vn -0.713727 0.000489 0.700049
vn -0.116756 0.000489 0.993161
vn -0.882755 -0.470445 -0.009282
vn -0.882755 -0.470445 -0.009282
vn -0.882755 -0.470445 -0.009282
vn -0.882755 -0.470445 -0.009282
vn -0.618955 0.584758 0.524182
vn -0.618955 0.584758 0.524182
vn -0.618955 0.584758 0.524182
vn -0.618955 0.584758 0.524182
vn -0.729360 -0.352223 0.586712
vn -0.729360 -0.352223 0.586712
vn -0.729360 -0.352223 0.586712
vn -0.729360 -0.352223 0.586712
vn -0.397167 0.033708 0.916952
vn -0.397167 0.033708 0.916952
vn -0.397167 0.033708 0.916952
vn -0.397167 0.033708 0.916952
vn 0.004397 -0.896434 -0.444064
vn 0.110894 -0.934538 -0.337567
vn 0.110894 -0.936492 -0.333659
vn 0.004397 -0.896434 -0.444064
vn 0.720567 -0.655105 -0.228139
vn 0.721544 -0.654128 -0.229116
vn -0.383488 -0.751832 0.536883
vn -0.383488 -0.751832 0.536883
vn -0.383488 -0.751832 0.535906
vn -0.383488 -0.751832 0.536883
vn -0.416707 0.706888 0.571080
vn -0.416707 0.706888 0.571080
vn -0.416707 0.706888 0.571080
vn -0.416707 0.706888 0.571080
vn -0.878847 -0.477284 0.010259
vn -0.878847 -0.477284 0.010259
vn -0.878847 -0.477284 0.010259
vn -0.878847 -0.477284 0.010259
vn -0.436248 0.032731 0.899365
vn -0.436248 0.032731 0.899365
vn -0.436248 0.032731 0.899365
vn -0.436248 0.032731 0.899365
vn -0.875916 -0.482169 -0.010259
vn -0.875916 -0.482169 -0.010259
vn -0.875916 -0.482169 -0.010259
vn -0.875916 -0.482169 -0.010259
vn -0.456766 0.686370 0.566194
vn -0.456766 0.686370 0.566194
vn -0.456766 0.686370 0.566194
vn -0.456766 0.686370 0.566194
vn -0.725452 -0.363947 0.583781
vn -0.725452 -0.363947 0.583781
vn -0.725452 -0.363947 0.583781
vn -0.725452 -0.363947 0.583781
vn -0.774304 -0.632633 -0.006351
vn -0.774304 -0.632633 -0.006351
vn -0.774304 -0.632633 -0.006351
vn -0.774304 -0.632633 -0.006351
vn -0.009282 -0.719590 0.694187
vn -0.001465 -0.719590 0.694187
vn -0.001465 -0.719590 0.694187
vn -0.009282 -0.718613 0.695164
vn -0.706888 -0.508549 0.490962
vn -0.707865 -0.508549 0.490962
vn -0.030777 -0.059111 0.998046
vn -0.000488 -0.000489 1.000000
vn -0.031754 -0.032731 0.999023
vn -0.492916 -0.508549 0.705911
vn -0.322912 -0.625794 0.709819
vn -0.031754 -0.032731 0.999023
vn -0.021983 -0.010259 1.000000
vn -0.492916 -0.508549 0.705911
vn -0.633610 -0.302394 0.712750
vn -0.030777 -0.124573 0.992184
vn -0.001465 -0.055203 0.998046
vn -0.011236 -0.707865 0.706888
vn -0.167562 -0.688324 0.705911
vn -0.030777 -0.059111 0.998046
vn -0.167562 -0.688324 0.705911
vn -0.322912 -0.625794 0.709819
vn -0.821202 -0.570103 0.006351
vn -0.821202 -0.570103 0.006351
vn -0.821202 -0.570103 0.006351
vn -0.821202 -0.570103 0.006351
vn -0.001465 -0.055203 0.998046
vn -0.001465 0.000489 1.000000
vn 0.009282 -0.707865 0.706888
vn -0.011236 -0.707865 0.706888
vn -0.000488 -0.056180 0.998046
vn 0.014167 -0.016121 1.000000
vn 0.023938 -0.069858 0.997069
vn 0.234001 -0.662921 0.710796
vn 0.454812 -0.533952 0.712750
vn 0.005374 0.000489 1.000000
vn 0.014167 -0.003420 1.000000
vn 0.702980 -0.007328 0.710796
vn 0.687347 -0.149976 0.710796
vn 0.023938 -0.069858 0.997069
vn -0.000488 -0.056180 0.998046
vn 0.009282 -0.707865 0.706888
vn 0.234001 -0.662921 0.710796
vn 0.014167 -0.003420 1.000000
vn 0.014167 -0.016121 1.000000
vn 0.021983 -0.012213 1.000000
vn 0.454812 -0.533952 0.712750
vn 0.616023 -0.334636 0.712750
vn 0.687347 -0.149976 0.710796
vn 0.616023 -0.334636 0.712750
vn -0.872008 -0.489008 0.011236
vn -0.872008 -0.489008 0.011236
vn -0.872008 -0.489008 0.011236
vn -0.872008 -0.489008 0.011236
vn -0.721544 -0.375672 0.580850
vn -0.721544 -0.375672 0.580850
vn -0.721544 -0.375672 0.580850
vn -0.721544 -0.375672 0.580850
vn -0.869077 -0.493894 -0.010259
vn -0.869077 -0.493894 -0.010259
vn -0.869077 -0.493894 -0.010259
vn -0.869077 -0.493894 -0.010259
vn 0.005374 0.000489 1.000000
vn -0.002443 0.000489 1.000000
vn -0.001465 0.000489 1.000000
vn 0.004397 0.000489 1.000000
vn 0.733268 0.064973 0.676600
vn 0.702980 -0.007328 0.710796
vn -0.001465 -0.000489 1.000000
vn -0.008305 -0.000489 1.000000
vn -0.001465 -0.000489 1.000000
vn -0.007328 -0.000489 1.000000
vn -0.707865 -0.028823 0.705911
vn -0.708842 0.000489 0.704934
vn -0.021983 -0.010259 1.000000
vn -0.707865 -0.028823 0.705911
vn -0.633610 -0.302394 0.712750
vn -0.717636 -0.387396 0.577919
vn -0.717636 -0.387396 0.577919
vn -0.717636 -0.387396 0.577919
vn -0.717636 -0.387396 0.577919
vn -0.598437 -0.600391 0.531021
vn -0.598437 -0.600391 0.531021
vn -0.598437 -0.600391 0.531021
vn -0.598437 -0.600391 0.531021
vn -0.714704 -0.399121 0.574988
vn -0.714704 -0.399121 0.574988
vn -0.714704 -0.399121 0.574988
vn -0.714704 -0.399121 0.574988
vn 0.000489 -1.000000 -0.000489
vn 0.110894 -0.936492 -0.333659
vn 0.106009 -0.994138 0.000489
vn 0.000489 -1.000000 -0.000489
vn 0.720567 -0.655105 -0.228139
vn 0.737176 -0.047386 -0.674646
vn -0.709819 -0.410845 0.572057
vn -0.709819 -0.410845 0.572057
vn -0.709819 -0.410845 0.572057
vn -0.709819 -0.410845 0.572057
vn -0.000488 -1.000000 -0.000489
vn 0.106009 -0.994138 0.000489
vn 0.110894 -0.934538 -0.337567
vn -0.000488 -1.000000 -0.000489
vn 0.721544 -0.654128 -0.229116
vn 0.722521 -0.040547 0.690278
vn -0.692232 -0.447973 0.566194
vn -0.692232 -0.447973 0.566194
vn -0.692232 -0.447973 0.566194
vn -0.692232 -0.447973 0.566194
vn -0.000488 1.000000 0.000489
vn 0.000489 1.000000 -0.000489
vn -0.000488 1.000000 0.000489
vn 0.000489 1.000000 -0.000489
vn -0.981436 -0.044455 0.185149
vn -0.800684 -0.576942 0.161700
vn -0.809477 -0.570103 0.144113
vn -0.977528 -0.045432 0.205667
vn -0.765510 -0.056180 0.640449
vn -0.977528 0.045432 0.205667
vn -0.981436 0.044455 0.185149
vn -0.576942 -0.644358 0.501710
vn -0.800684 0.576942 0.161700
vn -0.809477 0.570103 0.144113
vn -0.765510 0.056180 0.640449
vn -0.576942 0.644358 0.501710
vn -0.214460 -0.057157 0.974597
vn -0.169516 -0.641426 0.748901
vn 0.253542 -0.638495 0.727406
vn -0.214460 0.057157 0.974597
vn -0.169516 0.641426 0.748901
vn 0.253542 0.638495 0.726429
vn 0.328774 -0.056180 0.942355
vn 0.328774 0.056180 0.942355
vn 0.774304 -0.057157 0.629702
vn 0.598437 -0.641426 0.481192
vn 0.764534 -0.644358 0.033708
vn 0.774304 0.057157 0.629702
vn 0.598437 0.641426 0.481192
vn 0.764534 0.644358 0.033708
vn 0.998046 -0.056180 0.024915
vn 0.733268 -0.568148 -0.373718
vn 0.998046 0.056180 0.024915
vn 0.733268 0.568148 -0.373718
vn 0.894480 -0.044455 -0.445042
vn 0.885686 -0.043478 -0.462628
vn 0.729360 -0.560332 -0.392281
vn 0.894480 0.044455 -0.445042
vn 0.885686 0.043478 -0.462628
vn 0.729360 0.560332 -0.392281
vn -0.016121 -0.003420 1.000000
vn -0.117733 -0.001466 0.993161
vn -0.118710 -0.023937 0.992184
vn -0.713727 -0.008305 0.700049
vn -0.695164 -0.141182 0.704934
vn -0.013190 -0.000489 1.000000
vn -0.116756 0.000489 0.993161
vn -0.713727 -0.008305 0.700049
vn -0.013190 -0.007328 1.000000
vn -0.118710 -0.023937 0.992184
vn -0.104055 -0.059111 0.993161
vn -0.695164 -0.141182 0.704934
vn -0.613092 -0.349292 0.708842
vn -0.076698 -0.088422 0.993161
vn -0.007328 -0.008305 1.000000
vn -0.104055 -0.059111 0.993161
vn -0.460674 -0.535906 0.707865
vn -0.613092 -0.349292 0.708842
vn -0.002443 -0.005374 1.000000
vn -0.076698 -0.088422 0.993161
vn -0.040547 -0.105032 0.993161
vn -0.460674 -0.535906 0.707865
vn -0.254519 -0.656082 0.710796
vn -0.000488 -0.000489 1.000000
vn -0.040547 -0.105032 0.993161
vn -0.002443 -0.101124 0.995115
vn -0.012213 -0.706888 0.707865
vn -0.254519 -0.656082 0.710796
vn -0.000488 0.000489 1.000000
vn -0.002443 -0.101124 0.995115
vn 0.001466 -0.098192 0.995115
vn -0.012213 -0.706888 0.707865
vn 0.012213 -0.706888 0.707865
vn 0.032731 -0.079629 0.996092
vn 0.001466 -0.098192 0.995115
vn 0.012213 -0.706888 0.707865
vn 0.266243 -0.648266 0.713727
vn -0.002443 0.004397 1.000000
vn 0.069858 -0.069858 0.995115
vn 0.032731 -0.079629 0.996092
vn 0.266243 -0.648266 0.713727
vn 0.494871 -0.494871 0.713727
vn -0.008305 0.008305 1.000000
vn 0.089399 -0.036639 0.995115
vn 0.069858 -0.069858 0.995115
vn 0.494871 -0.494871 0.713727
vn 0.647289 -0.265266 0.714704
vn -0.016121 0.006351 1.000000
vn 0.092330 -0.001466 0.996092
vn 0.089399 -0.036639 0.995115
vn -0.016121 0.000489 1.000000
vn 0.702003 -0.013190 0.711773
vn 0.647289 -0.265266 0.714704
vn 0.092330 0.000489 0.996092
vn -0.015144 0.000489 1.000000
vn 0.092330 -0.001466 0.996092
vn 0.702003 -0.013190 0.711773
vn 0.722521 -0.040547 0.690278
vn 0.688324 0.182218 0.702003
vn 0.820225 0.572057 0.002443
vn 0.989253 0.143136 0.006351
vn 0.677577 0.168539 0.715681
vn 0.656082 0.514411 0.551539
vn 0.991207 0.130435 0.006351
vn 0.677577 0.168539 0.715681
vn 0.305325 0.952125 -0.001466
vn 0.257450 0.800684 0.539814
vn -0.180264 0.821202 0.541768
vn 0.990230 0.141182 -0.017098
vn 0.991207 0.128481 -0.017098
vn 0.820225 0.571080 -0.023937
vn 0.305325 0.952125 -0.027846
vn -0.242794 0.969712 0.000489
vn -0.565217 0.607230 0.559355
vn 0.245725 0.742061 -0.622863
vn 0.659990 0.430386 -0.615046
vn 0.672692 0.055203 -0.737176
vn 0.660967 0.038593 -0.749878
vn 0.991207 0.128481 -0.017098
vn -0.243771 0.969712 -0.025892
vn -0.218368 0.758671 -0.614069
vn -0.717636 0.697118 0.006351
vn -0.792868 0.164631 0.586712
vn -0.718613 0.695164 -0.021006
vn -0.609184 0.518319 -0.600391
vn -0.992184 0.121641 0.015144
vn -0.654128 -0.141182 0.743039
vn -0.993161 0.119687 -0.011236
vn -0.814362 0.057157 -0.576942
vn -0.665852 -0.265266 -0.698095
vn -0.945286 -0.324866 0.019052
vn -0.636541 -0.148022 0.756717
vn -0.941378 -0.336590 0.019052
vn -0.945286 -0.326820 -0.003420
vn -0.648266 -0.274060 -0.709819
vn -0.941378 -0.336590 0.020029
vn -0.941378 -0.338544 -0.003420
vn -0.648266 -0.274060 -0.709819

vt 0.725673 0.320517 0.0
vt 0.720894 0.331074 0.0
vt 0.720900 0.321394 0.0
vt 0.725673 0.332400 0.0
vt 0.776767 0.001530 0.0
vt 0.766465 0.002454 0.0
vt 0.765799 0.001502 0.0
vt 0.776615 0.002479 0.0
vt 0.443364 0.001696 0.0
vt 0.438550 0.012193 0.0
vt 0.438584 0.002317 0.0
vt 0.443364 0.013637 0.0
vt 0.499979 0.211073 0.0
vt 0.495120 0.222750 0.0
vt 0.495007 0.212295 0.0
vt 0.499979 0.224379 0.0
vt 0.827735 0.055730 0.0
vt 0.822898 0.154407 0.0
vt 0.822905 0.057011 0.0
vt 0.827735 0.157763 0.0
vt 0.707253 0.105523 0.0
vt 0.702423 0.117464 0.0
vt 0.702425 0.106777 0.0
vt 0.707253 0.119161 0.0
vt 0.804539 0.001580 0.0
vt 0.807843 0.007138 0.0
vt 0.802596 0.007138 0.0
vt 0.730914 0.018613 0.0
vt 0.727903 0.011459 0.0
vt 0.734898 0.011459 0.0
vt 0.541583 0.292708 0.0
vt 0.536697 0.281946 0.0
vt 0.541583 0.280772 0.0
vt 0.536424 0.291447 0.0
vt 0.807651 0.144522 0.0
vt 0.805515 0.157666 0.0
vt 0.805544 0.144516 0.0
vt 0.804565 0.157615 0.0
vt 0.804595 0.144544 0.0
vt 0.807631 0.157669 0.0
vt 0.808572 0.157631 0.0
vt 0.808600 0.144555 0.0
vt 0.671171 0.338656 0.0
vt 0.677495 0.347681 0.0
vt 0.668820 0.343365 0.0
vt 0.679837 0.342968 0.0
vt 0.671243 0.356243 0.0
vt 0.679837 0.360586 0.0
vt 0.669138 0.360397 0.0
vt 0.677743 0.364746 0.0
vt 0.765837 0.152640 0.0
vt 0.767745 0.137668 0.0
vt 0.767706 0.152651 0.0
vt 0.768655 0.152599 0.0
vt 0.768694 0.137699 0.0
vt 0.765875 0.137657 0.0
vt 0.764887 0.152580 0.0
vt 0.764925 0.137680 0.0
vt 0.640929 0.337343 0.0
vt 0.652126 0.337320 0.0
vt 0.649671 0.341974 0.0
vt 0.643399 0.332696 0.0
vt 0.643121 0.350331 0.0
vt 0.652181 0.355144 0.0
vt 0.640929 0.354440 0.0
vt 0.650005 0.359261 0.0
vt 0.869805 0.891607 0.0
vt 0.931163 0.844776 0.0
vt 0.880696 0.902487 0.0
vt 0.841265 0.937299 0.0
vt 0.830566 0.925280 0.0
vt 0.917436 0.837713 0.0
vt 0.938844 0.823426 0.0
vt 0.861111 0.882609 0.0
vt 0.822527 0.916035 0.0
vt 0.907877 0.832095 0.0
vt 0.923970 0.820927 0.0
vt 0.939632 0.814846 0.0
vt 0.915428 0.818421 0.0
vt 0.853682 0.874629 0.0
vt 0.814636 0.906825 0.0
vt 0.900626 0.826736 0.0
vt 0.909171 0.814984 0.0
vt 0.917399 0.813224 0.0
vt 0.924853 0.814388 0.0
vt 0.939112 0.806048 0.0
vt 0.924550 0.807895 0.0
vt 0.937288 0.797726 0.0
vt 0.918884 0.807733 0.0
vt 0.911934 0.810485 0.0
vt 0.907125 0.807181 0.0
vt 0.919792 0.802082 0.0
vt 0.923157 0.801731 0.0
vt 0.912799 0.796671 0.0
vt 0.905876 0.757879 0.0
vt 0.916982 0.801076 0.0
vt 0.914526 0.805873 0.0
vt 0.883552 0.763021 0.0
vt 0.902737 0.752704 0.0
vt 0.901897 0.746368 0.0
vt 0.903616 0.739601 0.0
vt 0.907639 0.733109 0.0
vt 0.910719 0.803342 0.0
vt 0.907691 0.799258 0.0
vt 0.879589 0.766050 0.0
vt 0.914518 0.799474 0.0
vt 0.903081 0.802167 0.0
vt 0.875635 0.768979 0.0
vt 0.871700 0.771797 0.0
vt 0.898902 0.805284 0.0
vt 0.860596 0.778699 0.0
vt 0.903714 0.810897 0.0
vt 0.887986 0.814204 0.0
vt 0.894232 0.821067 0.0
vt 0.838941 0.857653 0.0
vt 0.810050 0.803067 0.0
vt 0.846563 0.866622 0.0
vt 0.806851 0.897472 0.0
vt 0.799159 0.887874 0.0
vt 0.768332 0.820949 0.0
vt 0.807631 0.157670 0.0
vt 0.805508 0.170844 0.0
vt 0.805515 0.157666 0.0
vt 0.804558 0.170788 0.0
vt 0.804565 0.157713 0.0
vt 0.807624 0.170845 0.0
vt 0.808572 0.157728 0.0
vt 0.808565 0.170792 0.0
vt 0.778351 0.373743 0.0
vt 0.781365 0.361427 0.0
vt 0.781182 0.374339 0.0
vt 0.778351 0.360560 0.0
vt 0.384048 0.349574 0.0
vt 0.372366 0.348537 0.0
vt 0.374593 0.344447 0.0
vt 0.381838 0.353674 0.0
vt 0.381576 0.336345 0.0
vt 0.372366 0.331351 0.0
vt 0.384072 0.331713 0.0
vt 0.374881 0.326729 0.0
vt 0.041161 0.021961 0.0
vt 0.029576 0.023770 0.0
vt 0.030751 0.019264 0.0
vt 0.040004 0.026472 0.0
vt 0.035575 0.009717 0.0
vt 0.025206 0.007031 0.0
vt 0.036881 0.004620 0.0
vt 0.026535 0.001939 0.0
vt 0.779600 0.329447 0.0
vt 0.779600 0.250954 0.0
vt 0.784257 0.250962 0.0
vt 0.799970 0.339932 0.0
vt 0.799970 0.242536 0.0
vt 0.794708 0.242527 0.0
vt 0.768327 0.004112 0.0
vt 0.776615 0.002479 0.0
vt 0.777038 0.004150 0.0
vt 0.766465 0.002454 0.0
vt 0.769273 0.005066 0.0
vt 0.776812 0.005099 0.0
vt 0.797469 0.014387 0.0
vt 0.797183 0.015306 0.0
vt 0.777038 0.004150 0.0
vt 0.797118 0.012044 0.0
vt 0.768695 0.137646 0.0
vt 0.767745 0.137668 0.0
vt 0.768327 0.004112 0.0
vt 0.765875 0.137657 0.0
vt 0.766465 0.002454 0.0
vt 0.766465 0.002454 0.0
vt 0.764925 0.137625 0.0
vt 0.765518 0.001779 0.0
vt 0.806102 0.014424 0.0
vt 0.797469 0.014387 0.0
vt 0.808217 0.012074 0.0
vt 0.805148 0.015370 0.0
vt 0.797306 0.015336 0.0
vt 0.797330 0.011095 0.0
vt 0.797118 0.012044 0.0
vt 0.808894 0.011126 0.0
vt 0.797118 0.012044 0.0
vt 0.776615 0.002479 0.0
vt 0.776883 0.001556 0.0
vt 0.805591 0.131353 0.0
vt 0.804641 0.131335 0.0
vt 0.806102 0.014424 0.0
vt 0.807696 0.131361 0.0
vt 0.808217 0.012074 0.0
vt 0.808646 0.131350 0.0
vt 0.809170 0.011405 0.0
vt 0.804595 0.144483 0.0
vt 0.804641 0.131365 0.0
vt 0.805544 0.144516 0.0
vt 0.807651 0.144522 0.0
vt 0.807696 0.131361 0.0
vt 0.808601 0.144495 0.0
vt 0.808646 0.131379 0.0
vt 0.765844 0.167340 0.0
vt 0.767706 0.152651 0.0
vt 0.767712 0.167350 0.0
vt 0.765836 0.152640 0.0
vt 0.764894 0.167281 0.0
vt 0.764887 0.152693 0.0
vt 0.768655 0.152710 0.0
vt 0.768662 0.167298 0.0
vt 0.768662 0.167408 0.0
vt 0.767748 0.182049 0.0
vt 0.768698 0.181996 0.0
vt 0.765881 0.182039 0.0
vt 0.765844 0.167340 0.0
vt 0.764931 0.181980 0.0
vt 0.764894 0.167392 0.0
vt 0.983252 0.355597 0.0
vt 0.977131 0.346624 0.0
vt 0.985620 0.350897 0.0
vt 0.974760 0.351323 0.0
vt 0.977160 0.364231 0.0
vt 0.985620 0.368580 0.0
vt 0.975028 0.368371 0.0
vt 0.983495 0.372724 0.0
vt 0.760172 0.355227 0.0
vt 0.757125 0.367828 0.0
vt 0.757125 0.354491 0.0
vt 0.759993 0.368571 0.0
vt 0.822828 0.161860 0.0
vt 0.833857 0.160868 0.0
vt 0.834134 0.161817 0.0
vt 0.822888 0.160910 0.0
vt 0.111727 0.024672 0.0
vt 0.106392 0.007400 0.0
vt 0.111727 0.001762 0.0
vt 0.106548 0.023826 0.0
vt 0.889869 0.512919 0.0
vt 0.893694 0.507701 0.0
vt 0.893570 0.524762 0.0
vt 0.889801 0.524700 0.0
vt 0.889584 0.536634 0.0
vt 0.893351 0.536712 0.0
vt 0.889338 0.548515 0.0
vt 0.893105 0.548615 0.0
vt 0.889048 0.560452 0.0
vt 0.892763 0.562737 0.0
vt 0.888605 0.573751 0.0
vt 0.888126 0.587381 0.0
vt 0.888129 0.694983 0.0
vt 0.884554 0.689353 0.0
vt 0.880594 0.694720 0.0
vt 0.878092 0.689126 0.0
vt 0.860487 0.683862 0.0
vt 0.863674 0.681255 0.0
vt 0.856684 0.681011 0.0
vt 0.852585 0.683578 0.0
vt 0.859700 0.594858 0.0
vt 0.856644 0.567676 0.0
vt 0.860177 0.581231 0.0
vt 0.860654 0.567605 0.0
vt 0.857051 0.555495 0.0
vt 0.861084 0.554821 0.0
vt 0.857444 0.543316 0.0
vt 0.861451 0.543382 0.0
vt 0.861825 0.531681 0.0
vt 0.623027 0.363814 0.0
vt 0.626216 0.351808 0.0
vt 0.626002 0.364547 0.0
vt 0.623027 0.350704 0.0
vt 0.757118 0.304558 0.0
vt 0.762010 0.315162 0.0
vt 0.757118 0.316338 0.0
vt 0.762213 0.305413 0.0
vt 0.139850 0.492296 0.0
vt 0.136899 0.488268 0.0
vt 0.140560 0.490101 0.0
vt 0.140289 0.480654 0.0
vt 0.135975 0.478916 0.0
vt 0.144411 0.482606 0.0
vt 0.133083 0.486761 0.0
vt 0.131649 0.477399 0.0
vt 0.129152 0.485632 0.0
vt 0.135884 0.491895 0.0
vt 0.131947 0.491582 0.0
vt 0.128096 0.491347 0.0
vt 0.128315 0.496576 0.0
vt 0.132296 0.495990 0.0
vt 0.136220 0.495278 0.0
vt 0.140130 0.494379 0.0
vt 0.137213 0.498645 0.0
vt 0.133325 0.500450 0.0
vt 0.129374 0.501902 0.0
vt 0.132181 0.507892 0.0
vt 0.136191 0.505155 0.0
vt 0.165999 0.541200 0.0
vt 0.139774 0.501954 0.0
vt 0.170293 0.538019 0.0
vt 0.140946 0.496440 0.0
vt 0.142834 0.498183 0.0
vt 0.174597 0.534729 0.0
vt 0.176224 0.504820 0.0
vt 0.641054 0.371920 0.0
vt 0.643959 0.359244 0.0
vt 0.643958 0.372650 0.0
vt 0.641058 0.358497 0.0
vt 0.684108 0.116731 0.0
vt 0.682081 0.115819 0.0
vt 0.683741 0.115483 0.0
vt 0.688050 0.115594 0.0
vt 0.682827 0.117594 0.0
vt 0.679794 0.116582 0.0
vt 0.680897 0.119068 0.0
vt 0.678694 0.116850 0.0
vt 0.684842 0.117495 0.0
vt 0.679853 0.119787 0.0
vt 0.677579 0.117049 0.0
vt 0.684132 0.118801 0.0
vt 0.683058 0.120949 0.0
vt 0.685852 0.117785 0.0
vt 0.685809 0.119274 0.0
vt 0.678805 0.120489 0.0
vt 0.676435 0.117277 0.0
vt 0.677712 0.121219 0.0
vt 0.682439 0.122093 0.0
vt 0.681816 0.123246 0.0
vt 0.681181 0.124446 0.0
vt 0.685849 0.121638 0.0
vt 0.685841 0.122940 0.0
vt 0.685837 0.124274 0.0
vt 0.685838 0.125619 0.0
vt 0.690443 0.124432 0.0
vt 0.689807 0.123241 0.0
vt 0.689218 0.122118 0.0
vt 0.692805 0.120584 0.0
vt 0.693863 0.121291 0.0
vt 0.695175 0.117479 0.0
vt 0.691766 0.119866 0.0
vt 0.694050 0.117234 0.0
vt 0.697095 0.054707 0.0
vt 0.696057 0.054662 0.0
vt 0.697654 0.046730 0.0
vt 0.692953 0.117018 0.0
vt 0.690739 0.119130 0.0
vt 0.688631 0.120982 0.0
vt 0.691872 0.116736 0.0
vt 0.687517 0.118898 0.0
vt 0.688915 0.117756 0.0
vt 0.686876 0.117550 0.0
vt 0.687648 0.116827 0.0
vt 0.689679 0.115980 0.0
vt 0.691690 0.054402 0.0
vt 0.693989 0.054554 0.0
vt 0.692157 0.046480 0.0
vt 0.694495 0.046598 0.0
vt 0.695023 0.054610 0.0
vt 0.695532 0.046637 0.0
vt 0.695692 0.038420 0.0
vt 0.696545 0.046684 0.0
vt 0.697769 0.038417 0.0
vt 0.696712 0.038422 0.0
vt 0.696434 0.030318 0.0
vt 0.522516 0.038826 0.0
vt 0.534081 0.039737 0.0
vt 0.522516 0.039775 0.0
vt 0.534359 0.038786 0.0
vt 0.807624 0.170846 0.0
vt 0.805517 0.183966 0.0
vt 0.805508 0.170844 0.0
vt 0.804558 0.170898 0.0
vt 0.804567 0.183917 0.0
vt 0.807634 0.183965 0.0
vt 0.808565 0.170900 0.0
vt 0.808574 0.183917 0.0
vt 0.761974 0.379328 0.0
vt 0.758749 0.374122 0.0
vt 0.761974 0.370292 0.0
vt 0.758838 0.379384 0.0
vt 0.723107 0.128413 0.0
vt 0.724301 0.130390 0.0
vt 0.717829 0.128554 0.0
vt 0.723107 0.128413 0.0
vt 0.717829 0.128554 0.0
vt 0.719156 0.127322 0.0
vt 0.340677 0.404245 0.0
vt 0.337435 0.408832 0.0
vt 0.337435 0.400169 0.0
vt 0.340568 0.408900 0.0
vt 0.119919 0.513196 0.0
vt 0.117921 0.504823 0.0
vt 0.149666 0.551756 0.0
vt 0.094770 0.578221 0.0
vt 0.161725 0.544261 0.0
vt 0.063394 0.518938 0.0
vt 0.049461 0.597642 0.0
vt 0.015981 0.524957 0.0
vt 0.014889 0.512891 0.0
vt 0.062425 0.508226 0.0
vt 0.014233 0.500939 0.0
vt 0.061959 0.498731 0.0
vt 0.013971 0.488985 0.0
vt 0.117107 0.497855 0.0
vt 0.061956 0.489202 0.0
vt 0.014063 0.476835 0.0
vt 0.117022 0.491092 0.0
vt 0.062499 0.478309 0.0
vt 0.826990 0.388279 0.0
vt 0.824021 0.392887 0.0
vt 0.824021 0.384227 0.0
vt 0.826913 0.392935 0.0
vt 0.065184 0.320992 0.0
vt 0.067785 0.321520 0.0
vt 0.067627 0.331281 0.0
vt 0.062819 0.332358 0.0
vt 0.062819 0.320539 0.0
vt 0.787098 0.354361 0.0
vt 0.793306 0.345783 0.0
vt 0.795698 0.358672 0.0
vt 0.793612 0.362836 0.0
vt 0.785007 0.358522 0.0
vt 0.784620 0.341354 0.0
vt 0.787011 0.336666 0.0
vt 0.795698 0.341095 0.0
vt 0.396671 0.320516 0.0
vt 0.401260 0.331097 0.0
vt 0.396671 0.331965 0.0
vt 0.401696 0.321417 0.0
vt 0.580750 0.357283 0.0
vt 0.577821 0.369925 0.0
vt 0.577821 0.356519 0.0
vt 0.580745 0.370706 0.0
vt 0.621946 0.391287 0.0
vt 0.618844 0.386109 0.0
vt 0.621946 0.382242 0.0
vt 0.618985 0.391371 0.0
vt 0.789682 0.118381 0.0
vt 0.786218 0.113169 0.0
vt 0.789682 0.109336 0.0
vt 0.786308 0.118431 0.0
vt 0.762030 0.240459 0.0
vt 0.757135 0.228944 0.0
vt 0.762026 0.230015 0.0
vt 0.757135 0.241817 0.0
vt 0.757123 0.300927 0.0
vt 0.761958 0.290026 0.0
vt 0.761921 0.300121 0.0
vt 0.757123 0.288779 0.0
vt 0.734608 0.023803 0.0
vt 0.739793 0.025182 0.0
vt 0.738953 0.026392 0.0
vt 0.730095 0.026738 0.0
vt 0.735005 0.022311 0.0
vt 0.729877 0.022993 0.0
vt 0.729787 0.021443 0.0
vt 0.723394 0.023028 0.0
vt 0.724003 0.024456 0.0
vt 0.724175 0.027102 0.0
vt 0.724464 0.030679 0.0
vt 0.719834 0.026363 0.0
vt 0.718644 0.025405 0.0
vt 0.717717 0.030360 0.0
vt 0.719127 0.030618 0.0
vt 0.717842 0.038421 0.0
vt 0.719245 0.038500 0.0
vt 0.724801 0.038456 0.0
vt 0.718009 0.045176 0.0
vt 0.719419 0.045177 0.0
vt 0.718347 0.060836 0.0
vt 0.719766 0.060813 0.0
vt 0.724832 0.057340 0.0
vt 0.718414 0.067169 0.0
vt 0.723789 0.061259 0.0
vt 0.719835 0.067161 0.0
vt 0.723844 0.067642 0.0
vt 0.718410 0.094995 0.0
vt 0.724747 0.071285 0.0
vt 0.719827 0.095007 0.0
vt 0.726940 0.074462 0.0
vt 0.727724 0.093085 0.0
vt 0.729819 0.076289 0.0
vt 0.724915 0.095559 0.0
vt 0.731307 0.092757 0.0
vt 0.743987 0.081037 0.0
vt 0.744119 0.096838 0.0
vt 0.745383 0.079909 0.0
vt 0.745540 0.098686 0.0
vt 0.723761 0.099430 0.0
vt 0.719775 0.098863 0.0
vt 0.718360 0.098909 0.0
vt 0.719156 0.127322 0.0
vt 0.723107 0.128413 0.0
vt 0.717717 0.128434 0.0
vt 0.966396 0.099628 0.0
vt 0.970227 0.116123 0.0
vt 0.966074 0.116112 0.0
vt 0.962302 0.099557 0.0
vt 0.962133 0.116054 0.0
vt 0.961836 0.132374 0.0
vt 0.966676 0.082788 0.0
vt 0.962616 0.082720 0.0
vt 0.963872 0.014606 0.0
vt 0.968086 0.010509 0.0
vt 0.970562 0.099565 0.0
vt 0.970945 0.082863 0.0
vt 0.972499 0.005815 0.0
vt 0.974659 0.099661 0.0
vt 0.975013 0.082959 0.0
vt 0.976672 0.001766 0.0
vt 0.974224 0.116209 0.0
vt 0.969962 0.132502 0.0
vt 0.973915 0.132557 0.0
vt 0.965864 0.132433 0.0
vt 0.969779 0.148839 0.0
vt 0.973758 0.148871 0.0
vt 0.965616 0.148882 0.0
vt 0.961641 0.148835 0.0
vt 0.969598 0.170238 0.0
vt 0.973615 0.170394 0.0
vt 0.965384 0.170259 0.0
vt 0.961373 0.170335 0.0
vt 0.959968 0.316206 0.0
vt 0.968191 0.316458 0.0
vt 0.972209 0.316379 0.0
vt 0.963978 0.316359 0.0
vt 0.959820 0.337723 0.0
vt 0.971936 0.337919 0.0
vt 0.963795 0.337752 0.0
vt 0.959697 0.354177 0.0
vt 0.967958 0.337874 0.0
vt 0.971777 0.354233 0.0
vt 0.967824 0.354211 0.0
vt 0.963726 0.354195 0.0
vt 0.963619 0.370523 0.0
vt 0.284665 0.291722 0.0
vt 0.289793 0.295241 0.0
vt 0.282986 0.295343 0.0
vt 0.283338 0.290852 0.0
vt 0.289275 0.287548 0.0
vt 0.281513 0.295142 0.0
vt 0.280986 0.303189 0.0
vt 0.290019 0.288842 0.0
vt 0.297586 0.286368 0.0
vt 0.289931 0.291566 0.0
vt 0.289245 0.303379 0.0
vt 0.297591 0.287809 0.0
vt 0.282634 0.303233 0.0
vt 0.281532 0.331697 0.0
vt 0.279782 0.337262 0.0
vt 0.287530 0.323318 0.0
vt 0.294252 0.318934 0.0
vt 0.301190 0.318966 0.0
vt 0.306037 0.303341 0.0
vt 0.307941 0.323316 0.0
vt 0.305442 0.295187 0.0
vt 0.312661 0.303147 0.0
vt 0.314035 0.331682 0.0
vt 0.314206 0.303096 0.0
vt 0.315844 0.337246 0.0
vt 0.312257 0.295248 0.0
vt 0.313732 0.295038 0.0
vt 0.311876 0.290753 0.0
vt 0.310554 0.291633 0.0
vt 0.305908 0.287485 0.0
vt 0.305280 0.291515 0.0
vt 0.305174 0.288785 0.0
vt 0.322043 0.295343 0.0
vt 0.328302 0.303377 0.0
vt 0.321694 0.303230 0.0
vt 0.326565 0.323316 0.0
vt 0.320548 0.331699 0.0
vt 0.333295 0.318928 0.0
vt 0.320153 0.303191 0.0
vt 0.318788 0.337262 0.0
vt 0.340231 0.318972 0.0
vt 0.320568 0.295143 0.0
vt 0.322393 0.290850 0.0
vt 0.345088 0.303347 0.0
vt 0.346977 0.323323 0.0
vt 0.328850 0.295240 0.0
vt 0.323720 0.291720 0.0
vt 0.328333 0.287546 0.0
vt 0.329076 0.288840 0.0
vt 0.336646 0.286370 0.0
vt 0.328987 0.291565 0.0
vt 0.344498 0.295193 0.0
vt 0.336650 0.287811 0.0
vt 0.344233 0.288791 0.0
vt 0.344969 0.287491 0.0
vt 0.344338 0.291521 0.0
vt 0.349613 0.291642 0.0
vt 0.350936 0.290763 0.0
vt 0.351314 0.295259 0.0
vt 0.352789 0.295050 0.0
vt 0.353257 0.303108 0.0
vt 0.351712 0.303158 0.0
vt 0.353064 0.331691 0.0
vt 0.354867 0.337255 0.0
vt 0.757159 0.131299 0.0
vt 0.761824 0.142122 0.0
vt 0.757159 0.143404 0.0
vt 0.761867 0.132242 0.0
vt 0.678176 0.404269 0.0
vt 0.675018 0.408819 0.0
vt 0.675018 0.400169 0.0
vt 0.678011 0.408923 0.0
vt 0.771908 0.256439 0.0
vt 0.775203 0.244551 0.0
vt 0.774984 0.257292 0.0
vt 0.771908 0.243242 0.0
vt 0.257173 0.083178 0.0
vt 0.262024 0.071330 0.0
vt 0.262150 0.082042 0.0
vt 0.257173 0.069781 0.0
vt 0.909265 0.139145 0.0
vt 0.914096 0.127111 0.0
vt 0.914097 0.137967 0.0
vt 0.909265 0.125556 0.0
vt 0.478405 0.101284 0.0
vt 0.483236 0.089201 0.0
vt 0.483236 0.100057 0.0
vt 0.478405 0.087695 0.0
vt 0.688476 0.143085 0.0
vt 0.693305 0.130952 0.0
vt 0.693306 0.141810 0.0
vt 0.688476 0.129496 0.0
vt 0.701893 0.176934 0.0
vt 0.706721 0.164751 0.0
vt 0.706722 0.175611 0.0
vt 0.701893 0.163345 0.0
vt 0.771861 0.101568 0.0
vt 0.776688 0.113788 0.0
vt 0.771861 0.115158 0.0
vt 0.776688 0.102924 0.0
vt 0.304026 0.025858 0.0
vt 0.308853 0.038031 0.0
vt 0.304026 0.039447 0.0
vt 0.308852 0.027163 0.0
vt 0.717659 0.167269 0.0
vt 0.722485 0.179395 0.0
vt 0.717659 0.180858 0.0
vt 0.722484 0.168522 0.0
vt 0.241471 0.087561 0.0
vt 0.246296 0.099643 0.0
vt 0.241471 0.101150 0.0
vt 0.246295 0.088763 0.0
vt 0.666991 0.085555 0.0
vt 0.671814 0.097592 0.0
vt 0.666991 0.099144 0.0
vt 0.671813 0.086705 0.0
vt 0.042841 0.357331 0.0
vt 0.039893 0.369939 0.0
vt 0.039893 0.356533 0.0
vt 0.042838 0.370754 0.0
vt 0.725033 0.044992 0.0
vt 0.731117 0.044738 0.0
vt 0.731112 0.054303 0.0
vt 0.727553 0.054754 0.0
vt 0.743147 0.043907 0.0
vt 0.744175 0.057619 0.0
vt 0.744542 0.043782 0.0
vt 0.745719 0.059371 0.0
vt 0.743866 0.037227 0.0
vt 0.742479 0.037375 0.0
vt 0.730755 0.038173 0.0
vt 0.741678 0.029993 0.0
vt 0.743049 0.029317 0.0
vt 0.730310 0.030364 0.0
vt 0.647499 0.404228 0.0
vt 0.644350 0.408817 0.0
vt 0.644350 0.400167 0.0
vt 0.647413 0.408883 0.0
vt 0.680530 0.389289 0.0
vt 0.677403 0.384108 0.0
vt 0.680530 0.380243 0.0
vt 0.677536 0.389369 0.0
vt 0.987270 0.340970 0.0
vt 0.989902 0.342492 0.0
vt 0.987300 0.343135 0.0
vt 0.984682 0.342566 0.0
vt 0.987318 0.344356 0.0
vt 0.990457 0.343568 0.0
vt 0.984157 0.343659 0.0
vt 0.991971 0.340795 0.0
vt 0.992942 0.341505 0.0
vt 0.994099 0.338774 0.0
vt 0.993069 0.338491 0.0
vt 0.993775 0.342294 0.0
vt 0.987335 0.345555 0.0
vt 0.991018 0.344654 0.0
vt 0.991565 0.345714 0.0
vt 0.994719 0.342959 0.0
vt 0.987351 0.346729 0.0
vt 0.996252 0.338917 0.0
vt 0.983121 0.345829 0.0
vt 0.995204 0.338657 0.0
vt 0.997321 0.317872 0.0
vt 0.983626 0.344762 0.0
vt 0.979895 0.343192 0.0
vt 0.980819 0.342484 0.0
vt 0.978219 0.339180 0.0
vt 0.996269 0.317832 0.0
vt 0.997563 0.309697 0.0
vt 0.995211 0.317787 0.0
vt 0.996502 0.309699 0.0
vt 0.994177 0.317744 0.0
vt 0.996270 0.301438 0.0
vt 0.997285 0.301390 0.0
vt 0.995478 0.309692 0.0
vt 0.994435 0.309691 0.0
vt 0.995748 0.293470 0.0
vt 0.996785 0.293421 0.0
vt 0.995259 0.301476 0.0
vt 0.991990 0.309692 0.0
vt 0.991831 0.317640 0.0
vt 0.994241 0.301518 0.0
vt 0.994714 0.293524 0.0
vt 0.993523 0.230925 0.0
vt 0.994657 0.230659 0.0
vt 0.992417 0.231162 0.0
vt 0.992182 0.227534 0.0
vt 0.993248 0.226769 0.0
vt 0.991161 0.228271 0.0
vt 0.991328 0.231467 0.0
vt 0.990144 0.229023 0.0
vt 0.989084 0.224886 0.0
vt 0.989677 0.223666 0.0
vt 0.988501 0.226057 0.0
vt 0.987923 0.227220 0.0
vt 0.985036 0.223997 0.0
vt 0.984990 0.222654 0.0
vt 0.980435 0.223995 0.0
vt 0.985078 0.225327 0.0
vt 0.981110 0.225162 0.0
vt 0.978208 0.227915 0.0
vt 0.977129 0.227245 0.0
vt 0.975949 0.231095 0.0
vt 0.985114 0.226627 0.0
vt 0.981736 0.226263 0.0
vt 0.979269 0.228596 0.0
vt 0.977080 0.231302 0.0
vt 0.976161 0.293797 0.0
vt 0.977197 0.293806 0.0
vt 0.975966 0.301756 0.0
vt 0.978182 0.231479 0.0
vt 0.980319 0.229296 0.0
vt 0.982360 0.227376 0.0
vt 0.979270 0.231724 0.0
vt 0.982186 0.230605 0.0
vt 0.983542 0.229418 0.0
vt 0.985234 0.228984 0.0
vt 0.984228 0.230741 0.0
vt 0.985242 0.230471 0.0
vt 0.986924 0.229400 0.0
vt 0.986259 0.230727 0.0
vt 0.988267 0.230560 0.0
vt 0.987018 0.231465 0.0
vt 0.983482 0.231489 0.0
vt 0.981484 0.232403 0.0
vt 0.983122 0.232734 0.0
vt 0.981560 0.293917 0.0
vt 0.989072 0.232306 0.0
vt 0.987426 0.232698 0.0
vt 0.991384 0.293743 0.0
vt 0.983530 0.293948 0.0
vt 0.989411 0.293849 0.0
vt 0.989825 0.301749 0.0
vt 0.983458 0.301853 0.0
vt 0.993681 0.293583 0.0
vt 0.991918 0.301648 0.0
vt 0.989860 0.309696 0.0
vt 0.989864 0.317589 0.0
vt 0.983619 0.309796 0.0
vt 0.981349 0.301825 0.0
vt 0.981506 0.309867 0.0
vt 0.981971 0.317813 0.0
vt 0.979626 0.317994 0.0
vt 0.979264 0.293842 0.0
vt 0.979011 0.301777 0.0
vt 0.979074 0.309951 0.0
vt 0.978231 0.293821 0.0
vt 0.977993 0.301771 0.0
vt 0.976981 0.301768 0.0
vt 0.975949 0.310063 0.0
vt 0.978033 0.309987 0.0
vt 0.977010 0.310028 0.0
vt 0.978593 0.318072 0.0
vt 0.977538 0.318152 0.0
vt 0.976489 0.318227 0.0
vt 0.981388 0.338656 0.0
vt 0.979258 0.338886 0.0
vt 0.980367 0.338973 0.0
vt 0.982565 0.340928 0.0
vt 0.981619 0.341667 0.0
vt 0.937318 0.052852 0.0
vt 0.932530 0.041574 0.0
vt 0.937145 0.042272 0.0
vt 0.932530 0.054168 0.0
vt 0.403876 0.016173 0.0
vt 0.454996 0.062766 0.0
vt 0.398122 0.084118 0.0
vt 0.431653 0.002085 0.0
vt 0.388965 0.024095 0.0
vt 0.372333 0.028913 0.0
vt 0.459825 0.076521 0.0
vt 0.354865 0.028644 0.0
vt 0.403518 0.097460 0.0
vt 0.464458 0.090170 0.0
vt 0.327174 0.116697 0.0
vt 0.270346 0.074821 0.0
vt 0.334249 0.018975 0.0
vt 0.256801 0.094621 0.0
vt 0.407882 0.109199 0.0
vt 0.468905 0.103896 0.0
vt 0.333598 0.126728 0.0
vt 0.411809 0.120976 0.0
vt 0.473230 0.117934 0.0
vt 0.337874 0.135493 0.0
vt 0.319873 0.135661 0.0
vt 0.313507 0.129078 0.0
vt 0.415785 0.134425 0.0
vt 0.478474 0.136884 0.0
vt 0.341152 0.144375 0.0
vt 0.323668 0.142237 0.0
vt 0.315321 0.139296 0.0
vt 0.309491 0.134382 0.0
vt 0.252650 0.101854 0.0
vt 0.306247 0.140055 0.0
vt 0.248589 0.109355 0.0
vt 0.310987 0.143310 0.0
vt 0.303865 0.146091 0.0
vt 0.244735 0.116710 0.0
vt 0.306986 0.147687 0.0
vt 0.318636 0.144765 0.0
vt 0.313718 0.147375 0.0
vt 0.308849 0.150129 0.0
vt 0.307445 0.169097 0.0
vt 0.309918 0.156182 0.0
vt 0.244735 0.252292 0.0
vt 0.310039 0.152869 0.0
vt 0.314359 0.169651 0.0
vt 0.315589 0.151794 0.0
vt 0.315740 0.157186 0.0
vt 0.321635 0.157630 0.0
vt 0.321037 0.150532 0.0
vt 0.310556 0.257832 0.0
vt 0.262378 0.272990 0.0
vt 0.255619 0.273363 0.0
vt 0.249885 0.269817 0.0
vt 0.246070 0.262179 0.0
vt 0.317342 0.257126 0.0
vt 0.321278 0.169808 0.0
vt 0.324122 0.256705 0.0
vt 0.330680 0.256549 0.0
vt 0.327896 0.169774 0.0
vt 0.348275 0.257338 0.0
vt 0.327528 0.157379 0.0
vt 0.345723 0.168467 0.0
vt 0.423663 0.272663 0.0
vt 0.419833 0.150701 0.0
vt 0.485153 0.284228 0.0
vt 0.343662 0.154805 0.0
vt 0.326323 0.149127 0.0
vt 0.243916 0.051656 0.0
vt 0.248754 0.063834 0.0
vt 0.243916 0.065291 0.0
vt 0.248753 0.052713 0.0
vt 0.741743 0.061603 0.0
vt 0.746579 0.073756 0.0
vt 0.741743 0.075238 0.0
vt 0.746579 0.062635 0.0
vt 0.920592 0.119853 0.0
vt 0.920621 0.122018 0.0
vt 0.918003 0.121449 0.0
vt 0.923222 0.121374 0.0
vt 0.920638 0.123238 0.0
vt 0.917646 0.118313 0.0
vt 0.915886 0.119811 0.0
vt 0.914708 0.117538 0.0
vt 0.916796 0.116561 0.0
vt 0.914940 0.120549 0.0
vt 0.917477 0.122541 0.0
vt 0.912946 0.096876 0.0
vt 0.915292 0.096696 0.0
vt 0.913688 0.117855 0.0
vt 0.911914 0.096954 0.0
vt 0.914827 0.088749 0.0
vt 0.914140 0.121366 0.0
vt 0.916940 0.088679 0.0
vt 0.912395 0.088833 0.0
vt 0.914669 0.080708 0.0
vt 0.912332 0.080659 0.0
vt 0.916779 0.080736 0.0
vt 0.923145 0.080632 0.0
vt 0.923180 0.088579 0.0
vt 0.914881 0.072799 0.0
vt 0.912585 0.072724 0.0
vt 0.911313 0.080653 0.0
vt 0.911552 0.072704 0.0
vt 0.912591 0.010606 0.0
vt 0.910518 0.072689 0.0
vt 0.916851 0.072830 0.0
vt 0.911354 0.088869 0.0
vt 0.910302 0.080650 0.0
vt 0.910331 0.088911 0.0
vt 0.922732 0.072731 0.0
vt 0.909270 0.088945 0.0
vt 0.909287 0.080638 0.0
vt 0.910859 0.097034 0.0
vt 0.909809 0.097109 0.0
vt 0.909482 0.072679 0.0
vt 0.912579 0.117768 0.0
vt 0.911540 0.118063 0.0
vt 0.913216 0.122074 0.0
vt 0.916947 0.123645 0.0
vt 0.916442 0.124712 0.0
vt 0.920655 0.124437 0.0
vt 0.920672 0.125611 0.0
vt 0.924886 0.124596 0.0
vt 0.924339 0.123537 0.0
vt 0.923778 0.122451 0.0
vt 0.927096 0.121176 0.0
vt 0.928040 0.121842 0.0
vt 0.926263 0.120387 0.0
vt 0.925292 0.119678 0.0
vt 0.929572 0.117800 0.0
vt 0.927419 0.117657 0.0
vt 0.926390 0.117374 0.0
vt 0.928525 0.117540 0.0
vt 0.930641 0.096754 0.0
vt 0.928532 0.096670 0.0
vt 0.929589 0.096715 0.0
vt 0.930884 0.088579 0.0
vt 0.929823 0.088581 0.0
vt 0.928799 0.088574 0.0
vt 0.927756 0.088574 0.0
vt 0.929590 0.080320 0.0
vt 0.930606 0.080272 0.0
vt 0.929069 0.072352 0.0
vt 0.928580 0.080358 0.0
vt 0.930106 0.072304 0.0
vt 0.927562 0.080400 0.0
vt 0.925311 0.088575 0.0
vt 0.928035 0.072406 0.0
vt 0.926844 0.009808 0.0
vt 0.927978 0.009542 0.0
vt 0.925738 0.010045 0.0
vt 0.925239 0.080531 0.0
vt 0.927002 0.072466 0.0
vt 0.924705 0.072626 0.0
vt 0.924649 0.010349 0.0
vt 0.920747 0.011581 0.0
vt 0.922393 0.011189 0.0
vt 0.923465 0.007906 0.0
vt 0.916443 0.011616 0.0
vt 0.920339 0.010347 0.0
vt 0.921588 0.009442 0.0
vt 0.919580 0.009609 0.0
vt 0.914805 0.011286 0.0
vt 0.916803 0.010371 0.0
vt 0.918562 0.009354 0.0
vt 0.920244 0.008282 0.0
vt 0.915506 0.009488 0.0
vt 0.917549 0.009623 0.0
vt 0.916863 0.008300 0.0
vt 0.918555 0.007867 0.0
vt 0.921244 0.006102 0.0
vt 0.918435 0.005509 0.0
vt 0.915681 0.006259 0.0
vt 0.913640 0.008178 0.0
vt 0.915057 0.005145 0.0
vt 0.911503 0.010361 0.0
vt 0.912590 0.007479 0.0
vt 0.910401 0.010185 0.0
vt 0.909270 0.009978 0.0
vt 0.911529 0.006798 0.0
vt 0.910450 0.006128 0.0
vt 0.913756 0.002877 0.0
vt 0.914431 0.004045 0.0
vt 0.918358 0.002879 0.0
vt 0.918311 0.001536 0.0
vt 0.922998 0.002549 0.0
vt 0.918399 0.004210 0.0
vt 0.922405 0.003768 0.0
vt 0.926569 0.005651 0.0
vt 0.921822 0.004939 0.0
vt 0.925503 0.006417 0.0
vt 0.924482 0.007153 0.0
vt 0.862743 0.322691 0.0
vt 0.856845 0.276381 0.0
vt 0.863192 0.274968 0.0
vt 0.856802 0.326466 0.0
vt 0.856802 0.244888 0.0
vt 0.861642 0.245964 0.0
vt 0.641369 0.404262 0.0
vt 0.638192 0.408816 0.0
vt 0.638192 0.400168 0.0
vt 0.641218 0.408916 0.0
vt 0.629197 0.367989 0.0
vt 0.632163 0.355415 0.0
vt 0.632163 0.368821 0.0
vt 0.629197 0.354565 0.0
vt 0.252926 0.094485 0.0
vt 0.249278 0.089285 0.0
vt 0.252926 0.085425 0.0
vt 0.249380 0.094547 0.0
vt 0.765926 0.197020 0.0
vt 0.767748 0.182049 0.0
vt 0.767795 0.197030 0.0
vt 0.768698 0.182107 0.0
vt 0.768744 0.197006 0.0
vt 0.765881 0.182039 0.0
vt 0.764932 0.182092 0.0
vt 0.764976 0.196991 0.0
vt 0.281532 0.331697 0.0
vt 0.286649 0.327245 0.0
vt 0.280045 0.337421 0.0
vt 0.287530 0.323318 0.0
vt 0.293951 0.321887 0.0
vt 0.294252 0.318934 0.0
vt 0.301190 0.318966 0.0
vt 0.301488 0.321917 0.0
vt 0.307941 0.323316 0.0
vt 0.308857 0.327251 0.0
vt 0.314035 0.331682 0.0
vt 0.315578 0.337421 0.0
vt 0.320548 0.331699 0.0
vt 0.325678 0.327246 0.0
vt 0.319051 0.337430 0.0
vt 0.326565 0.323316 0.0
vt 0.332995 0.321887 0.0
vt 0.333295 0.318928 0.0
vt 0.340527 0.321920 0.0
vt 0.340231 0.318972 0.0
vt 0.346977 0.323323 0.0
vt 0.347889 0.327257 0.0
vt 0.353064 0.331691 0.0
vt 0.354601 0.337430 0.0
vt 0.862687 0.205629 0.0
vt 0.885249 0.204683 0.0
vt 0.885310 0.205633 0.0
vt 0.862687 0.204679 0.0
vt 0.807634 0.183966 0.0
vt 0.805530 0.197166 0.0
vt 0.805517 0.183966 0.0
vt 0.804567 0.184014 0.0
vt 0.804580 0.197143 0.0
vt 0.807646 0.197164 0.0
vt 0.808574 0.184013 0.0
vt 0.808586 0.197140 0.0
vt 0.687489 0.007278 0.0
vt 0.690124 0.005774 0.0
vt 0.689112 0.007765 0.0
vt 0.692182 0.007477 0.0
vt 0.690374 0.008912 0.0
vt 0.687531 0.005118 0.0
vt 0.684916 0.005674 0.0
vt 0.687554 0.003900 0.0
vt 0.693270 0.009781 0.0
vt 0.691161 0.010685 0.0
vt 0.693153 0.006773 0.0
vt 0.690684 0.004703 0.0
vt 0.694351 0.030407 0.0
vt 0.692014 0.030513 0.0
vt 0.694296 0.009501 0.0
vt 0.695381 0.030362 0.0
vt 0.692240 0.038440 0.0
vt 0.693986 0.005990 0.0
vt 0.690130 0.038447 0.0
vt 0.694668 0.038425 0.0
vt 0.695396 0.009620 0.0
vt 0.697480 0.030277 0.0
vt 0.696438 0.009364 0.0
vt 0.694931 0.005332 0.0
vt 0.691801 0.002568 0.0
vt 0.691249 0.003622 0.0
vt 0.687577 0.002703 0.0
vt 0.687600 0.001529 0.0
vt 0.683361 0.002407 0.0
vt 0.683872 0.003481 0.0
vt 0.684397 0.004583 0.0
vt 0.681047 0.005746 0.0
vt 0.680127 0.005052 0.0
vt 0.681852 0.006559 0.0
vt 0.682797 0.007299 0.0
vt 0.678470 0.009032 0.0
vt 0.680611 0.009244 0.0
vt 0.681628 0.009559 0.0
vt 0.679506 0.009325 0.0
vt 0.676722 0.029962 0.0
vt 0.678822 0.030115 0.0
vt 0.677769 0.030036 0.0
vt 0.676211 0.038104 0.0
vt 0.677270 0.038137 0.0
vt 0.678291 0.038177 0.0
vt 0.679332 0.038212 0.0
vt 0.677227 0.046391 0.0
vt 0.676211 0.046405 0.0
vt 0.677479 0.054374 0.0
vt 0.678238 0.046387 0.0
vt 0.676440 0.054387 0.0
vt 0.679256 0.046379 0.0
vt 0.681772 0.038290 0.0
vt 0.678515 0.054355 0.0
vt 0.681582 0.046325 0.0
vt 0.683897 0.038354 0.0
vt 0.679550 0.054330 0.0
vt 0.683677 0.046292 0.0
vt 0.681853 0.054247 0.0
vt 0.683831 0.054208 0.0
vt 0.690047 0.046388 0.0
vt 0.689719 0.054305 0.0
vt 0.157678 0.595162 0.0
vt 0.159815 0.594000 0.0
vt 0.253417 0.640191 0.0
vt 0.221499 0.591179 0.0
vt 0.160701 0.591134 0.0
vt 0.253417 0.623096 0.0
vt 0.233713 0.593609 0.0
vt 0.250987 0.610882 0.0
vt 0.244068 0.600527 0.0
vt 0.253417 0.719207 0.0
vt 0.149520 0.798991 0.0
vt 0.253417 0.750292 0.0
vt 0.141362 0.595162 0.0
vt 0.221499 0.798991 0.0
vt 0.253417 0.767073 0.0
vt 0.233713 0.796561 0.0
vt 0.250987 0.779287 0.0
vt 0.244068 0.789642 0.0
vt 0.045623 0.750629 0.0
vt 0.077540 0.798991 0.0
vt 0.045623 0.639526 0.0
vt 0.045623 0.767073 0.0
vt 0.048052 0.779287 0.0
vt 0.065326 0.796561 0.0
vt 0.054971 0.789642 0.0
vt 0.139224 0.594000 0.0
vt 0.077540 0.591179 0.0
vt 0.138339 0.591134 0.0
vt 0.045623 0.623097 0.0
vt 0.065326 0.593609 0.0
vt 0.048052 0.610882 0.0
vt 0.054971 0.600527 0.0
vt 0.542828 0.389298 0.0
vt 0.539677 0.384114 0.0
vt 0.542828 0.380251 0.0
vt 0.539803 0.389375 0.0
vt 0.812719 0.132781 0.0
vt 0.811776 0.103734 0.0
vt 0.812719 0.104082 0.0
vt 0.811776 0.133279 0.0
vt 0.584138 0.338146 0.0
vt 0.577247 0.328704 0.0
vt 0.586542 0.333465 0.0
vt 0.574848 0.333389 0.0
vt 0.577589 0.346537 0.0
vt 0.586542 0.351109 0.0
vt 0.584421 0.355254 0.0
vt 0.575469 0.350683 0.0
vt 0.680833 0.349331 0.0
vt 0.691846 0.349020 0.0
vt 0.689458 0.353709 0.0
vt 0.683207 0.344634 0.0
vt 0.683234 0.362281 0.0
vt 0.691846 0.366594 0.0
vt 0.689755 0.370755 0.0
vt 0.681154 0.366447 0.0
vt 0.731112 0.054303 0.0
vt 0.728141 0.056265 0.0
vt 0.727553 0.054754 0.0
vt 0.724832 0.057340 0.0
vt 0.731074 0.055894 0.0
vt 0.744175 0.057619 0.0
vt 0.745558 0.059526 0.0
vt 0.726069 0.058253 0.0
vt 0.723789 0.061259 0.0
vt 0.725214 0.061489 0.0
vt 0.723844 0.067642 0.0
vt 0.725267 0.067417 0.0
vt 0.726038 0.070557 0.0
vt 0.724747 0.071285 0.0
vt 0.727880 0.073240 0.0
vt 0.726940 0.074462 0.0
vt 0.730355 0.074823 0.0
vt 0.729819 0.076289 0.0
vt 0.743987 0.081037 0.0
vt 0.745303 0.079805 0.0
vt 0.807707 0.357627 0.0
vt 0.805648 0.369848 0.0
vt 0.805641 0.357629 0.0
vt 0.804691 0.357675 0.0
vt 0.804698 0.369813 0.0
vt 0.807715 0.369849 0.0
vt 0.808657 0.357673 0.0
vt 0.808665 0.369814 0.0
vt 0.617257 0.379650 0.0
vt 0.620036 0.367252 0.0
vt 0.619930 0.380162 0.0
vt 0.617257 0.366500 0.0
vt 0.262142 0.280173 0.0
vt 0.276817 0.281746 0.0
vt 0.250234 0.288127 0.0
vt 0.242275 0.300032 0.0
vt 0.241412 0.299615 0.0
vt 0.249520 0.287487 0.0
vt 0.249597 0.287410 0.0
vt 0.261728 0.279308 0.0
vt 0.847535 0.192297 0.0
vt 0.846223 0.175828 0.0
vt 0.847202 0.175962 0.0
vt 0.846606 0.192463 0.0
vt 0.846299 0.174164 0.0
vt 0.873172 0.175936 0.0
vt 0.874932 0.191382 0.0
vt 0.874054 0.175769 0.0
vt 0.875820 0.191504 0.0
vt 0.873787 0.174247 0.0
vt 0.872875 0.174348 0.0
vt 0.873695 0.172681 0.0
vt 0.847328 0.174255 0.0
vt 0.872712 0.172697 0.0
vt 0.873693 0.170983 0.0
vt 0.847307 0.172545 0.0
vt 0.846351 0.172526 0.0
vt 0.872652 0.170974 0.0
vt 0.873738 0.169234 0.0
vt 0.847242 0.170889 0.0
vt 0.846362 0.170892 0.0
vt 0.846277 0.169261 0.0
vt 0.872639 0.169213 0.0
vt 0.847222 0.169232 0.0
vt 0.846167 0.167625 0.0
vt 0.872771 0.167499 0.0
vt 0.847178 0.167530 0.0
vt 0.873748 0.167591 0.0
vt 0.847033 0.165826 0.0
vt 0.846079 0.165950 0.0
vt 0.873060 0.165882 0.0
vt 0.873987 0.166036 0.0
vt 0.847349 0.149372 0.0
vt 0.846438 0.149196 0.0
vt 0.874897 0.150202 0.0
vt 0.875820 0.150067 0.0
vt 0.807715 0.369849 0.0
vt 0.805641 0.382604 0.0
vt 0.805648 0.369848 0.0
vt 0.804691 0.382538 0.0
vt 0.804698 0.369883 0.0
vt 0.807709 0.382609 0.0
vt 0.808659 0.382546 0.0
vt 0.808665 0.369885 0.0
vt 0.617061 0.362046 0.0
vt 0.620045 0.349506 0.0
vt 0.620041 0.362912 0.0
vt 0.617061 0.348621 0.0
vt 0.765403 0.366659 0.0
vt 0.765370 0.353882 0.0
vt 0.766320 0.353832 0.0
vt 0.766353 0.366704 0.0
vt 0.768227 0.353842 0.0
vt 0.768260 0.366714 0.0
vt 0.769177 0.353896 0.0
vt 0.769210 0.366674 0.0
vt 0.769225 0.379063 0.0
vt 0.769210 0.366759 0.0
vt 0.768275 0.379111 0.0
vt 0.766369 0.379101 0.0
vt 0.766353 0.366704 0.0
vt 0.765419 0.379046 0.0
vt 0.765403 0.366743 0.0
vt 0.765419 0.379149 0.0
vt 0.766351 0.392010 0.0
vt 0.765401 0.391968 0.0
vt 0.768275 0.379112 0.0
vt 0.768257 0.392019 0.0
vt 0.769225 0.379168 0.0
vt 0.769207 0.391985 0.0
vt 0.883565 0.345748 0.0
vt 0.877215 0.336664 0.0
vt 0.885937 0.341050 0.0
vt 0.874855 0.341368 0.0
vt 0.877208 0.354250 0.0
vt 0.885937 0.358712 0.0
vt 0.883814 0.362857 0.0
vt 0.875090 0.358396 0.0
vt 0.103143 0.020299 0.0
vt 0.100592 0.018792 0.0
vt 0.101406 0.018316 0.0
vt 0.102655 0.021149 0.0
vt 0.100995 0.017157 0.0
vt 0.100063 0.017300 0.0
vt 0.100216 0.013199 0.0
vt 0.101137 0.013370 0.0
vt 0.101712 0.011701 0.0
vt 0.100880 0.011269 0.0
vt 0.103143 0.009722 0.0
vt 0.102659 0.008811 0.0
vt 0.869156 0.263567 0.0
vt 0.866179 0.276119 0.0
vt 0.866179 0.262849 0.0
vt 0.868842 0.276841 0.0
vt 0.574828 0.404253 0.0
vt 0.571632 0.408811 0.0
vt 0.571632 0.400164 0.0
vt 0.574686 0.408907 0.0
vt 0.443272 0.286725 0.0
vt 0.421348 0.281740 0.0
vt 0.432666 0.280016 0.0
vt 0.443868 0.285977 0.0
vt 0.433069 0.279147 0.0
vt 0.456154 0.320907 0.0
vt 0.451113 0.295908 0.0
vt 0.455276 0.307803 0.0
vt 0.457104 0.320866 0.0
vt 0.456217 0.307649 0.0
vt 0.456203 0.307576 0.0
vt 0.451969 0.295477 0.0
vt 0.566668 0.366816 0.0
vt 0.559905 0.358265 0.0
vt 0.568745 0.362649 0.0
vt 0.557841 0.362439 0.0
vt 0.566363 0.349802 0.0
vt 0.557564 0.345357 0.0
vt 0.568745 0.345109 0.0
vt 0.559926 0.340653 0.0
vt 0.506401 0.224680 0.0
vt 0.502966 0.229952 0.0
vt 0.502966 0.220883 0.0
vt 0.506386 0.229942 0.0
vt 0.822828 0.161860 0.0
vt 0.834085 0.199173 0.0
vt 0.822828 0.199193 0.0
vt 0.834134 0.161817 0.0
vt 0.276785 0.450525 0.0
vt 0.239444 0.314458 0.0
vt 0.238480 0.450240 0.0
vt 0.238495 0.314392 0.0
vt 0.239429 0.450518 0.0
vt 0.242275 0.300032 0.0
vt 0.239444 0.314458 0.0
vt 0.238500 0.314338 0.0
vt 0.241369 0.299716 0.0
vt 0.276567 0.277347 0.0
vt 0.262142 0.280173 0.0
vt 0.276451 0.276402 0.0
vt 0.261830 0.279267 0.0
vt 0.276567 0.277348 0.0
vt 0.419054 0.277348 0.0
vt 0.276504 0.276398 0.0
vt 0.419121 0.276398 0.0
vt 0.451114 0.295908 0.0
vt 0.443272 0.286725 0.0
vt 0.443930 0.286032 0.0
vt 0.451919 0.295389 0.0
vt 0.432666 0.280016 0.0
vt 0.419054 0.277347 0.0
vt 0.419175 0.276403 0.0
vt 0.432974 0.279109 0.0
vt 0.807697 0.345428 0.0
vt 0.805641 0.357629 0.0
vt 0.805630 0.345429 0.0
vt 0.804691 0.357583 0.0
vt 0.804680 0.345450 0.0
vt 0.807707 0.357627 0.0
vt 0.808657 0.357580 0.0
vt 0.808647 0.345428 0.0
vt 0.276785 0.450525 0.0
vt 0.239429 0.450518 0.0
vt 0.239444 0.314458 0.0
vt 0.775396 0.357576 0.0
vt 0.772194 0.369496 0.0
vt 0.772194 0.356594 0.0
vt 0.774939 0.370684 0.0
vt 0.531963 0.404587 0.0
vt 0.528786 0.399986 0.0
vt 0.531907 0.399930 0.0
vt 0.528786 0.408617 0.0
vt 0.781342 0.340093 0.0
vt 0.774910 0.330706 0.0
vt 0.783821 0.335450 0.0
vt 0.772436 0.335351 0.0
vt 0.774622 0.348355 0.0
vt 0.783821 0.353265 0.0
vt 0.781626 0.357372 0.0
vt 0.772427 0.352461 0.0
vt 0.523329 0.389291 0.0
vt 0.520153 0.384105 0.0
vt 0.523329 0.380244 0.0
vt 0.520274 0.389366 0.0
vt 0.697213 0.377275 0.0
vt 0.700422 0.372012 0.0
vt 0.700437 0.381082 0.0
vt 0.697245 0.372012 0.0
vt 0.959345 0.054936 0.0
vt 0.956120 0.067301 0.0
vt 0.956172 0.053871 0.0
vt 0.959345 0.068393 0.0
vt 0.931930 0.036987 0.0
vt 0.936001 0.007497 0.0
vt 0.935926 0.032285 0.0
vt 0.931930 0.001755 0.0
vt 0.668058 0.377660 0.0
vt 0.670978 0.365536 0.0
vt 0.670816 0.378278 0.0
vt 0.668058 0.364594 0.0
vt 0.788077 0.056463 0.0
vt 0.787153 0.064299 0.0
vt 0.787157 0.056067 0.0
vt 0.788077 0.064735 0.0
vt 0.822659 0.344131 0.0
vt 0.825662 0.331624 0.0
vt 0.825654 0.345031 0.0
vt 0.822659 0.330705 0.0
vt 0.560462 0.367127 0.0
vt 0.557717 0.379880 0.0
vt 0.557717 0.366450 0.0
vt 0.560407 0.380551 0.0
vt 0.573479 0.384409 0.0
vt 0.570075 0.388897 0.0
vt 0.570075 0.380247 0.0
vt 0.573263 0.389061 0.0
vt 0.731307 0.092757 0.0
vt 0.728255 0.094610 0.0
vt 0.727724 0.093085 0.0
vt 0.724915 0.095559 0.0
vt 0.731195 0.094350 0.0
vt 0.744119 0.096838 0.0
vt 0.745382 0.098816 0.0
vt 0.726119 0.096511 0.0
vt 0.723761 0.099430 0.0
vt 0.725171 0.099704 0.0
vt 0.723107 0.128413 0.0
vt 0.724479 0.130284 0.0
vt 0.925152 0.096522 0.0
vt 0.922664 0.116152 0.0
vt 0.923185 0.096472 0.0
vt 0.918411 0.116189 0.0
vt 0.917260 0.096580 0.0
vt 0.924278 0.116470 0.0
vt 0.922268 0.117369 0.0
vt 0.927498 0.096627 0.0
vt 0.923488 0.118232 0.0
vt 0.921549 0.118106 0.0
vt 0.922220 0.119376 0.0
vt 0.920572 0.118379 0.0
vt 0.918837 0.117415 0.0
vt 0.919592 0.118124 0.0
vt 0.918950 0.119419 0.0
vt 0.624878 0.330478 0.0
vt 0.617712 0.320746 0.0
vt 0.627341 0.325827 0.0
vt 0.615257 0.325401 0.0
vt 0.617841 0.338582 0.0
vt 0.627341 0.343594 0.0
vt 0.625162 0.347709 0.0
vt 0.615668 0.342699 0.0
vt 0.920347 0.216975 0.0
vt 0.913247 0.207203 0.0
vt 0.922838 0.212340 0.0
vt 0.910764 0.211843 0.0
vt 0.913267 0.225039 0.0
vt 0.922838 0.230165 0.0
vt 0.920635 0.234268 0.0
vt 0.911066 0.229143 0.0
vt 0.211691 0.280722 0.0
vt 0.204597 0.270953 0.0
vt 0.214183 0.276086 0.0
vt 0.202113 0.275593 0.0
vt 0.204617 0.288788 0.0
vt 0.214183 0.293911 0.0
vt 0.211981 0.298015 0.0
vt 0.202414 0.292891 0.0
vt 0.698729 0.304614 0.0
vt 0.691641 0.294847 0.0
vt 0.701221 0.299978 0.0
vt 0.689157 0.299487 0.0
vt 0.691657 0.312681 0.0
vt 0.701221 0.317803 0.0
vt 0.699021 0.321907 0.0
vt 0.689456 0.316784 0.0
vt 0.225270 0.284694 0.0
vt 0.218186 0.274929 0.0
vt 0.227763 0.280059 0.0
vt 0.215702 0.279569 0.0
vt 0.218200 0.292763 0.0
vt 0.227763 0.297885 0.0
vt 0.225562 0.301989 0.0
vt 0.215998 0.296865 0.0
vt 0.223842 0.310588 0.0
vt 0.216762 0.300824 0.0
vt 0.226335 0.305953 0.0
vt 0.214277 0.305464 0.0
vt 0.216773 0.318657 0.0
vt 0.226335 0.323780 0.0
vt 0.224134 0.327884 0.0
vt 0.214571 0.322760 0.0
vt 0.404979 0.296640 0.0
vt 0.397902 0.286876 0.0
vt 0.407472 0.292005 0.0
vt 0.395416 0.291515 0.0
vt 0.397910 0.304708 0.0
vt 0.407472 0.309833 0.0
vt 0.405271 0.313936 0.0
vt 0.395707 0.308811 0.0
vt 0.583973 0.310588 0.0
vt 0.576899 0.300824 0.0
vt 0.586467 0.305953 0.0
vt 0.574412 0.305462 0.0
vt 0.576904 0.318656 0.0
vt 0.586467 0.323782 0.0
vt 0.584266 0.327885 0.0
vt 0.574700 0.322758 0.0
vt 0.597112 0.318556 0.0
vt 0.590037 0.308791 0.0
vt 0.599604 0.313921 0.0
vt 0.587548 0.313429 0.0
vt 0.590039 0.326622 0.0
vt 0.599604 0.331751 0.0
vt 0.597402 0.335854 0.0
vt 0.587835 0.330724 0.0
vt 0.688474 0.326466 0.0
vt 0.681524 0.316767 0.0
vt 0.690965 0.321830 0.0
vt 0.679033 0.321403 0.0
vt 0.681396 0.334529 0.0
vt 0.690965 0.339661 0.0
vt 0.688763 0.343763 0.0
vt 0.679192 0.338631 0.0
vt 0.805530 0.197165 0.0
vt 0.807693 0.332099 0.0
vt 0.805616 0.332101 0.0
vt 0.804666 0.332078 0.0
vt 0.804580 0.197190 0.0
vt 0.807646 0.197164 0.0
vt 0.808633 0.332074 0.0
vt 0.808586 0.197186 0.0
vt 0.807697 0.345428 0.0
vt 0.808647 0.345388 0.0
vt 0.808633 0.332122 0.0
vt 0.805630 0.345429 0.0
vt 0.804666 0.332126 0.0
vt 0.804680 0.345411 0.0
vt 0.766277 0.339691 0.0
vt 0.767795 0.197030 0.0
vt 0.768184 0.339701 0.0
vt 0.765926 0.197020 0.0
vt 0.765327 0.339661 0.0
vt 0.764977 0.197044 0.0
vt 0.768744 0.197060 0.0
vt 0.769133 0.339677 0.0
vt 0.769177 0.353792 0.0
vt 0.769133 0.339731 0.0
vt 0.768227 0.353842 0.0
vt 0.766277 0.339691 0.0
vt 0.765370 0.353778 0.0
vt 0.765327 0.339716 0.0
vt 0.516126 0.307950 0.0
vt 0.520219 0.320679 0.0
vt 0.516126 0.320679 0.0
vt 0.520219 0.353622 0.0
vt 0.524557 0.353622 0.0
vt 0.516126 0.353622 0.0
vt 0.512600 0.320679 0.0
vt 0.512600 0.353622 0.0
vt 0.512600 0.307950 0.0
vt 0.512600 0.295200 0.0
vt 0.524557 0.320679 0.0
vt 0.529118 0.353622 0.0
vt 0.520219 0.307950 0.0
vt 0.516126 0.295200 0.0
vt 0.512600 0.282501 0.0
vt 0.529118 0.320679 0.0
vt 0.533456 0.353622 0.0
vt 0.533456 0.320679 0.0
vt 0.524557 0.307950 0.0
vt 0.529118 0.307950 0.0
vt 0.533456 0.307950 0.0
vt 0.520219 0.295200 0.0
vt 0.524557 0.295200 0.0
vt 0.529118 0.295200 0.0
vt 0.533456 0.295200 0.0
vt 0.516126 0.282501 0.0
vt 0.512600 0.270419 0.0
vt 0.516126 0.270419 0.0
vt 0.520219 0.282501 0.0
vt 0.520219 0.270419 0.0
vt 0.524557 0.282501 0.0
vt 0.524557 0.270419 0.0
vt 0.529118 0.270419 0.0
vt 0.529118 0.282501 0.0
vt 0.533456 0.282501 0.0
vt 0.533456 0.270419 0.0
vt 0.498197 0.384713 0.0
vt 0.494735 0.380245 0.0
vt 0.497960 0.380062 0.0
vt 0.494735 0.388895 0.0
vt 0.534359 0.038786 0.0
vt 0.522516 0.001516 0.0
vt 0.534411 0.001501 0.0
vt 0.522516 0.038826 0.0
vt 0.637490 0.336192 0.0
vt 0.630457 0.326707 0.0
vt 0.639888 0.331506 0.0
vt 0.628079 0.331407 0.0
vt 0.630824 0.344530 0.0
vt 0.639888 0.349122 0.0
vt 0.628730 0.348688 0.0
vt 0.637774 0.353272 0.0
vt 0.983475 0.337679 0.0
vt 0.985090 0.337307 0.0
vt 0.983940 0.317698 0.0
vt 0.989343 0.337270 0.0
vt 0.988947 0.338486 0.0
vt 0.985516 0.338532 0.0
vt 0.984325 0.339430 0.0
vt 0.986271 0.339241 0.0
vt 0.985629 0.340537 0.0
vt 0.987251 0.339497 0.0
vt 0.988228 0.339223 0.0
vt 0.988899 0.340494 0.0
vt 0.990167 0.339349 0.0
vt 0.990957 0.337587 0.0
vt 0.363720 0.025800 0.0
vt 0.362793 0.018798 0.0
vt 0.363720 0.018344 0.0
vt 0.362794 0.025481 0.0
vt 0.644383 0.065678 0.0
vt 0.643445 0.058692 0.0
vt 0.644383 0.058216 0.0
vt 0.643445 0.065347 0.0
vt 0.500995 0.404250 0.0
vt 0.497780 0.408813 0.0
vt 0.497780 0.400168 0.0
vt 0.500859 0.408905 0.0
vt 0.957326 0.124359 0.0
vt 0.958269 0.145028 0.0
vt 0.957326 0.144715 0.0
vt 0.958269 0.123895 0.0
vt 0.477318 0.051680 0.0
vt 0.482316 0.063627 0.0
vt 0.477318 0.065314 0.0
vt 0.482314 0.052852 0.0
vt 0.648271 0.057666 0.0
vt 0.653272 0.069641 0.0
vt 0.648271 0.071301 0.0
vt 0.653270 0.058868 0.0
vt 0.801189 0.211120 0.0
vt 0.796182 0.131394 0.0
vt 0.801183 0.132626 0.0
vt 0.796182 0.217600 0.0
vt 0.886102 0.389323 0.0
vt 0.882994 0.384117 0.0
vt 0.886102 0.380251 0.0
vt 0.883111 0.389378 0.0
vt 0.766303 0.405303 0.0
vt 0.768257 0.392019 0.0
vt 0.768208 0.405311 0.0
vt 0.769207 0.392061 0.0
vt 0.769158 0.405306 0.0
vt 0.766351 0.392010 0.0
vt 0.765401 0.392043 0.0
vt 0.765353 0.405290 0.0
vt 0.421346 0.486223 0.0
vt 0.456216 0.530184 0.0
vt 0.421337 0.530179 0.0
vt 0.456221 0.486226 0.0
vt 0.457165 0.530059 0.0
vt 0.457170 0.486262 0.0
vt 0.421345 0.483637 0.0
vt 0.456218 0.483639 0.0
vt 0.456221 0.486226 0.0
vt 0.457168 0.483705 0.0
vt 0.457170 0.486191 0.0
vt 0.456212 0.480679 0.0
vt 0.457168 0.483573 0.0
vt 0.457162 0.480733 0.0
vt 0.421343 0.480678 0.0
vt 0.456204 0.477635 0.0
vt 0.457162 0.480623 0.0
vt 0.457154 0.477664 0.0
vt 0.421339 0.477634 0.0
vt 0.456144 0.441680 0.0
vt 0.456204 0.477635 0.0
vt 0.457154 0.477604 0.0
vt 0.457094 0.441700 0.0
vt 0.421326 0.441678 0.0
vt 0.456134 0.438152 0.0
vt 0.456144 0.441680 0.0
vt 0.457084 0.438204 0.0
vt 0.457094 0.441659 0.0
vt 0.421321 0.438149 0.0
vt 0.457076 0.435077 0.0
vt 0.457084 0.438098 0.0
vt 0.456126 0.435010 0.0
vt 0.421317 0.435005 0.0
vt 0.456120 0.432165 0.0
vt 0.421315 0.432158 0.0
vt 0.457070 0.432240 0.0
vt 0.457075 0.434942 0.0
vt 0.456119 0.429307 0.0
vt 0.421315 0.429300 0.0
vt 0.456120 0.432165 0.0
vt 0.457070 0.432089 0.0
vt 0.457069 0.429342 0.0
vt 0.421327 0.379560 0.0
vt 0.456119 0.429307 0.0
vt 0.456136 0.379567 0.0
vt 0.457069 0.429273 0.0
vt 0.457086 0.379567 0.0
vt 0.456154 0.320907 0.0
vt 0.421348 0.281740 0.0
vt 0.456136 0.379567 0.0
vt 0.457104 0.320885 0.0
vt 0.475386 0.404580 0.0
vt 0.472193 0.399978 0.0
vt 0.475331 0.399923 0.0
vt 0.472193 0.408609 0.0
vt 0.955789 0.049411 0.0
vt 0.959018 0.037063 0.0
vt 0.958966 0.050493 0.0
vt 0.955789 0.035953 0.0
vt 0.805641 0.382605 0.0
vt 0.807666 0.395781 0.0
vt 0.805597 0.395772 0.0
vt 0.804691 0.382667 0.0
vt 0.804647 0.395737 0.0
vt 0.807709 0.382609 0.0
vt 0.808659 0.382677 0.0
vt 0.808616 0.395754 0.0
vt 0.808327 0.453213 0.0
vt 0.808615 0.395816 0.0
vt 0.807375 0.453611 0.0
vt 0.805311 0.452806 0.0
vt 0.805597 0.395772 0.0
vt 0.804647 0.395798 0.0
vt 0.804359 0.453088 0.0
vt 0.225612 0.071146 0.0
vt 0.220491 0.059649 0.0
vt 0.225781 0.060871 0.0
vt 0.220491 0.072440 0.0
vt 0.336441 0.340169 0.0
vt 0.339460 0.327695 0.0
vt 0.339448 0.341102 0.0
vt 0.336441 0.326741 0.0
vt 0.766050 0.463994 0.0
vt 0.768208 0.405311 0.0
vt 0.767955 0.464075 0.0
vt 0.769158 0.405325 0.0
vt 0.768905 0.464079 0.0
vt 0.766303 0.405303 0.0
vt 0.765353 0.405308 0.0
vt 0.765101 0.463990 0.0
vt 0.765837 0.513616 0.0
vt 0.764887 0.513695 0.0
vt 0.766050 0.463994 0.0
vt 0.767955 0.464075 0.0
vt 0.767741 0.514000 0.0
vt 0.768691 0.513886 0.0
vt 0.767741 0.514000 0.0
vt 0.769040 0.515295 0.0
vt 0.768181 0.515775 0.0
vt 0.766435 0.516024 0.0
vt 0.765837 0.513616 0.0
vt 0.764895 0.513763 0.0
vt 0.765557 0.516430 0.0
vt 0.769533 0.517157 0.0
vt 0.770049 0.516327 0.0
vt 0.768181 0.515775 0.0
vt 0.768080 0.517712 0.0
vt 0.766435 0.516024 0.0
vt 0.767514 0.518491 0.0
vt 0.765628 0.516557 0.0
vt 0.383256 0.377681 0.0
vt 0.384122 0.368725 0.0
vt 0.384121 0.379722 0.0
vt 0.385072 0.369149 0.0
vt 0.385071 0.380003 0.0
vt 0.383256 0.366728 0.0
vt 0.382306 0.377278 0.0
vt 0.382306 0.366427 0.0
vt 0.257962 0.048523 0.0
vt 0.270242 0.048980 0.0
vt 0.267801 0.053643 0.0
vt 0.260377 0.043846 0.0
vt 0.260664 0.061710 0.0
vt 0.270242 0.066694 0.0
vt 0.258528 0.065848 0.0
vt 0.268084 0.070820 0.0
vt 0.495048 0.279891 0.0
vt 0.509513 0.315216 0.0
vt 0.494958 0.315258 0.0
vt 0.509509 0.318216 0.0
vt 0.509603 0.279851 0.0
vt 0.494954 0.318258 0.0
vt 0.495054 0.276455 0.0
vt 0.509507 0.321151 0.0
vt 0.509609 0.276416 0.0
vt 0.494952 0.321191 0.0
vt 0.495059 0.273435 0.0
vt 0.509510 0.323698 0.0
vt 0.509614 0.273397 0.0
vt 0.494955 0.323737 0.0
vt 0.495060 0.357098 0.0
vt 0.509615 0.357059 0.0
vt 0.495060 0.270717 0.0
vt 0.509615 0.270681 0.0
vt 0.495055 0.267957 0.0
vt 0.509610 0.267922 0.0
vt 0.494988 0.234596 0.0
vt 0.509543 0.234561 0.0
vt 0.770670 0.518573 0.0
vt 0.769533 0.517157 0.0
vt 0.771442 0.517782 0.0
vt 0.771564 0.516823 0.0
vt 0.770491 0.519515 0.0
vt 0.767625 0.518561 0.0
vt 0.773482 0.517652 0.0
vt 0.773353 0.516708 0.0
vt 0.771442 0.517782 0.0
vt 0.773941 0.518383 0.0
vt 0.770670 0.518573 0.0
vt 0.774044 0.519328 0.0
vt 0.770595 0.519529 0.0
vt 0.807819 0.509414 0.0
vt 0.773482 0.517652 0.0
vt 0.808116 0.510322 0.0
vt 0.773941 0.518383 0.0
vt 0.809345 0.508724 0.0
vt 0.808980 0.511129 0.0
vt 0.774085 0.519323 0.0
vt 0.809243 0.512044 0.0
vt 0.809907 0.509512 0.0
vt 0.808980 0.511129 0.0
vt 0.811495 0.510008 0.0
vt 0.809299 0.512026 0.0
vt 0.812002 0.510821 0.0
vt 0.809907 0.509512 0.0
vt 0.810466 0.507538 0.0
vt 0.811310 0.508027 0.0
vt 0.811495 0.510007 0.0
vt 0.813251 0.508162 0.0
vt 0.812091 0.510759 0.0
vt 0.814048 0.508702 0.0
vt 0.811824 0.506334 0.0
vt 0.810880 0.506173 0.0
vt 0.811310 0.508027 0.0
vt 0.812724 0.462255 0.0
vt 0.813691 0.461871 0.0
vt 0.813251 0.508162 0.0
vt 0.815726 0.462644 0.0
vt 0.813905 0.506018 0.0
vt 0.814838 0.506213 0.0
vt 0.814113 0.508591 0.0
vt 0.814850 0.506144 0.0
vt 0.816687 0.462384 0.0
vt 0.660136 0.060456 0.0
vt 0.672409 0.061057 0.0
vt 0.669913 0.065691 0.0
vt 0.662605 0.055808 0.0
vt 0.662683 0.073674 0.0
vt 0.672409 0.078882 0.0
vt 0.660498 0.077786 0.0
vt 0.670202 0.082982 0.0
vt 0.331812 0.260735 0.0
vt 0.337034 0.271160 0.0
vt 0.331812 0.272442 0.0
vt 0.337112 0.261640 0.0
vt 0.301038 0.022533 0.0
vt 0.290511 0.032753 0.0
vt 0.290511 0.004054 0.0
vt 0.301038 0.030680 0.0
vt 0.308467 0.001697 0.0
vt 0.308467 0.021271 0.0
vt 0.795695 0.003571 0.0
vt 0.796827 0.002217 0.0
vt 0.799230 0.007692 0.0
vt 0.799230 0.001782 0.0
vt 0.795693 0.007361 0.0
vt 0.796635 0.008151 0.0
vt 0.586485 0.367159 0.0
vt 0.583730 0.379896 0.0
vt 0.583730 0.366466 0.0
vt 0.586428 0.380584 0.0
vt 0.253518 0.081320 0.0
vt 0.251215 0.075570 0.0
vt 0.251633 0.067270 0.0
vt 0.255460 0.041336 0.0
vt 0.252727 0.046137 0.0
vt 0.249235 0.031247 0.0
vt 0.233036 0.047701 0.0
vt 0.230489 0.038647 0.0
vt 0.234485 0.009749 0.0
vt 0.229227 0.009650 0.0
vt 0.249715 0.001586 0.0
vt 0.245064 0.001499 0.0
vt 0.229227 0.086392 0.0
vt 0.231443 0.078081 0.0
vt 0.243620 0.076507 0.0
vt 0.249557 0.075777 0.0
vt 0.245556 0.075853 0.0
vt 0.244136 0.074530 0.0
vt 0.244050 0.068225 0.0
vt 0.249161 0.075407 0.0
vt 0.244368 0.070107 0.0
vt 0.245948 0.068412 0.0
vt 0.249979 0.067501 0.0
vt 0.249540 0.067972 0.0
vt 0.249998 0.075303 0.0
vt 0.250375 0.067863 0.0
vt 0.250818 0.075201 0.0
vt 0.251193 0.067751 0.0
vt 0.958422 0.147402 0.0
vt 0.957480 0.158405 0.0
vt 0.957449 0.147676 0.0
vt 0.958422 0.158904 0.0
vt 0.379519 0.389291 0.0
vt 0.376319 0.384102 0.0
vt 0.379519 0.380243 0.0
vt 0.376435 0.389363 0.0
vt 0.405696 0.012017 0.0
vt 0.400335 0.001692 0.0
vt 0.405677 0.002375 0.0
vt 0.400335 0.013137 0.0
vt 0.483996 0.308611 0.0
vt 0.483280 0.318780 0.0
vt 0.459992 0.318779 0.0
vt 0.463478 0.352745 0.0
vt 0.479794 0.352745 0.0
vt 0.459272 0.308612 0.0
vt 0.460525 0.298467 0.0
vt 0.482744 0.298465 0.0
vt 0.465207 0.289433 0.0
vt 0.478063 0.289430 0.0
vt 0.471635 0.286503 0.0
vt 0.406369 0.375287 0.0
vt 0.409594 0.370025 0.0
vt 0.409609 0.379093 0.0
vt 0.406401 0.370025 0.0
vt 0.704459 0.194803 0.0
vt 0.707682 0.182511 0.0
vt 0.707682 0.195771 0.0
vt 0.704620 0.181396 0.0
vt 0.855476 0.202933 0.0
vt 0.889032 0.192858 0.0
vt 0.889890 0.195387 0.0
vt 0.890821 0.192743 0.0
vt 0.892335 0.193239 0.0
vt 0.854567 0.200151 0.0
vt 0.893344 0.194270 0.0
vt 0.893694 0.195680 0.0
vt 0.889672 0.245472 0.0
vt 0.853040 0.200841 0.0
vt 0.851919 0.202028 0.0
vt 0.851505 0.203392 0.0
vt 0.853628 0.247461 0.0
vt 0.849661 0.247311 0.0
vt 0.882693 0.369127 0.0
vt 0.879901 0.377085 0.0
vt 0.879901 0.366305 0.0
vt 0.882506 0.380081 0.0
vt 0.556553 0.385992 0.0
vt 0.553529 0.391311 0.0
vt 0.553529 0.382238 0.0
vt 0.556618 0.391254 0.0
vt 0.934218 0.154735 0.0
vt 0.934218 0.204249 0.0
vt 0.896330 0.193957 0.0
vt 0.894325 0.158649 0.0
vt 0.901077 0.150903 0.0
vt 0.894667 0.155230 0.0
vt 0.896071 0.152558 0.0
vt 0.898322 0.151038 0.0
vt 0.934218 0.204249 0.0
vt 0.901077 0.200417 0.0
vt 0.896330 0.193957 0.0
vt 0.897089 0.196859 0.0
vt 0.898827 0.199224 0.0
vt 0.646939 0.375795 0.0
vt 0.649966 0.363783 0.0
vt 0.649809 0.376524 0.0
vt 0.646939 0.362691 0.0
vt 0.402266 0.404242 0.0
vt 0.399033 0.408808 0.0
vt 0.399033 0.400164 0.0
vt 0.402136 0.408897 0.0
vt 0.001495 0.146924 0.0
vt 0.004285 0.152217 0.0
vt 0.001495 0.155959 0.0
vt 0.004374 0.146954 0.0
vt 0.608179 0.011693 0.0
vt 0.605153 0.016391 0.0
vt 0.605153 0.007733 0.0
vt 0.608215 0.016349 0.0
vt 0.345235 0.272595 0.0
vt 0.340204 0.261848 0.0
vt 0.345234 0.260801 0.0
vt 0.340008 0.271472 0.0
vt 0.005395 0.001491 0.0
vt 0.006221 0.001491 0.0
vt 0.005737 0.002425 0.0
vt 0.772046 0.312299 0.0
vt 0.775074 0.299857 0.0
vt 0.775064 0.313264 0.0
vt 0.772046 0.298871 0.0
vt 0.016395 0.095246 0.0
vt 0.015468 0.088008 0.0
vt 0.016397 0.087710 0.0
vt 0.015468 0.095591 0.0
vt 0.397505 0.844653 0.0
vt 0.513428 0.842671 0.0
vt 0.513432 0.844653 0.0
vt 0.397455 0.842690 0.0
vt 0.397469 0.845603 0.0
vt 0.513435 0.845603 0.0
vt 0.385362 0.841169 0.0
vt 0.397505 0.844653 0.0
vt 0.384571 0.843248 0.0
vt 0.397438 0.845601 0.0
vt 0.384397 0.844184 0.0
vt 0.469208 0.404587 0.0
vt 0.465999 0.399985 0.0
vt 0.469153 0.399930 0.0
vt 0.465999 0.408616 0.0
vt 0.775009 0.404243 0.0
vt 0.772130 0.408820 0.0
vt 0.772130 0.400163 0.0
vt 0.774851 0.408896 0.0
vt 0.373817 0.837269 0.0
vt 0.384571 0.843248 0.0
vt 0.372361 0.839147 0.0
vt 0.384338 0.844172 0.0
vt 0.371947 0.840010 0.0
vt 0.364251 0.829717 0.0
vt 0.362327 0.831159 0.0
vt 0.371862 0.839963 0.0
vt 0.361633 0.831820 0.0
vt 0.068225 0.317454 0.0
vt 0.074692 0.301000 0.0
vt 0.075188 0.317374 0.0
vt 0.080485 0.315026 0.0
vt 0.079797 0.300199 0.0
vt 0.079595 0.298752 0.0
vt 0.068549 0.300989 0.0
vt 0.062870 0.315130 0.0
vt 0.063453 0.300212 0.0
vt 0.063651 0.298768 0.0
vt 0.068678 0.299319 0.0
vt 0.063741 0.297376 0.0
vt 0.074565 0.299305 0.0
vt 0.079503 0.297360 0.0
vt 0.068757 0.297623 0.0
vt 0.068772 0.295923 0.0
vt 0.063793 0.295918 0.0
vt 0.074490 0.297599 0.0
vt 0.063740 0.294457 0.0
vt 0.074481 0.295897 0.0
vt 0.079451 0.295904 0.0
vt 0.079503 0.294449 0.0
vt 0.068764 0.294221 0.0
vt 0.074498 0.294195 0.0
vt 0.068690 0.292516 0.0
vt 0.063648 0.293061 0.0
vt 0.074579 0.292499 0.0
vt 0.079595 0.293061 0.0
vt 0.068566 0.290823 0.0
vt 0.063448 0.291610 0.0
vt 0.062870 0.276678 0.0
vt 0.068248 0.274405 0.0
vt 0.074711 0.290825 0.0
vt 0.079796 0.291621 0.0
vt 0.075211 0.274498 0.0
vt 0.080522 0.276813 0.0
vt 0.233484 0.094445 0.0
vt 0.236793 0.089262 0.0
vt 0.236793 0.098333 0.0
vt 0.233620 0.089184 0.0
vt 0.692692 0.381329 0.0
vt 0.689467 0.376139 0.0
vt 0.692692 0.372280 0.0
vt 0.689579 0.381400 0.0
vt 0.611005 0.409214 0.0
vt 0.608006 0.404100 0.0
vt 0.611005 0.400168 0.0
vt 0.608250 0.409358 0.0
vt 0.019642 0.318246 0.0
vt 0.023720 0.284363 0.0
vt 0.023720 0.318246 0.0
vt 0.028043 0.284363 0.0
vt 0.019642 0.284363 0.0
vt 0.016128 0.318246 0.0
vt 0.016128 0.284363 0.0
vt 0.016128 0.331321 0.0
vt 0.019642 0.331321 0.0
vt 0.016128 0.344416 0.0
vt 0.028043 0.318246 0.0
vt 0.032587 0.284363 0.0
vt 0.023720 0.331321 0.0
vt 0.019642 0.344416 0.0
vt 0.016128 0.357461 0.0
vt 0.032587 0.318246 0.0
vt 0.036910 0.284363 0.0
vt 0.036910 0.318246 0.0
vt 0.028043 0.331321 0.0
vt 0.032587 0.331321 0.0
vt 0.036910 0.331321 0.0
vt 0.023720 0.344416 0.0
vt 0.028043 0.344416 0.0
vt 0.032587 0.344416 0.0
vt 0.036910 0.344416 0.0
vt 0.019642 0.357461 0.0
vt 0.016128 0.370012 0.0
vt 0.019642 0.370012 0.0
vt 0.023720 0.357461 0.0
vt 0.023720 0.370012 0.0
vt 0.028043 0.357461 0.0
vt 0.028043 0.370012 0.0
vt 0.032587 0.370012 0.0
vt 0.032587 0.357461 0.0
vt 0.036910 0.357461 0.0
vt 0.036910 0.370012 0.0
vt 0.395369 0.383969 0.0
vt 0.398365 0.389257 0.0
vt 0.395369 0.393008 0.0
vt 0.398437 0.383994 0.0
vt 0.857835 0.531133 0.0
vt 0.862208 0.519893 0.0
vt 0.858226 0.519018 0.0
vt 0.862809 0.507813 0.0
vt 0.858849 0.506791 0.0
vt 0.863558 0.494403 0.0
vt 0.864301 0.480833 0.0
vt 0.865044 0.467264 0.0
vt 0.865788 0.453694 0.0
vt 0.866531 0.440125 0.0
vt 0.866295 0.372062 0.0
vt 0.867275 0.426556 0.0
vt 0.868018 0.412986 0.0
vt 0.868762 0.399417 0.0
vt 0.869505 0.385848 0.0
vt 0.870248 0.372279 0.0
vt 0.867000 0.359463 0.0
vt 0.870960 0.359687 0.0
vt 0.871592 0.348395 0.0
vt 0.867633 0.348170 0.0
vt 0.872234 0.336906 0.0
vt 0.868274 0.336678 0.0
vt 0.872896 0.325320 0.0
vt 0.868935 0.325083 0.0
vt 0.873636 0.313042 0.0
vt 0.869675 0.312798 0.0
vt 0.874458 0.299840 0.0
vt 0.875306 0.286231 0.0
vt 0.873231 0.255725 0.0
vt 0.877199 0.255849 0.0
vt 0.589744 0.405203 0.0
vt 0.592696 0.400006 0.0
vt 0.592696 0.409070 0.0
vt 0.589863 0.399941 0.0
vt 0.644974 0.380293 0.0
vt 0.641578 0.384895 0.0
vt 0.641578 0.376264 0.0
vt 0.644924 0.384951 0.0
vt 0.357883 0.819403 0.0
vt 0.362327 0.831159 0.0
vt 0.356079 0.820020 0.0
vt 0.355194 0.820383 0.0
vt 0.361563 0.831738 0.0
vt 0.355888 0.807324 0.0
vt 0.356079 0.820020 0.0
vt 0.355162 0.820293 0.0
vt 0.352979 0.807347 0.0
vt 0.353925 0.807245 0.0
vt 0.353967 0.672469 0.0
vt 0.352975 0.807301 0.0
vt 0.353017 0.672412 0.0
vt 0.355929 0.672388 0.0
vt 0.100690 0.282438 0.0
vt 0.103728 0.270028 0.0
vt 0.103718 0.283435 0.0
vt 0.100690 0.269011 0.0
vt 0.359132 0.404242 0.0
vt 0.355882 0.408811 0.0
vt 0.355882 0.400168 0.0
vt 0.359007 0.408896 0.0
vt 0.636408 0.388338 0.0
vt 0.633389 0.392890 0.0
vt 0.633389 0.384227 0.0
vt 0.636214 0.392990 0.0
vt 0.720484 0.404607 0.0
vt 0.717360 0.400046 0.0
vt 0.720344 0.399952 0.0
vt 0.717360 0.408685 0.0
vt 0.356220 0.659485 0.0
vt 0.358104 0.659958 0.0
vt 0.361611 0.649204 0.0
vt 0.353967 0.672469 0.0
vt 0.355292 0.659275 0.0
vt 0.353021 0.672364 0.0
vt 0.359904 0.648091 0.0
vt 0.355302 0.659237 0.0
vt 0.359035 0.647693 0.0
vt 0.368429 0.639932 0.0
vt 0.359904 0.648091 0.0
vt 0.367051 0.638525 0.0
vt 0.366341 0.637888 0.0
vt 0.359076 0.647612 0.0
vt 0.377415 0.632573 0.0
vt 0.367051 0.638525 0.0
vt 0.376724 0.630745 0.0
vt 0.366390 0.637838 0.0
vt 0.376251 0.629907 0.0
vt 0.389253 0.627941 0.0
vt 0.389430 0.629904 0.0
vt 0.376724 0.630745 0.0
vt 0.389119 0.626998 0.0
vt 0.376364 0.629853 0.0
vt 0.446592 0.627950 0.0
vt 0.446614 0.629920 0.0
vt 0.389253 0.627941 0.0
vt 0.446469 0.627000 0.0
vt 0.389179 0.626991 0.0
vt 0.832092 0.357510 0.0
vt 0.829075 0.369515 0.0
vt 0.829075 0.356601 0.0
vt 0.831924 0.370689 0.0
vt 0.852105 0.050122 0.0
vt 0.848410 0.045924 0.0
vt 0.851482 0.045508 0.0
vt 0.848410 0.054657 0.0
vt 0.889476 0.290600 0.0
vt 0.889535 0.276965 0.0
vt 0.893221 0.304251 0.0
vt 0.889417 0.304235 0.0
vt 0.889370 0.316828 0.0
vt 0.893477 0.245346 0.0
vt 0.893175 0.316845 0.0
vt 0.889354 0.328934 0.0
vt 0.893160 0.328951 0.0
vt 0.889374 0.340382 0.0
vt 0.893181 0.340397 0.0
vt 0.889413 0.352201 0.0
vt 0.893220 0.352214 0.0
vt 0.889457 0.364350 0.0
vt 0.893263 0.364366 0.0
vt 0.889481 0.377746 0.0
vt 0.889529 0.391336 0.0
vt 0.889577 0.404924 0.0
vt 0.889624 0.418514 0.0
vt 0.889672 0.432102 0.0
vt 0.889719 0.445691 0.0
vt 0.889766 0.459280 0.0
vt 0.889814 0.472869 0.0
vt 0.889861 0.486458 0.0
vt 0.889908 0.500047 0.0
vt 0.784683 0.385277 0.0
vt 0.787814 0.380089 0.0
vt 0.787814 0.389142 0.0
vt 0.784813 0.380016 0.0
vt 0.682185 0.030372 0.0
vt 0.685302 0.010899 0.0
vt 0.684144 0.030486 0.0
vt 0.689541 0.011002 0.0
vt 0.690050 0.030566 0.0
vt 0.683703 0.010529 0.0
vt 0.685736 0.009699 0.0
vt 0.679851 0.030192 0.0
vt 0.684548 0.008799 0.0
vt 0.686477 0.008988 0.0
vt 0.685850 0.007700 0.0
vt 0.687460 0.008748 0.0
vt 0.689157 0.009767 0.0
vt 0.688429 0.009035 0.0
vt 0.038867 0.010583 0.0
vt 0.036881 0.004620 0.0
vt 0.041161 0.001810 0.0
vt 0.035575 0.009717 0.0
vt 0.034107 0.389295 0.0
vt 0.030858 0.384104 0.0
vt 0.034107 0.380245 0.0
vt 0.030967 0.389366 0.0
vt 0.521725 0.361575 0.0
vt 0.518671 0.373930 0.0
vt 0.518671 0.360604 0.0
vt 0.521484 0.374977 0.0
vt 0.580811 0.409208 0.0
vt 0.577802 0.404094 0.0
vt 0.580811 0.400162 0.0
vt 0.578042 0.409352 0.0
vt 0.811596 0.183529 0.0
vt 0.812535 0.164236 0.0
vt 0.812530 0.183173 0.0
vt 0.811596 0.163768 0.0
vt 0.014959 0.460206 0.0
vt 0.117855 0.483549 0.0
vt 0.063994 0.465238 0.0
vt 0.019716 0.427295 0.0
vt 0.119790 0.474406 0.0
vt 0.117536 0.473354 0.0
vt 0.116252 0.471366 0.0
vt 0.116134 0.468844 0.0
vt 0.117333 0.466519 0.0
vt 0.125448 0.442086 0.0
vt 0.126477 0.444293 0.0
vt 0.119430 0.465379 0.0
vt 0.125717 0.439375 0.0
vt 0.121929 0.465447 0.0
vt 0.128567 0.445776 0.0
vt 0.141530 0.450800 0.0
vt 0.134366 0.469447 0.0
vt 0.138935 0.471163 0.0
vt 0.146278 0.452746 0.0
vt 0.143571 0.472994 0.0
vt 0.151092 0.454783 0.0
vt 0.155752 0.456804 0.0
vt 0.148028 0.475004 0.0
vt 0.183085 0.496826 0.0
vt 0.193382 0.475873 0.0
vt 0.200757 0.502243 0.0
vt 0.196074 0.476279 0.0
vt 0.184618 0.498990 0.0
vt 0.198820 0.475194 0.0
vt 0.184867 0.501963 0.0
vt 0.183571 0.504598 0.0
vt 0.200658 0.472842 0.0
vt 0.181147 0.506128 0.0
vt 0.213997 0.438681 0.0
vt 0.178370 0.506134 0.0
vt 0.235067 0.412609 0.0
vt 0.212259 0.441068 0.0
vt 0.200990 0.469925 0.0
vt 0.209590 0.442286 0.0
vt 0.199850 0.467266 0.0
vt 0.206924 0.442058 0.0
vt 0.197749 0.465709 0.0
vt 0.167557 0.429745 0.0
vt 0.159369 0.448489 0.0
vt 0.154651 0.446467 0.0
vt 0.162902 0.427788 0.0
vt 0.149816 0.444380 0.0
vt 0.158199 0.425718 0.0
vt 0.145078 0.442315 0.0
vt 0.153633 0.423607 0.0
vt 0.132328 0.436746 0.0
vt 0.141637 0.417538 0.0
vt 0.139765 0.415790 0.0
vt 0.129769 0.436327 0.0
vt 0.127466 0.437214 0.0
vt 0.139045 0.413450 0.0
vt 0.098179 0.377170 0.0
vt 0.139794 0.410880 0.0
vt 0.141673 0.409077 0.0
vt 0.144052 0.408498 0.0
vt 0.146550 0.409301 0.0
vt 0.057839 0.349846 0.0
vt 0.151915 0.400867 0.0
vt 0.105954 0.366003 0.0
vt 0.067778 0.336600 0.0
vt 0.157487 0.415769 0.0
vt 0.112847 0.357171 0.0
vt 0.075212 0.327331 0.0
vt 0.156860 0.394546 0.0
vt 0.119260 0.349615 0.0
vt 0.082666 0.318342 0.0
vt 0.161977 0.389423 0.0
vt 0.126039 0.342238 0.0
vt 0.090261 0.309471 0.0
vt 0.167893 0.384631 0.0
vt 0.134128 0.333985 0.0
vt 0.098065 0.300581 0.0
vt 0.134769 0.261193 0.0
vt 0.151660 0.280507 0.0
vt 0.160401 0.291280 0.0
vt 0.171481 0.300340 0.0
vt 0.184877 0.305911 0.0
vt 0.175974 0.379584 0.0
vt 0.203827 0.306278 0.0
vt 0.233314 0.371608 0.0
vt 0.235385 0.391732 0.0
vt 0.174446 0.395700 0.0
vt 0.181328 0.393420 0.0
vt 0.182081 0.398680 0.0
vt 0.235503 0.398621 0.0
vt 0.235340 0.405708 0.0
vt 0.169528 0.398881 0.0
vt 0.176256 0.399860 0.0
vt 0.182118 0.403801 0.0
vt 0.165384 0.402631 0.0
vt 0.177696 0.404187 0.0
vt 0.172043 0.402366 0.0
vt 0.161869 0.407675 0.0
vt 0.168422 0.405365 0.0
vt 0.165622 0.409785 0.0
vt 0.161784 0.417877 0.0
vt 0.171560 0.408111 0.0
vt 0.169563 0.411544 0.0
vt 0.166242 0.419820 0.0
vt 0.174381 0.405886 0.0
vt 0.174765 0.410814 0.0
vt 0.173624 0.412959 0.0
vt 0.170714 0.421520 0.0
vt 0.178694 0.408620 0.0
vt 0.176547 0.409501 0.0
vt 0.181353 0.408775 0.0
vt 0.210320 0.431279 0.0
vt 0.212695 0.432776 0.0
vt 0.214128 0.435525 0.0
vt 0.992115 0.372735 0.0
vt 0.988625 0.368188 0.0
vt 0.991990 0.368080 0.0
vt 0.988625 0.376838 0.0
vt 0.862687 0.242938 0.0
vt 0.885310 0.205633 0.0
vt 0.885307 0.242966 0.0
vt 0.862687 0.242938 0.0
vt 0.862687 0.205629 0.0
vt 0.885310 0.205633 0.0
vt 0.722902 0.377049 0.0
vt 0.720932 0.366109 0.0
vt 0.722902 0.366080 0.0
vt 0.720930 0.377065 0.0
vt 0.723852 0.366188 0.0
vt 0.723852 0.377041 0.0
vt 0.469388 0.384282 0.0
vt 0.465983 0.388883 0.0
vt 0.465983 0.380252 0.0
vt 0.469339 0.388938 0.0
vt 0.757133 0.268996 0.0
vt 0.762128 0.258166 0.0
vt 0.762096 0.268217 0.0
vt 0.757133 0.256901 0.0
vt 0.205256 0.303037 0.0
vt 0.208809 0.298554 0.0
vt 0.208809 0.307204 0.0
vt 0.205464 0.298384 0.0
vt 0.322202 0.404234 0.0
vt 0.318934 0.408805 0.0
vt 0.318934 0.400163 0.0
vt 0.322081 0.408889 0.0
vt 0.273074 0.059272 0.0
vt 0.276357 0.064537 0.0
vt 0.273074 0.068342 0.0
vt 0.276333 0.059275 0.0
vt 0.684313 0.404598 0.0
vt 0.681161 0.400037 0.0
vt 0.684175 0.399943 0.0
vt 0.681161 0.408677 0.0
vt 0.627963 0.388334 0.0
vt 0.624931 0.392886 0.0
vt 0.624931 0.384223 0.0
vt 0.627770 0.392986 0.0
vt 0.581547 0.386783 0.0
vt 0.585025 0.382577 0.0
vt 0.585025 0.391333 0.0
vt 0.582227 0.382177 0.0
vt 0.386792 0.405217 0.0
vt 0.389824 0.400048 0.0
vt 0.389824 0.409101 0.0
vt 0.386943 0.399956 0.0
vt 0.721487 0.217983 0.0
vt 0.718157 0.212800 0.0
vt 0.721487 0.208930 0.0
vt 0.718270 0.218062 0.0
vt 0.571296 0.001499 0.0
vt 0.574734 0.006767 0.0
vt 0.571296 0.010568 0.0
vt 0.574709 0.001505 0.0
vt 0.778559 0.383286 0.0
vt 0.781710 0.378096 0.0
vt 0.781710 0.387148 0.0
vt 0.778681 0.378025 0.0
vt 0.361212 0.347468 0.0
vt 0.357940 0.342276 0.0
vt 0.361212 0.338417 0.0
vt 0.358047 0.347538 0.0
vt 0.235244 0.345840 0.0
vt 0.229087 0.304493 0.0
vt 0.235244 0.301274 0.0
vt 0.229222 0.344492 0.0
vt 0.963546 0.499769 0.0
vt 0.959514 0.403839 0.0
vt 0.963577 0.403849 0.0
vt 0.959471 0.499769 0.0
vt 0.959493 0.595698 0.0
vt 0.959527 0.387007 0.0
vt 0.963555 0.595688 0.0
vt 0.959502 0.612536 0.0
vt 0.967855 0.499770 0.0
vt 0.963622 0.387016 0.0
vt 0.959678 0.370505 0.0
vt 0.967786 0.387152 0.0
vt 0.967771 0.370592 0.0
vt 0.967845 0.403855 0.0
vt 0.971883 0.387136 0.0
vt 0.971911 0.403838 0.0
vt 0.971769 0.370583 0.0
vt 0.971937 0.499770 0.0
vt 0.971890 0.595701 0.0
vt 0.967823 0.595683 0.0
vt 0.971857 0.612403 0.0
vt 0.967761 0.612386 0.0
vt 0.967743 0.628945 0.0
vt 0.963597 0.612528 0.0
vt 0.971741 0.628955 0.0
vt 0.963592 0.629013 0.0
vt 0.959651 0.629031 0.0
vt 0.959669 0.645352 0.0
vt 0.967795 0.645325 0.0
vt 0.971748 0.645304 0.0
vt 0.963697 0.645334 0.0
vt 0.967929 0.661662 0.0
vt 0.971906 0.661617 0.0
vt 0.963767 0.661784 0.0
vt 0.959791 0.661813 0.0
vt 0.968167 0.683637 0.0
vt 0.972183 0.683592 0.0
vt 0.963954 0.683678 0.0
vt 0.959940 0.683711 0.0
vt 0.960336 0.724546 0.0
vt 0.964359 0.724507 0.0
vt 0.961345 0.828343 0.0
vt 0.968557 0.724466 0.0
vt 0.972580 0.724427 0.0
vt 0.973589 0.828224 0.0
vt 0.969571 0.828258 0.0
vt 0.973743 0.850613 0.0
vt 0.965361 0.828298 0.0
vt 0.961624 0.850651 0.0
vt 0.965601 0.850603 0.0
vt 0.961821 0.867114 0.0
vt 0.969766 0.850645 0.0
vt 0.973901 0.866929 0.0
vt 0.965850 0.867054 0.0
vt 0.966061 0.883376 0.0
vt 0.962120 0.883435 0.0
vt 0.969949 0.866985 0.0
vt 0.974212 0.883278 0.0
vt 0.962291 0.899933 0.0
vt 0.970215 0.883365 0.0
vt 0.974649 0.899827 0.0
vt 0.966385 0.899862 0.0
vt 0.966667 0.916703 0.0
vt 0.962607 0.916771 0.0
vt 0.963870 0.984891 0.0
vt 0.968084 0.988987 0.0
vt 0.970552 0.899924 0.0
vt 0.970936 0.916628 0.0
vt 0.972498 0.993680 0.0
vt 0.975005 0.916531 0.0
vt 0.976673 0.997729 0.0
vt 0.559146 0.022232 0.0
vt 0.555304 0.018075 0.0
vt 0.558479 0.017623 0.0
vt 0.555304 0.026836 0.0
vt 0.550083 0.409209 0.0
vt 0.547063 0.404094 0.0
vt 0.550083 0.400163 0.0
vt 0.547303 0.409353 0.0
vt 0.775633 0.378298 0.0
vt 0.772219 0.382899 0.0
vt 0.772219 0.374268 0.0
vt 0.775584 0.382955 0.0
vt 0.498057 0.202742 0.0
vt 0.495004 0.208028 0.0
vt 0.495004 0.198969 0.0
vt 0.498076 0.208004 0.0
vt 0.087241 0.004060 0.0
vt 0.082596 0.014070 0.0
vt 0.082596 0.002208 0.0
vt 0.089523 0.014596 0.0
vt 0.762060 0.272683 0.0
vt 0.757266 0.283635 0.0
vt 0.757134 0.273496 0.0
vt 0.762060 0.284984 0.0
vt 0.291404 0.404231 0.0
vt 0.288119 0.408804 0.0
vt 0.288119 0.400163 0.0
vt 0.291287 0.408886 0.0
vt 0.598867 0.404596 0.0
vt 0.595689 0.400034 0.0
vt 0.598730 0.399941 0.0
vt 0.595689 0.408676 0.0
vt 0.630717 0.002691 0.0
vt 0.627392 0.015152 0.0
vt 0.627392 0.001891 0.0
vt 0.630405 0.015971 0.0
vt 0.153433 0.272410 0.0
vt 0.147830 0.261992 0.0
vt 0.153433 0.260805 0.0
vt 0.148451 0.271825 0.0
vt 0.491630 0.061649 0.0
vt 0.496634 0.073693 0.0
vt 0.491630 0.075239 0.0
vt 0.496631 0.062833 0.0
vt 0.235910 0.051719 0.0
vt 0.240923 0.063855 0.0
vt 0.235910 0.065309 0.0
vt 0.240920 0.053002 0.0
vt 0.221691 0.043741 0.0
vt 0.226699 0.055830 0.0
vt 0.221691 0.057331 0.0
vt 0.226696 0.044975 0.0
vt 0.376288 0.015547 0.0
vt 0.381307 0.003337 0.0
vt 0.381311 0.014187 0.0
vt 0.376288 0.001957 0.0
vt 0.453112 0.035807 0.0
vt 0.458131 0.047989 0.0
vt 0.453112 0.049397 0.0
vt 0.458127 0.037138 0.0
vt 0.344185 0.015586 0.0
vt 0.349214 0.003472 0.0
vt 0.349218 0.014322 0.0
vt 0.344185 0.001996 0.0
vt 0.368270 0.015562 0.0
vt 0.373294 0.003401 0.0
vt 0.373298 0.014250 0.0
vt 0.368270 0.001972 0.0
vt 0.155907 0.015613 0.0
vt 0.160946 0.003593 0.0
vt 0.160950 0.014448 0.0
vt 0.155907 0.002024 0.0
vt 0.360239 0.015604 0.0
vt 0.365273 0.003537 0.0
vt 0.365277 0.014390 0.0
vt 0.360239 0.002014 0.0
vt 0.740095 0.383283 0.0
vt 0.743267 0.378092 0.0
vt 0.743267 0.387143 0.0
vt 0.740211 0.378021 0.0
vt 0.029066 0.041366 0.0
vt 0.034115 0.029532 0.0
vt 0.034157 0.040267 0.0
vt 0.029066 0.027934 0.0
vt 0.118345 0.273762 0.0
vt 0.115049 0.268570 0.0
vt 0.118345 0.264710 0.0
vt 0.115160 0.273832 0.0
vt 0.563389 0.374834 0.0
vt 0.567086 0.370729 0.0
vt 0.567086 0.379490 0.0
vt 0.564165 0.370243 0.0
vt 0.132956 0.020239 0.0
vt 0.129001 0.016117 0.0
vt 0.132248 0.015636 0.0
vt 0.129001 0.024873 0.0
vt 0.479620 0.372075 0.0
vt 0.481238 0.379357 0.0
vt 0.478016 0.374190 0.0
vt 0.478158 0.379451 0.0
vt 0.481238 0.370292 0.0
vt 0.311305 0.337042 0.0
vt 0.308187 0.349370 0.0
vt 0.308269 0.336469 0.0
vt 0.311305 0.350214 0.0
vt 0.996149 0.081470 0.0
vt 0.991166 0.093133 0.0
vt 0.991245 0.082361 0.0
vt 0.996149 0.094698 0.0
vt 0.226143 0.038286 0.0
vt 0.221158 0.008960 0.0
vt 0.226143 0.007845 0.0
vt 0.221156 0.038648 0.0
vt 0.602165 0.001862 0.0
vt 0.597181 0.013958 0.0
vt 0.597182 0.002951 0.0
vt 0.602165 0.015497 0.0
vt 0.579270 0.387964 0.0
vt 0.576467 0.393267 0.0
vt 0.576467 0.384228 0.0
vt 0.579370 0.393226 0.0
vt 0.726544 0.385304 0.0
vt 0.729717 0.380190 0.0
vt 0.729717 0.389236 0.0
vt 0.726767 0.380045 0.0
vt 0.775034 0.261627 0.0
vt 0.771949 0.274300 0.0
vt 0.771949 0.260870 0.0
vt 0.774994 0.275058 0.0
vt 0.139013 0.002885 0.0
vt 0.144153 0.014443 0.0
vt 0.138416 0.013296 0.0
vt 0.144153 0.001831 0.0
vt 0.838332 0.386308 0.0
vt 0.835031 0.390882 0.0
vt 0.835031 0.382242 0.0
vt 0.838217 0.390963 0.0
vt 0.562462 0.404598 0.0
vt 0.559259 0.400038 0.0
vt 0.562326 0.399944 0.0
vt 0.559259 0.408679 0.0
vt 0.129666 0.001678 0.0
vt 0.135495 0.012012 0.0
vt 0.129666 0.013185 0.0
vt 0.135717 0.002395 0.0
vt 0.507547 0.385272 0.0
vt 0.510738 0.380081 0.0
vt 0.510738 0.389131 0.0
vt 0.507662 0.380011 0.0
vt 0.998296 0.223962 0.0
vt 0.994978 0.218771 0.0
vt 0.998296 0.214909 0.0
vt 0.995094 0.224033 0.0
vt 0.335210 0.001593 0.0
vt 0.341039 0.011758 0.0
vt 0.335210 0.012903 0.0
vt 0.341195 0.001961 0.0
vt 0.494793 0.081901 0.0
vt 0.491898 0.077340 0.0
vt 0.494617 0.077248 0.0
vt 0.491898 0.085997 0.0
vt 0.556281 0.404598 0.0
vt 0.553069 0.400046 0.0
vt 0.556096 0.399946 0.0
vt 0.553069 0.408709 0.0
vt 0.049526 0.358773 0.0
vt 0.046018 0.354199 0.0
vt 0.049428 0.354117 0.0
vt 0.046018 0.362848 0.0
vt 0.853702 0.251694 0.0
vt 0.850605 0.264348 0.0
vt 0.850605 0.250917 0.0
vt 0.853662 0.265124 0.0
vt 0.674423 0.387330 0.0
vt 0.671290 0.382148 0.0
vt 0.674423 0.378259 0.0
vt 0.671423 0.387409 0.0
vt 0.992074 0.383324 0.0
vt 0.995258 0.378210 0.0
vt 0.995258 0.387256 0.0
vt 0.992297 0.378065 0.0
vt 0.978193 0.386303 0.0
vt 0.974876 0.390877 0.0
vt 0.974876 0.382238 0.0
vt 0.978080 0.390958 0.0
vt 0.811605 0.208581 0.0
vt 0.812544 0.190106 0.0
vt 0.812542 0.208217 0.0
vt 0.811605 0.189644 0.0
vt 0.001493 0.377723 0.0
vt 0.004473 0.365392 0.0
vt 0.004267 0.378304 0.0
vt 0.001493 0.364537 0.0
vt 0.200654 0.054107 0.0
vt 0.204441 0.049951 0.0
vt 0.204441 0.058683 0.0
vt 0.201322 0.049499 0.0
vt 0.502933 0.063969 0.0
vt 0.499704 0.059409 0.0
vt 0.502797 0.059315 0.0
vt 0.499704 0.068052 0.0
vt 0.574831 0.355232 0.0
vt 0.571746 0.367817 0.0
vt 0.571746 0.354490 0.0
vt 0.574635 0.368568 0.0
vt 0.654445 0.078081 0.0
vt 0.655907 0.079430 0.0
vt 0.655093 0.079907 0.0
vt 0.657969 0.081787 0.0
vt 0.657482 0.082636 0.0
vt 0.655378 0.077937 0.0
vt 0.654605 0.073665 0.0
vt 0.655526 0.073836 0.0
vt 0.655358 0.071475 0.0
vt 0.656190 0.071906 0.0
vt 0.657969 0.069449 0.0
vt 0.657484 0.068537 0.0
vt 0.331449 0.405182 0.0
vt 0.334445 0.399947 0.0
vt 0.334445 0.408982 0.0
vt 0.331464 0.399919 0.0
vt 0.400187 0.381292 0.0
vt 0.403398 0.376101 0.0
vt 0.403398 0.385149 0.0
vt 0.400301 0.376031 0.0
vt 0.540307 0.038028 0.0
vt 0.537355 0.033381 0.0
vt 0.540268 0.033372 0.0
vt 0.537355 0.042039 0.0
vt 0.525805 0.404602 0.0
vt 0.522584 0.400050 0.0
vt 0.525620 0.399949 0.0
vt 0.522584 0.408713 0.0
vt 0.873932 0.375751 0.0
vt 0.876965 0.363698 0.0
vt 0.876732 0.376437 0.0
vt 0.873932 0.362656 0.0
vt 0.294374 0.405244 0.0
vt 0.297419 0.400121 0.0
vt 0.297419 0.409167 0.0
vt 0.294448 0.399977 0.0
vt 0.536440 0.359780 0.0
vt 0.539643 0.347712 0.0
vt 0.539438 0.360453 0.0
vt 0.536440 0.346676 0.0
vt 0.352895 0.404595 0.0
vt 0.349641 0.400036 0.0
vt 0.352758 0.399940 0.0
vt 0.349641 0.408680 0.0
vt 0.635147 0.369944 0.0
vt 0.638067 0.357268 0.0
vt 0.638058 0.370675 0.0
vt 0.635147 0.356518 0.0
vt 0.936141 0.095929 0.0
vt 0.936117 0.089951 0.0
vt 0.937076 0.089663 0.0
vt 0.937076 0.097247 0.0
vt 0.936148 0.097599 0.0
vt 0.974777 0.377309 0.0
vt 0.978007 0.372113 0.0
vt 0.978007 0.381159 0.0
vt 0.974899 0.372048 0.0
vt 0.589416 0.377316 0.0
vt 0.592645 0.372125 0.0
vt 0.592645 0.381173 0.0
vt 0.589529 0.372055 0.0
vt 0.938977 0.129470 0.0
vt 0.938034 0.141254 0.0
vt 0.937994 0.129751 0.0
vt 0.938977 0.141742 0.0
vt 0.843144 0.311455 0.0
vt 0.840204 0.324098 0.0
vt 0.840212 0.310691 0.0
vt 0.843144 0.324882 0.0
vt 0.858671 0.363289 0.0
vt 0.855618 0.375255 0.0
vt 0.855873 0.362514 0.0
vt 0.858671 0.376460 0.0
vt 0.050106 0.002428 0.0
vt 0.049371 0.002808 0.0
vt 0.049371 0.001757 0.0
vt 0.328470 0.404604 0.0
vt 0.325191 0.400048 0.0
vt 0.328331 0.399950 0.0
vt 0.325191 0.408693 0.0
vt 0.680094 0.375312 0.0
vt 0.683342 0.370122 0.0
vt 0.683342 0.379170 0.0
vt 0.680208 0.370051 0.0
vt 0.529848 0.380692 0.0
vt 0.526428 0.376142 0.0
vt 0.529715 0.376037 0.0
vt 0.526428 0.384802 0.0
vt 0.937209 0.174200 0.0
vt 0.938146 0.194092 0.0
vt 0.937209 0.193775 0.0
vt 0.938146 0.173737 0.0
vt 0.486225 0.089753 0.0
vt 0.487164 0.096737 0.0
vt 0.486225 0.097211 0.0
vt 0.487164 0.090082 0.0
vt 0.472087 0.373951 0.0
vt 0.475045 0.361342 0.0
vt 0.475037 0.374748 0.0
vt 0.472087 0.360524 0.0
vt 0.593984 0.009090 0.0
vt 0.593057 0.002862 0.0
vt 0.593984 0.002407 0.0
vt 0.593057 0.008772 0.0
vt 0.784366 0.376106 0.0
vt 0.787234 0.363617 0.0
vt 0.787166 0.377046 0.0
vt 0.784366 0.362645 0.0
vt 0.392381 0.388664 0.0
vt 0.389078 0.384110 0.0
vt 0.392240 0.384010 0.0
vt 0.389078 0.392757 0.0
vt 0.460091 0.423948 0.0
vt 0.462045 0.379990 0.0
vt 0.462067 0.423947 0.0
vt 0.460073 0.379990 0.0
vt 0.463017 0.423947 0.0
vt 0.462994 0.379990 0.0
vt 0.462067 0.423948 0.0
vt 0.460093 0.425374 0.0
vt 0.462069 0.425373 0.0
vt 0.463019 0.425372 0.0
vt 0.462069 0.425373 0.0
vt 0.460098 0.427005 0.0
vt 0.463024 0.427005 0.0
vt 0.462075 0.427005 0.0
vt 0.462075 0.427005 0.0
vt 0.460105 0.428681 0.0
vt 0.463031 0.428680 0.0
vt 0.462081 0.428681 0.0
vt 0.460304 0.463908 0.0
vt 0.463230 0.463909 0.0
vt 0.462281 0.463909 0.0
vt 0.460312 0.465701 0.0
vt 0.462289 0.465702 0.0
vt 0.463239 0.465702 0.0
vt 0.460320 0.467295 0.0
vt 0.462296 0.467295 0.0
vt 0.463246 0.467295 0.0
vt 0.460324 0.468737 0.0
vt 0.462296 0.467295 0.0
vt 0.462301 0.468737 0.0
vt 0.463251 0.468738 0.0
vt 0.460326 0.470189 0.0
vt 0.462301 0.468737 0.0
vt 0.463252 0.470190 0.0
vt 0.462302 0.470189 0.0
vt 0.460336 0.519856 0.0
vt 0.462302 0.470189 0.0
vt 0.463254 0.519998 0.0
vt 0.462305 0.519998 0.0
vt 0.673860 0.373323 0.0
vt 0.677126 0.368134 0.0
vt 0.677126 0.377181 0.0
vt 0.673976 0.368061 0.0
vt 0.737505 0.367446 0.0
vt 0.734657 0.379478 0.0
vt 0.734657 0.366566 0.0
vt 0.737152 0.380560 0.0
vt 0.466114 0.373968 0.0
vt 0.469089 0.361392 0.0
vt 0.469078 0.374799 0.0
vt 0.466114 0.360541 0.0
vt 0.840639 0.068217 0.0
vt 0.839722 0.076025 0.0
vt 0.839724 0.067877 0.0
vt 0.840639 0.076449 0.0
vt 0.117634 0.001511 0.0
vt 0.115658 0.024351 0.0
vt 0.115658 0.001499 0.0
vt 0.117634 0.024362 0.0
vt 0.114708 0.001561 0.0
vt 0.114708 0.024346 0.0
vt 0.483751 0.186572 0.0
vt 0.486961 0.174597 0.0
vt 0.486764 0.187337 0.0
vt 0.483751 0.173443 0.0
vt 0.542423 0.376114 0.0
vt 0.545296 0.363640 0.0
vt 0.545229 0.377070 0.0
vt 0.542423 0.362652 0.0
vt 0.666021 0.386681 0.0
vt 0.662695 0.382131 0.0
vt 0.665873 0.382027 0.0
vt 0.662695 0.390778 0.0
vt 0.957912 0.119692 0.0
vt 0.956974 0.089798 0.0
vt 0.957912 0.090147 0.0
vt 0.956974 0.120190 0.0
vt 0.878111 0.331495 0.0
vt 0.881394 0.326309 0.0
vt 0.881394 0.335354 0.0
vt 0.878230 0.326233 0.0
vt 0.022143 0.381352 0.0
vt 0.019296 0.393763 0.0
vt 0.019296 0.380492 0.0
vt 0.022033 0.394758 0.0
vt 0.232370 0.362048 0.0
vt 0.235360 0.349505 0.0
vt 0.235345 0.362911 0.0
vt 0.232370 0.348619 0.0
vt 0.772057 0.321517 0.0
vt 0.775324 0.316306 0.0
vt 0.775324 0.325343 0.0
vt 0.772141 0.316254 0.0
vt 0.012471 0.106094 0.0
vt 0.001496 0.071231 0.0
vt 0.012485 0.071216 0.0
vt 0.001495 0.106111 0.0
vt 0.012347 0.107044 0.0
vt 0.001496 0.107060 0.0
vt 0.343086 0.648118 0.0
vt 0.344618 0.662826 0.0
vt 0.335945 0.638543 0.0
vt 0.336656 0.637907 0.0
vt 0.343914 0.647640 0.0
vt 0.335945 0.638543 0.0
vt 0.326271 0.630753 0.0
vt 0.336607 0.637857 0.0
vt 0.326745 0.629916 0.0
vt 0.346788 0.659578 0.0
vt 0.349026 0.672501 0.0
vt 0.349962 0.672396 0.0
vt 0.347698 0.659324 0.0
vt 0.343086 0.648118 0.0
vt 0.347691 0.659285 0.0
vt 0.343956 0.647721 0.0
vt 0.659761 0.404590 0.0
vt 0.656615 0.400007 0.0
vt 0.659654 0.399934 0.0
vt 0.656615 0.408670 0.0
vt 0.349026 0.672501 0.0
vt 0.344654 0.807357 0.0
vt 0.349995 0.807332 0.0
vt 0.349966 0.672443 0.0
vt 0.349055 0.807276 0.0
vt 0.340642 0.831185 0.0
vt 0.346895 0.820050 0.0
vt 0.347771 0.820410 0.0
vt 0.341398 0.831760 0.0
vt 0.305460 0.844653 0.0
vt 0.318391 0.843254 0.0
vt 0.305526 0.845601 0.0
vt 0.318565 0.844191 0.0
vt 0.346895 0.820050 0.0
vt 0.349055 0.807276 0.0
vt 0.349991 0.807378 0.0
vt 0.347803 0.820321 0.0
vt 0.318391 0.843254 0.0
vt 0.340642 0.831185 0.0
vt 0.330626 0.839151 0.0
vt 0.341329 0.831840 0.0
vt 0.331104 0.839972 0.0
vt 0.318624 0.844178 0.0
vt 0.331021 0.840020 0.0
vt 0.614311 0.386678 0.0
vt 0.610963 0.382131 0.0
vt 0.614155 0.382024 0.0
vt 0.610963 0.390780 0.0
vt 0.760109 0.337565 0.0
vt 0.757105 0.350075 0.0
vt 0.757124 0.336669 0.0
vt 0.760109 0.350994 0.0
vt 0.520829 0.261770 0.0
vt 0.524129 0.256586 0.0
vt 0.524129 0.265631 0.0
vt 0.520952 0.256508 0.0
vt 0.305460 0.844653 0.0
vt 0.185272 0.807353 0.0
vt 0.344654 0.807357 0.0
vt 0.185272 0.844639 0.0
vt 0.185550 0.845589 0.0
vt 0.305496 0.845603 0.0
vt 0.256411 0.662828 0.0
vt 0.313735 0.627942 0.0
vt 0.256411 0.662828 0.0
vt 0.256411 0.627948 0.0
vt 0.313810 0.626992 0.0
vt 0.256411 0.626998 0.0
vt 0.326271 0.630753 0.0
vt 0.313871 0.626999 0.0
vt 0.326631 0.629860 0.0
vt 0.854541 0.342164 0.0
vt 0.857557 0.329686 0.0
vt 0.857534 0.343092 0.0
vt 0.854541 0.328733 0.0
vt 0.463132 0.355512 0.0
vt 0.460081 0.367514 0.0
vt 0.460081 0.354601 0.0
vt 0.463127 0.368754 0.0
vt 0.342449 0.342187 0.0
vt 0.345473 0.329740 0.0
vt 0.345450 0.343147 0.0
vt 0.342449 0.328756 0.0
vt 0.757209 0.208601 0.0
vt 0.759191 0.200699 0.0
vt 0.759191 0.208606 0.0
vt 0.757214 0.200693 0.0
vt 0.760141 0.200766 0.0
vt 0.760141 0.208608 0.0
vt 0.743481 0.330255 0.0
vt 0.746511 0.317837 0.0
vt 0.746488 0.331244 0.0
vt 0.743481 0.316823 0.0
vt 0.365925 0.264461 0.0
vt 0.363949 0.271994 0.0
vt 0.363949 0.264455 0.0
vt 0.365925 0.272000 0.0
vt 0.362999 0.264452 0.0
vt 0.362999 0.271991 0.0
vt 0.515668 0.361574 0.0
vt 0.512640 0.373943 0.0
vt 0.512640 0.360606 0.0
vt 0.515489 0.375004 0.0
vt 0.896466 0.244714 0.0
vt 0.940157 0.389062 0.0
vt 0.896466 0.389245 0.0
vt 0.940157 0.244531 0.0
vt 0.448511 0.004849 0.0
vt 0.446385 0.014983 0.0
vt 0.447872 0.001944 0.0
vt 0.447420 0.015185 0.0
vt 0.447266 0.016324 0.0
vt 0.463699 0.015272 0.0
vt 0.462409 0.004565 0.0
vt 0.446148 0.016121 0.0
vt 0.464746 0.015064 0.0
vt 0.463036 0.001540 0.0
vt 0.463849 0.016392 0.0
vt 0.464968 0.016204 0.0
vt 0.447228 0.017293 0.0
vt 0.446050 0.017226 0.0
vt 0.446035 0.018354 0.0
vt 0.463871 0.017361 0.0
vt 0.465053 0.017310 0.0
vt 0.465053 0.018444 0.0
vt 0.447143 0.018363 0.0
vt 0.463938 0.018435 0.0
vt 0.447210 0.019432 0.0
vt 0.446036 0.019482 0.0
vt 0.446121 0.020579 0.0
vt 0.463851 0.019509 0.0
vt 0.465039 0.019578 0.0
vt 0.464939 0.020694 0.0
vt 0.447228 0.020398 0.0
vt 0.446337 0.021697 0.0
vt 0.463809 0.020482 0.0
vt 0.464694 0.021854 0.0
vt 0.447363 0.021509 0.0
vt 0.448299 0.031810 0.0
vt 0.447636 0.034695 0.0
vt 0.463637 0.021629 0.0
vt 0.462183 0.032350 0.0
vt 0.462747 0.035400 0.0
vt 0.459576 0.591332 0.0
vt 0.462305 0.578730 0.0
vt 0.461421 0.591831 0.0
vt 0.463254 0.578771 0.0
vt 0.462363 0.591986 0.0
vt 0.460342 0.578761 0.0
vt 0.462305 0.519998 0.0
vt 0.463254 0.578752 0.0
vt 0.455602 0.602766 0.0
vt 0.461421 0.591831 0.0
vt 0.457255 0.603723 0.0
vt 0.462347 0.592060 0.0
vt 0.458109 0.604157 0.0
vt 0.449410 0.612905 0.0
vt 0.448141 0.611446 0.0
vt 0.457255 0.603723 0.0
vt 0.450065 0.613600 0.0
vt 0.458057 0.604246 0.0
vt 0.438162 0.617777 0.0
vt 0.449410 0.612905 0.0
vt 0.438801 0.619610 0.0
vt 0.450001 0.613655 0.0
vt 0.439200 0.620482 0.0
vt 0.426229 0.620075 0.0
vt 0.438801 0.619610 0.0
vt 0.425188 0.622275 0.0
vt 0.425305 0.623220 0.0
vt 0.439105 0.620519 0.0
vt 0.282894 0.620276 0.0
vt 0.425189 0.622275 0.0
vt 0.282702 0.622239 0.0
vt 0.425251 0.623225 0.0
vt 0.282634 0.623188 0.0
vt 0.268277 0.619408 0.0
vt 0.282702 0.622239 0.0
vt 0.282581 0.623183 0.0
vt 0.267960 0.620314 0.0
vt 0.266416 0.615855 0.0
vt 0.256372 0.611451 0.0
vt 0.268277 0.619408 0.0
vt 0.267860 0.620272 0.0
vt 0.255731 0.612166 0.0
vt 0.256843 0.608698 0.0
vt 0.248417 0.599545 0.0
vt 0.256372 0.611451 0.0
vt 0.255655 0.612089 0.0
vt 0.247552 0.599959 0.0
vt 0.250228 0.598800 0.0
vt 0.245590 0.585119 0.0
vt 0.248417 0.599545 0.0
vt 0.247553 0.584929 0.0
vt 0.244646 0.585237 0.0
vt 0.247511 0.599859 0.0
vt 0.245605 0.452602 0.0
vt 0.247581 0.452601 0.0
vt 0.245590 0.585119 0.0
vt 0.244641 0.585184 0.0
vt 0.244655 0.452602 0.0
vt 0.287086 0.016280 0.0
vt 0.286298 0.017618 0.0
vt 0.286078 0.016489 0.0
vt 0.284090 0.001598 0.0
vt 0.287383 0.017429 0.0
vt 0.283392 0.001559 0.0
vt 0.284090 0.001598 0.0
vt 0.286368 0.018624 0.0
vt 0.287522 0.018554 0.0
vt 0.287529 0.019733 0.0
vt 0.257009 0.017163 0.0
vt 0.257548 0.001498 0.0
vt 0.256965 0.018350 0.0
vt 0.256916 0.019366 0.0
vt 0.286417 0.019720 0.0
vt 0.287474 0.020877 0.0
vt 0.255876 0.019390 0.0
vt 0.255870 0.018259 0.0
vt 0.255975 0.017013 0.0
vt 0.256853 0.001607 0.0
vt 0.257548 0.001498 0.0
vt 0.256876 0.020444 0.0
vt 0.255903 0.020469 0.0
vt 0.286399 0.020809 0.0
vt 0.287341 0.021952 0.0
vt 0.256917 0.021521 0.0
vt 0.255870 0.021545 0.0
vt 0.286314 0.021803 0.0
vt 0.287100 0.023088 0.0
vt 0.256977 0.022533 0.0
vt 0.255870 0.022677 0.0
vt 0.256022 0.023921 0.0
vt 0.286132 0.022925 0.0
vt 0.284963 0.037750 0.0
vt 0.284290 0.037812 0.0
vt 0.257072 0.023710 0.0
vt 0.257726 0.039175 0.0
vt 0.284290 0.037812 0.0
vt 0.258439 0.039232 0.0
vt 0.257726 0.039175 0.0

f 1/1/1 2/2/2 3/3/3
f 1/1/1 4/4/4 2/2/2
f 5/5/5 6/6/6 7/7/7
f 5/5/5 8/8/8 6/6/6
f 9/9/9 10/10/10 11/11/11
f 9/9/9 12/12/12 10/10/10
f 13/13/13 14/14/14 15/15/15
f 13/13/13 16/16/16 14/14/14
f 17/17/17 18/18/18 19/19/19
f 17/17/17 20/20/20 18/18/18
f 21/21/21 22/22/22 23/23/23
f 21/21/21 24/24/24 22/22/22
f 25/25/25 26/26/26 27/27/27
f 28/28/28 29/29/29 30/30/30
f 31/31/31 32/32/32 33/33/33
f 31/31/31 34/34/34 32/32/32
f 35/35/35 36/36/36 37/37/37
f 38/38/38 37/37/37 36/36/36
f 38/38/38 39/39/39 37/37/37
f 35/35/35 40/40/40 36/36/36
f 41/41/41 40/40/40 35/35/35
f 41/41/41 35/35/35 42/42/42
f 43/43/43 44/44/44 45/45/45
f 43/43/43 46/46/46 44/44/44
f 47/47/47 45/45/45 44/44/44
f 47/47/47 44/44/44 48/48/48
f 49/49/49 47/47/47 48/48/48
f 49/49/49 48/48/48 50/50/50
f 51/51/51 52/52/52 53/53/53
f 54/54/54 53/53/53 52/52/52
f 54/54/54 52/52/52 55/55/55
f 51/51/51 56/56/56 52/52/52
f 57/57/57 56/56/56 51/51/51
f 57/57/57 58/58/58 56/56/56
f 59/59/59 60/60/60 61/61/61
f 59/59/59 62/62/62 60/60/60
f 63/63/63 59/59/59 61/61/61
f 63/63/63 61/61/61 64/64/64
f 65/65/65 63/63/63 64/64/64
f 65/65/65 64/64/64 66/66/66
f 67/67/67 68/68/68 69/69/69
f 70/70/70 67/67/67 69/69/69
f 70/70/70 71/71/71 67/67/67
f 67/67/67 72/72/72 68/68/68
f 73/73/73 68/68/68 72/72/72
f 71/71/71 74/74/74 67/67/67
f 71/71/71 75/75/75 74/74/74
f 67/67/67 76/76/76 72/72/72
f 67/67/67 74/74/74 76/76/76
f 73/73/73 72/72/72 77/77/77
f 77/77/77 78/78/78 73/73/73
f 72/72/72 76/76/76 79/79/79
f 72/72/72 79/79/79 77/77/77
f 75/75/75 80/80/80 74/74/74
f 75/75/75 81/81/81 80/80/80
f 74/74/74 82/82/82 76/76/76
f 74/74/74 80/80/80 82/82/82
f 76/76/76 83/83/83 79/79/79
f 76/76/76 82/82/82 83/83/83
f 77/77/77 79/79/79 84/84/84
f 84/84/84 79/79/79 83/83/83
f 77/77/77 85/85/85 78/78/78
f 77/77/77 84/84/84 85/85/85
f 85/85/85 86/86/86 78/78/78
f 85/85/85 87/87/87 86/86/86
f 87/87/87 88/88/88 86/86/86
f 85/85/85 84/84/84 89/89/89
f 85/85/85 89/89/89 87/87/87
f 84/84/84 83/83/83 90/90/90
f 89/89/89 84/84/84 90/90/90
f 83/83/83 91/91/91 90/90/90
f 87/87/87 89/89/89 92/92/92
f 87/87/87 93/93/93 88/88/88
f 87/87/87 92/92/92 93/93/93
f 88/88/88 93/93/93 94/94/94
f 95/95/95 88/88/88 94/94/94
f 93/93/93 92/92/92 96/96/96
f 96/96/96 94/94/94 93/93/93
f 92/92/92 89/89/89 97/97/97
f 92/92/92 97/97/97 96/96/96
f 89/89/89 90/90/90 97/97/97
f 94/94/94 98/98/98 95/95/95
f 99/99/99 95/95/95 98/98/98
f 98/98/98 100/100/100 99/99/99
f 98/98/98 101/101/101 100/100/100
f 98/98/98 102/102/102 101/101/101
f 90/90/90 103/103/103 97/97/97
f 98/98/98 94/94/94 104/104/104
f 98/98/98 104/104/104 105/105/105
f 96/96/96 106/106/106 94/94/94
f 97/97/97 106/106/106 96/96/96
f 106/106/106 104/104/104 94/94/94
f 97/97/97 103/103/103 106/106/106
f 106/106/106 103/103/103 104/104/104
f 105/105/105 104/104/104 107/107/107
f 103/103/103 107/107/107 104/104/104
f 105/105/105 107/107/107 108/108/108
f 90/90/90 91/91/91 103/103/103
f 103/103/103 91/91/91 107/107/107
f 109/109/109 108/108/108 107/107/107
f 109/109/109 107/107/107 110/110/110
f 91/91/91 110/110/110 107/107/107
f 111/111/111 109/109/109 110/110/110
f 91/91/91 112/112/112 110/110/110
f 83/83/83 112/112/112 91/91/91
f 82/82/82 112/112/112 83/83/83
f 113/113/113 110/110/110 112/112/112
f 111/111/111 110/110/110 113/113/113
f 82/82/82 114/114/114 112/112/112
f 113/113/113 112/112/112 114/114/114
f 80/80/80 114/114/114 82/82/82
f 111/111/111 113/113/113 115/115/115
f 115/115/115 113/113/113 114/114/114
f 111/111/111 115/115/115 116/116/116
f 80/80/80 117/117/117 114/114/114
f 115/115/115 114/114/114 117/117/117
f 81/81/81 117/117/117 80/80/80
f 81/81/81 118/118/118 117/117/117
f 118/118/118 115/115/115 117/117/117
f 118/118/118 119/119/119 115/115/115
f 116/116/116 115/115/115 119/119/119
f 116/116/116 119/119/119 120/120/120
f 121/121/121 122/122/122 123/123/123
f 124/124/124 123/123/123 122/122/122
f 124/124/124 125/125/125 123/123/123
f 121/121/121 126/126/126 122/122/122
f 127/127/127 126/126/126 121/121/121
f 127/127/127 128/128/128 126/126/126
f 129/129/129 130/130/130 131/131/131
f 129/129/129 132/132/132 130/130/130
f 133/133/133 134/134/134 135/135/135
f 133/133/133 136/136/136 134/134/134
f 137/137/137 133/133/133 135/135/135
f 137/137/137 135/135/135 138/138/138
f 139/139/139 137/137/137 138/138/138
f 139/139/139 138/138/138 140/140/140
f 141/141/141 142/142/142 143/143/143
f 141/141/141 144/144/144 142/142/142
f 145/145/145 141/141/141 143/143/143
f 145/145/145 143/143/143 146/146/146
f 147/147/147 145/145/145 146/146/146
f 147/147/147 146/146/146 148/148/148
f 149/149/149 150/150/150 151/151/151
f 152/152/152 149/149/149 151/151/151
f 153/153/153 152/152/152 151/151/151
f 154/154/154 153/153/153 151/151/151
f 155/155/155 156/156/156 157/157/157
f 155/155/155 158/158/158 156/156/156
f 159/159/159 155/155/155 157/157/157
f 159/159/159 157/157/157 160/160/160
f 160/160/160 161/161/161 162/162/162
f 160/160/160 163/163/163 161/161/161
f 163/163/163 156/156/156 164/164/164
f 163/163/163 164/164/164 161/161/161
f 159/159/159 165/165/165 166/166/166
f 159/159/159 166/166/166 167/167/167
f 168/168/168 167/167/167 166/166/166
f 168/168/168 169/169/169 167/167/167
f 170/170/170 168/168/168 171/171/171
f 170/170/170 171/171/171 172/172/172
f 173/173/173 174/174/174 164/164/164
f 173/173/173 164/164/164 175/175/175
f 176/176/176 174/174/174 173/173/173
f 176/176/176 177/177/177 174/174/174
f 178/178/178 175/175/175 179/179/179
f 178/178/178 180/180/180 175/175/175
f 178/178/178 181/181/181 182/182/182
f 178/178/178 182/182/182 183/183/183
f 176/176/176 184/184/184 185/185/185
f 176/176/176 186/186/186 184/184/184
f 186/186/186 187/187/187 184/184/184
f 186/186/186 188/188/188 187/187/187
f 189/189/189 187/187/187 188/188/188
f 189/189/189 188/188/188 190/190/190
f 191/191/191 192/192/192 184/184/184
f 191/191/191 184/184/184 193/193/193
f 184/184/184 194/194/194 193/193/193
f 184/184/184 195/195/195 194/194/194
f 196/196/196 194/194/194 195/195/195
f 196/196/196 195/195/195 197/197/197
f 198/198/198 199/199/199 200/200/200
f 198/198/198 201/201/201 199/199/199
f 202/202/202 201/201/201 198/198/198
f 202/202/202 203/203/203 201/201/201
f 204/204/204 200/200/200 199/199/199
f 204/204/204 205/205/205 200/200/200
f 206/206/206 207/207/207 200/200/200
f 206/206/206 208/208/208 207/207/207
f 209/209/209 200/200/200 207/207/207
f 209/209/209 210/210/210 200/200/200
f 211/211/211 210/210/210 209/209/209
f 211/211/211 212/212/212 210/210/210
f 213/213/213 214/214/214 215/215/215
f 213/213/213 216/216/216 214/214/214
f 213/213/213 217/217/217 216/216/216
f 213/213/213 218/218/218 217/217/217
f 219/219/219 217/217/217 218/218/218
f 219/219/219 218/218/218 220/220/220
f 221/221/221 222/222/222 223/223/223
f 221/221/221 224/224/224 222/222/222
f 225/225/225 226/226/226 227/227/227
f 225/225/225 228/228/228 226/226/226
f 229/229/229 230/230/230 231/231/231
f 229/229/229 232/232/232 230/230/230
f 233/233/233 234/234/234 235/235/235
f 233/233/233 235/235/235 236/236/236
f 235/235/235 237/237/237 236/236/236
f 235/235/235 238/238/238 237/237/237
f 238/238/238 239/239/239 237/237/237
f 238/238/238 240/240/240 239/239/239
f 240/240/240 241/241/241 239/239/239
f 240/240/240 242/242/242 241/241/241
f 243/243/243 241/241/241 242/242/242
f 244/244/244 243/243/243 242/242/242
f 242/242/242 245/245/245 244/244/244
f 245/245/245 246/246/246 244/244/244
f 246/246/246 245/245/245 247/247/247
f 246/246/246 247/247/247 248/248/248
f 248/248/248 247/247/247 249/249/249
f 248/248/248 249/249/249 250/250/250
f 251/251/251 250/250/250 249/249/249
f 251/251/251 249/249/249 252/252/252
f 253/253/253 251/251/251 252/252/252
f 252/252/252 254/254/254 253/253/253
f 255/255/255 253/253/253 254/254/254
f 254/254/254 256/256/256 255/255/255
f 256/256/256 254/254/254 257/257/257
f 256/256/256 257/257/257 258/258/258
f 258/258/258 257/257/257 259/259/259
f 258/258/258 259/259/259 260/260/260
f 259/259/259 261/261/261 260/260/260
f 262/262/262 263/263/263 264/264/264
f 262/262/262 265/265/265 263/263/263
f 266/266/266 267/267/267 268/268/268
f 266/266/266 269/269/269 267/267/267
f 270/270/270 271/271/271 272/272/272
f 272/272/272 271/271/271 273/273/273
f 274/274/274 273/273/273 271/271/271
f 272/272/272 273/273/273 275/275/275
f 274/274/274 271/271/271 276/276/276
f 276/276/276 277/277/277 274/274/274
f 276/276/276 278/278/278 277/277/277
f 279/279/279 276/276/276 271/271/271
f 270/270/270 279/279/279 271/271/271
f 280/280/280 278/278/278 276/276/276
f 279/279/279 280/280/280 276/276/276
f 280/280/280 281/281/281 278/278/278
f 282/282/282 281/281/281 280/280/280
f 283/283/283 280/280/280 279/279/279
f 282/282/282 280/280/280 283/283/283
f 284/284/284 279/279/279 270/270/270
f 283/283/283 279/279/279 284/284/284
f 284/284/284 270/270/270 285/285/285
f 285/285/285 270/270/270 272/272/272
f 286/286/286 283/283/283 284/284/284
f 287/287/287 282/282/282 283/283/283
f 286/286/286 287/287/287 283/283/283
f 287/287/287 288/288/288 282/282/282
f 289/289/289 288/288/288 287/287/287
f 289/289/289 287/287/287 290/290/290
f 290/290/290 287/287/287 286/286/286
f 289/289/289 290/290/290 291/291/291
f 292/292/292 291/291/291 290/290/290
f 290/290/290 286/286/286 292/292/292
f 292/292/292 293/293/293 291/291/291
f 294/294/294 286/286/286 284/284/284
f 292/292/292 286/286/286 294/294/294
f 294/294/294 284/284/284 285/285/285
f 295/295/295 293/293/293 292/292/292
f 292/292/292 294/294/294 295/295/295
f 295/295/295 294/294/294 285/285/285
f 295/295/295 285/285/285 272/272/272
f 295/295/295 296/296/296 293/293/293
f 272/272/272 275/275/275 295/295/295
f 296/296/296 295/295/295 297/297/297
f 297/297/297 295/295/295 275/275/275
f 298/298/298 299/299/299 300/300/300
f 298/298/298 301/301/301 299/299/299
f 302/302/302 303/303/303 304/304/304
f 302/302/302 304/304/304 305/305/305
f 306/306/306 307/307/307 303/303/303
f 302/302/302 306/306/306 303/303/303
f 306/306/306 308/308/308 307/307/307
f 309/309/309 307/307/307 308/308/308
f 310/310/310 306/306/306 302/302/302
f 309/309/309 308/308/308 311/311/311
f 311/311/311 312/312/312 309/309/309
f 313/313/313 308/308/308 306/306/306
f 310/310/310 313/313/313 306/306/306
f 311/311/311 308/308/308 314/314/314
f 313/313/313 314/314/314 308/308/308
f 315/315/315 313/313/313 310/310/310
f 315/315/315 310/310/310 302/302/302
f 316/316/316 314/314/314 313/313/313
f 315/315/315 316/316/316 313/313/313
f 311/311/311 317/317/317 312/312/312
f 317/317/317 318/318/318 312/312/312
f 317/317/317 319/319/319 318/318/318
f 320/320/320 317/317/317 311/311/311
f 311/311/311 314/314/314 320/320/320
f 321/321/321 319/319/319 317/317/317
f 320/320/320 321/321/321 317/317/317
f 321/321/321 322/322/322 319/319/319
f 320/320/320 314/314/314 323/323/323
f 316/316/316 323/323/323 314/314/314
f 324/324/324 321/321/321 320/320/320
f 320/320/320 323/323/323 324/324/324
f 325/325/325 322/322/322 321/321/321
f 324/324/324 325/325/325 321/321/321
f 325/325/325 326/326/326 322/322/322
f 327/327/327 326/326/326 325/325/325
f 328/328/328 325/325/325 324/324/324
f 327/327/327 325/325/325 328/328/328
f 323/323/323 329/329/329 324/324/324
f 328/328/328 324/324/324 329/329/329
f 330/330/330 327/327/327 328/328/328
f 330/330/330 331/331/331 327/327/327
f 332/332/332 331/331/331 330/330/330
f 333/333/333 330/330/330 328/328/328
f 333/333/333 328/328/328 329/329/329
f 332/332/332 330/330/330 334/334/334
f 334/334/334 330/330/330 333/333/333
f 335/335/335 332/332/332 334/334/334
f 335/335/335 334/334/334 336/336/336
f 337/337/337 335/335/335 336/336/336
f 334/334/334 333/333/333 338/338/338
f 336/336/336 334/334/334 338/338/338
f 329/329/329 339/339/339 333/333/333
f 339/339/339 338/338/338 333/333/333
f 329/329/329 340/340/340 339/339/339
f 323/323/323 340/340/340 329/329/329
f 339/339/339 341/341/341 338/338/338
f 342/342/342 340/340/340 323/323/323
f 343/343/343 339/339/339 340/340/340
f 343/343/343 340/340/340 342/342/342
f 342/342/342 323/323/323 316/316/316
f 341/341/341 339/339/339 343/343/343
f 342/342/342 316/316/316 315/315/315
f 342/342/342 315/315/315 344/344/344
f 343/343/343 342/342/342 344/344/344
f 345/345/345 344/344/344 315/315/315
f 343/343/343 344/344/344 345/345/345
f 345/345/345 315/315/315 302/302/302
f 305/305/305 345/345/345 302/302/302
f 346/346/346 343/343/343 345/345/345
f 346/346/346 345/345/345 305/305/305
f 341/341/341 343/343/343 346/346/346
f 347/347/347 346/346/346 305/305/305
f 347/347/347 341/341/341 346/346/346
f 347/347/347 348/348/348 341/341/341
f 349/349/349 348/348/348 347/347/347
f 349/349/349 350/350/350 348/348/348
f 341/341/341 348/348/348 351/351/351
f 351/351/351 348/348/348 350/350/350
f 341/341/341 351/351/351 338/338/338
f 336/336/336 338/338/338 351/351/351
f 351/351/351 350/350/350 352/352/352
f 350/350/350 353/353/353 352/352/352
f 354/354/354 336/336/336 351/351/351
f 354/354/354 351/351/351 352/352/352
f 337/337/337 336/336/336 354/354/354
f 355/355/355 337/337/337 354/354/354
f 356/356/356 354/354/354 352/352/352
f 355/355/355 354/354/354 356/356/356
f 356/356/356 352/352/352 353/353/353
f 357/357/357 355/355/355 356/356/356
f 357/357/357 356/356/356 353/353/353
f 358/358/358 359/359/359 360/360/360
f 358/358/358 361/361/361 359/359/359
f 362/362/362 363/363/363 364/364/364
f 365/365/365 364/364/364 363/363/363
f 365/365/365 363/363/363 366/366/366
f 362/362/362 367/367/367 363/363/363
f 368/368/368 367/367/367 362/362/362
f 368/368/368 369/369/369 367/367/367
f 370/370/370 371/371/371 372/372/372
f 370/370/370 373/373/373 371/371/371
f 374/374/374 375/375/375 376/376/376
f 377/377/377 378/378/378 379/379/379
f 380/380/380 381/381/381 382/382/382
f 380/380/380 383/383/383 381/381/381
f 288/288/288 384/384/384 385/385/385
f 384/384/384 386/386/386 387/387/387
f 384/384/384 388/388/388 386/386/386
f 384/384/384 387/387/387 389/389/389
f 389/389/389 387/387/387 390/390/390
f 389/389/389 390/390/390 391/391/391
f 385/385/385 384/384/384 389/389/389
f 389/389/389 391/391/391 392/392/392
f 384/384/384 289/289/289 388/388/388
f 288/288/288 289/289/289 384/384/384
f 289/289/289 291/291/291 388/388/388
f 389/389/389 392/392/392 393/393/393
f 385/385/385 389/389/389 393/393/393
f 393/393/393 392/392/392 394/394/394
f 393/393/393 394/394/394 395/395/395
f 385/385/385 393/393/393 395/395/395
f 395/395/395 394/394/394 396/396/396
f 385/385/385 395/395/395 397/397/397
f 288/288/288 385/385/385 397/397/397
f 395/395/395 396/396/396 398/398/398
f 397/397/397 395/395/395 398/398/398
f 398/398/398 396/396/396 399/399/399
f 288/288/288 397/397/397 282/282/282
f 397/397/397 398/398/398 400/400/400
f 282/282/282 397/397/397 400/400/400
f 398/398/398 399/399/399 401/401/401
f 400/400/400 398/398/398 401/401/401
f 402/402/402 403/403/403 404/404/404
f 402/402/402 405/405/405 403/403/403
f 406/406/406 407/407/407 408/408/408
f 408/408/408 409/409/409 406/406/406
f 409/409/409 410/410/410 406/406/406
f 411/411/411 412/412/412 413/413/413
f 414/414/414 411/411/411 413/413/413
f 414/414/414 415/415/415 411/411/411
f 411/411/411 416/416/416 412/412/412
f 417/417/417 412/412/412 416/416/416
f 417/417/417 418/418/418 412/412/412
f 419/419/419 420/420/420 421/421/421
f 419/419/419 422/422/422 420/420/420
f 423/423/423 424/424/424 425/425/425
f 423/423/423 426/426/426 424/424/424
f 427/427/427 428/428/428 429/429/429
f 427/427/427 430/430/430 428/428/428
f 431/431/431 432/432/432 433/433/433
f 431/431/431 434/434/434 432/432/432
f 435/435/435 436/436/436 437/437/437
f 435/435/435 438/438/438 436/436/436
f 439/439/439 440/440/440 441/441/441
f 439/439/439 442/442/442 440/440/440
f 443/443/443 444/444/444 445/445/445
f 446/446/446 443/443/443 445/445/445
f 443/443/443 447/447/447 444/444/444
f 448/448/448 447/447/447 443/443/443
f 446/446/446 448/448/448 443/443/443
f 448/448/448 449/449/449 447/447/447
f 450/450/450 449/449/449 448/448/448
f 446/446/446 451/451/451 448/448/448
f 450/450/450 448/448/448 451/451/451
f 446/446/446 452/452/452 451/451/451
f 453/453/453 452/452/452 446/446/446
f 454/454/454 450/450/450 451/451/451
f 452/452/452 454/454/454 451/451/451
f 453/453/453 454/454/454 452/452/452
f 454/454/454 455/455/455 450/450/450
f 456/456/456 455/455/455 454/454/454
f 456/456/456 454/454/454 457/457/457
f 453/453/453 457/457/457 454/454/454
f 458/458/458 456/456/456 457/457/457
f 459/459/459 457/457/457 453/453/453
f 458/458/458 457/457/457 459/459/459
f 459/459/459 453/453/453 460/460/460
f 461/461/461 458/458/458 459/459/459
f 462/462/462 459/459/459 460/460/460
f 461/461/461 459/459/459 462/462/462
f 463/463/463 461/461/461 462/462/462
f 463/463/463 462/462/462 464/464/464
f 465/465/465 464/464/464 462/462/462
f 466/466/466 463/463/463 464/464/464
f 465/465/465 467/467/467 464/464/464
f 466/466/466 464/464/464 468/468/468
f 467/467/467 468/468/468 464/464/464
f 467/467/467 469/469/469 468/468/468
f 470/470/470 466/466/466 468/468/468
f 468/468/468 469/469/469 471/471/471
f 472/472/472 468/468/468 471/471/471
f 470/470/470 468/468/468 472/472/472
f 471/471/471 473/473/473 472/472/472
f 473/473/473 474/474/474 472/472/472
f 475/475/475 474/474/474 473/473/473
f 474/474/474 476/476/476 472/472/472
f 475/475/475 477/477/477 474/474/474
f 478/478/478 477/477/477 475/475/475
f 478/478/478 479/479/479 477/477/477
f 480/480/480 479/479/479 478/478/478
f 480/480/480 481/481/481 479/479/479
f 482/482/482 472/472/472 476/476/476
f 483/483/483 470/470/470 472/472/472
f 482/482/482 483/483/483 472/472/472
f 483/483/483 484/484/484 470/470/470
f 482/482/482 485/485/485 483/483/483
f 485/485/485 484/484/484 483/483/483
f 482/482/482 486/486/486 485/485/485
f 485/485/485 487/487/487 484/484/484
f 488/488/488 489/489/489 490/490/490
f 490/490/490 491/491/491 488/488/488
f 490/490/490 492/492/492 491/491/491
f 493/493/493 492/492/492 490/490/490
f 491/491/491 494/494/494 488/488/488
f 491/491/491 495/495/495 494/494/494
f 494/494/494 495/495/495 496/496/496
f 494/494/494 496/496/496 497/497/497
f 494/494/494 498/498/498 488/488/488
f 488/488/488 498/498/498 489/489/489
f 499/499/499 494/494/494 497/497/497
f 494/494/494 499/499/499 498/498/498
f 499/499/499 497/497/497 500/500/500
f 501/501/501 489/489/489 498/498/498
f 499/499/499 501/501/501 498/498/498
f 499/499/499 502/502/502 501/501/501
f 500/500/500 502/502/502 499/499/499
f 500/500/500 503/503/503 502/502/502
f 501/501/501 504/504/504 489/489/489
f 504/504/504 505/505/505 489/489/489
f 490/490/490 489/489/489 505/505/505
f 504/504/504 506/506/506 505/505/505
f 490/490/490 505/505/505 507/507/507
f 493/493/493 490/490/490 507/507/507
f 506/506/506 508/508/508 505/505/505
f 507/507/507 505/505/505 508/508/508
f 506/506/506 509/509/509 508/508/508
f 510/510/510 493/493/493 507/507/507
f 507/507/507 508/508/508 510/510/510
f 510/510/510 511/511/511 493/493/493
f 509/509/509 512/512/512 508/508/508
f 512/512/512 510/510/510 508/508/508
f 509/509/509 513/513/513 512/512/512
f 514/514/514 511/511/511 510/510/510
f 512/512/512 514/514/514 510/510/510
f 514/514/514 515/515/515 511/511/511
f 516/516/516 515/515/515 514/514/514
f 513/513/513 517/517/517 512/512/512
f 517/517/517 514/514/514 512/512/512
f 513/513/513 518/518/518 517/517/517
f 516/516/516 514/514/514 519/519/519
f 517/517/517 519/519/519 514/514/514
f 520/520/520 516/516/516 519/519/519
f 517/517/517 518/518/518 521/521/521
f 520/520/520 519/519/519 522/522/522
f 522/522/522 519/519/519 517/517/517
f 523/523/523 520/520/520 522/522/522
f 517/517/517 521/521/521 524/524/524
f 522/522/522 517/517/517 524/524/524
f 524/524/524 521/521/521 525/525/525
f 524/524/524 525/525/525 526/526/526
f 527/527/527 522/522/522 524/524/524
f 523/523/523 522/522/522 527/527/527
f 527/527/527 524/524/524 526/526/526
f 528/528/528 523/523/523 527/527/527
f 528/528/528 527/527/527 526/526/526
f 529/529/529 530/530/530 531/531/531
f 531/531/531 532/532/532 529/529/529
f 529/529/529 532/532/532 533/533/533
f 531/531/531 534/534/534 532/532/532
f 531/531/531 535/535/535 534/534/534
f 529/529/529 533/533/533 536/536/536
f 536/536/536 533/533/533 537/537/537
f 529/529/529 538/538/538 530/530/530
f 536/536/536 538/538/538 529/529/529
f 531/531/531 530/530/530 539/539/539
f 536/536/536 537/537/537 540/540/540
f 531/531/531 541/541/541 535/535/535
f 531/531/531 539/539/539 541/541/541
f 535/535/535 541/541/541 542/542/542
f 535/535/535 542/542/542 543/543/543
f 541/541/541 544/544/544 542/542/542
f 541/541/541 539/539/539 544/544/544
f 545/545/545 544/544/544 539/539/539
f 546/546/546 545/545/545 539/539/539
f 539/539/539 547/547/547 546/546/546
f 530/530/530 547/547/547 539/539/539
f 547/547/547 548/548/548 546/546/546
f 530/530/530 549/549/549 547/547/547
f 538/538/538 549/549/549 530/530/530
f 550/550/550 548/548/548 547/547/547
f 550/550/550 551/551/551 548/548/548
f 551/551/551 550/550/550 552/552/552
f 551/551/551 552/552/552 553/553/553
f 554/554/554 550/550/550 547/547/547
f 552/552/552 550/550/550 554/554/554
f 554/554/554 547/547/547 549/549/549
f 552/552/552 554/554/554 555/555/555
f 556/556/556 555/555/555 554/554/554
f 556/556/556 554/554/554 557/557/557
f 557/557/557 554/554/554 549/549/549
f 558/558/558 556/556/556 557/557/557
f 538/538/538 559/559/559 549/549/549
f 557/557/557 549/549/549 559/559/559
f 559/559/559 538/538/538 536/536/536
f 558/558/558 557/557/557 560/560/560
f 557/557/557 559/559/559 560/560/560
f 559/559/559 536/536/536 560/560/560
f 537/537/537 558/558/558 560/560/560
f 536/536/536 540/540/540 560/560/560
f 537/537/537 560/560/560 540/540/540
f 561/561/561 562/562/562 563/563/563
f 564/564/564 563/563/563 562/562/562
f 564/564/564 565/565/565 563/563/563
f 566/566/566 564/564/564 562/562/562
f 567/567/567 563/563/563 565/565/565
f 567/567/567 565/565/565 568/568/568
f 561/561/561 563/563/563 567/567/567
f 569/569/569 566/566/566 562/562/562
f 561/561/561 567/567/567 570/570/570
f 561/561/561 570/570/570 571/571/571
f 562/562/562 572/572/572 569/569/569
f 572/572/572 573/573/573 569/569/569
f 561/561/561 574/574/574 562/562/562
f 574/574/574 572/572/572 562/562/562
f 561/561/561 571/571/571 575/575/575
f 575/575/575 574/574/574 561/561/561
f 575/575/575 571/571/571 576/576/576
f 575/575/575 576/576/576 577/577/577
f 577/577/577 576/576/576 578/578/578
f 575/575/575 579/579/579 574/574/574
f 577/577/577 579/579/579 575/575/575
f 574/574/574 580/580/580 572/572/572
f 579/579/579 580/580/580 574/574/574
f 577/577/577 578/578/578 581/581/581
f 578/578/578 582/582/582 581/581/581
f 577/577/577 581/581/581 582/582/582
f 578/578/578 583/583/583 582/582/582
f 584/584/584 579/579/579 577/577/577
f 579/579/579 584/584/584 580/580/580
f 584/584/584 577/577/577 582/582/582
f 583/583/583 585/585/585 582/582/582
f 582/582/582 585/585/585 584/584/584
f 585/585/585 580/580/580 584/584/584
f 583/583/583 586/586/586 585/585/585
f 585/585/585 587/587/587 580/580/580
f 586/586/586 587/587/587 585/585/585
f 587/587/587 572/572/572 580/580/580
f 586/586/586 588/588/588 587/587/587
f 589/589/589 587/587/587 588/588/588
f 587/587/587 590/590/590 572/572/572
f 589/589/589 590/590/590 587/587/587
f 573/573/573 572/572/572 590/590/590
f 573/573/573 590/590/590 591/591/591
f 591/591/591 590/590/590 589/589/589
f 591/591/591 589/589/589 592/592/592
f 593/593/593 594/594/594 595/595/595
f 593/593/593 596/596/596 594/594/594
f 597/597/597 598/598/598 599/599/599
f 597/597/597 600/600/600 598/598/598
f 601/601/601 602/602/602 603/603/603
f 601/601/601 604/604/604 602/602/602
f 605/605/605 606/606/606 607/607/607
f 605/605/605 608/608/608 606/606/606
f 609/609/609 610/610/610 611/611/611
f 609/609/609 612/612/612 610/610/610
f 613/613/613 614/614/614 615/615/615
f 613/613/613 616/616/616 614/614/614
f 617/617/617 618/618/618 619/619/619
f 617/617/617 620/620/620 618/618/618
f 621/621/621 622/622/622 623/623/623
f 621/621/621 624/624/624 622/622/622
f 625/625/625 626/626/626 627/627/627
f 625/625/625 628/628/628 626/626/626
f 629/629/629 630/630/630 631/631/631
f 629/629/629 632/632/632 630/630/630
f 633/633/633 634/634/634 635/635/635
f 633/633/633 636/636/636 634/634/634
f 637/637/637 638/638/638 639/639/639
f 637/637/637 640/640/640 638/638/638
f 641/641/641 642/642/642 643/643/643
f 641/641/641 644/644/644 642/642/642
f 645/645/645 646/646/646 647/647/647
f 645/645/645 648/648/648 646/646/646
f 649/649/649 650/650/650 651/651/651
f 651/651/651 462/462/462 649/649/649
f 651/651/651 652/652/652 462/462/462
f 465/465/465 462/462/462 652/652/652
f 462/462/462 460/460/460 649/649/649
f 650/650/650 649/649/649 460/460/460
f 650/650/650 653/653/653 651/651/651
f 653/653/653 654/654/654 651/651/651
f 655/655/655 654/654/654 653/653/653
f 655/655/655 656/656/656 654/654/654
f 657/657/657 655/655/655 653/653/653
f 658/658/658 653/653/653 650/650/650
f 657/657/657 653/653/653 658/658/658
f 658/658/658 650/650/650 659/659/659
f 650/650/650 460/460/460 659/659/659
f 660/660/660 657/657/657 658/658/658
f 659/659/659 660/660/660 658/658/658
f 660/660/660 661/661/661 657/657/657
f 460/460/460 662/662/662 659/659/659
f 659/659/659 662/662/662 660/660/660
f 445/445/445 661/661/661 660/660/660
f 662/662/662 445/445/445 660/660/660
f 445/445/445 444/444/444 661/661/661
f 460/460/460 453/453/453 662/662/662
f 662/662/662 446/446/446 445/445/445
f 453/453/453 446/446/446 662/662/662
f 663/663/663 664/664/664 665/665/665
f 663/663/663 666/666/666 664/664/664
f 667/667/667 668/668/668 669/669/669
f 667/667/667 670/670/670 668/668/668
f 671/671/671 672/672/672 673/673/673
f 671/671/671 673/673/673 674/674/674
f 675/675/675 673/673/673 672/672/672
f 674/674/674 673/673/673 675/675/675
f 675/675/675 672/672/672 676/676/676
f 674/674/674 675/675/675 677/677/677
f 672/672/672 678/678/678 679/679/679
f 672/672/672 679/679/679 676/676/676
f 678/678/678 680/680/680 679/679/679
f 678/678/678 681/681/681 680/680/680
f 676/676/676 679/679/679 682/682/682
f 682/682/682 679/679/679 680/680/680
f 683/683/683 675/675/675 676/676/676
f 677/677/677 675/675/675 683/683/683
f 676/676/676 682/682/682 684/684/684
f 683/683/683 676/676/676 684/684/684
f 682/682/682 685/685/685 684/684/684
f 685/685/685 683/683/683 684/684/684
f 682/682/682 686/686/686 685/685/685
f 685/685/685 687/687/687 683/683/683
f 688/688/688 686/686/686 682/682/682
f 683/683/683 687/687/687 689/689/689
f 688/688/688 682/682/682 690/690/690
f 682/682/682 680/680/680 690/690/690
f 691/691/691 688/688/688 690/690/690
f 683/683/683 689/689/689 692/692/692
f 677/677/677 683/683/683 692/692/692
f 692/692/692 689/689/689 693/693/693
f 692/692/692 693/693/693 694/694/694
f 694/694/694 677/677/677 692/692/692
f 694/694/694 693/693/693 695/695/695
f 691/691/691 690/690/690 696/696/696
f 697/697/697 691/691/691 696/696/696
f 698/698/698 690/690/690 680/680/680
f 698/698/698 696/696/696 690/690/690
f 681/681/681 698/698/698 680/680/680
f 697/697/697 696/696/696 699/699/699
f 699/699/699 696/696/696 698/698/698
f 681/681/681 700/700/700 698/698/698
f 701/701/701 697/697/697 699/699/699
f 701/701/701 702/702/702 697/697/697
f 699/699/699 698/698/698 703/703/703
f 701/701/701 699/699/699 703/703/703
f 698/698/698 700/700/700 704/704/704
f 698/698/698 704/704/704 703/703/703
f 705/705/705 702/702/702 701/701/701
f 705/705/705 706/706/706 702/702/702
f 701/701/701 703/703/703 707/707/707
f 704/704/704 707/707/707 703/703/703
f 705/705/705 701/701/701 707/707/707
f 708/708/708 704/704/704 700/700/700
f 708/708/708 700/700/700 709/709/709
f 704/704/704 710/710/710 707/707/707
f 710/710/710 704/704/704 708/708/708
f 705/705/705 707/707/707 711/711/711
f 710/710/710 711/711/711 707/707/707
f 712/712/712 706/706/706 705/705/705
f 712/712/712 713/713/713 706/706/706
f 714/714/714 705/705/705 711/711/711
f 714/714/714 712/712/712 705/705/705
f 715/715/715 713/713/713 712/712/712
f 715/715/715 716/716/716 713/713/713
f 717/717/717 712/712/712 714/714/714
f 717/717/717 715/715/715 712/712/712
f 711/711/711 718/718/718 714/714/714
f 714/714/714 719/719/719 717/717/717
f 714/714/714 718/718/718 719/719/719
f 720/720/720 716/716/716 715/715/715
f 720/720/720 721/721/721 716/716/716
f 722/722/722 715/715/715 717/717/717
f 722/722/722 720/720/720 715/715/715
f 717/717/717 719/719/719 723/723/723
f 717/717/717 723/723/723 722/722/722
f 724/724/724 721/721/721 720/720/720
f 724/724/724 725/725/725 721/721/721
f 726/726/726 725/725/725 724/724/724
f 727/727/727 724/724/724 720/720/720
f 727/727/727 720/720/720 722/722/722
f 726/726/726 724/724/724 728/728/728
f 728/728/728 724/724/724 727/727/727
f 729/729/729 726/726/726 728/728/728
f 729/729/729 730/730/730 726/726/726
f 731/731/731 730/730/730 729/729/729
f 722/722/722 732/732/732 727/727/727
f 722/722/722 723/723/723 732/732/732
f 728/728/728 727/727/727 733/733/733
f 732/732/732 733/733/733 727/727/727
f 734/734/734 729/729/729 728/728/728
f 734/734/734 728/728/728 733/733/733
f 731/731/731 729/729/729 735/735/735
f 735/735/735 729/729/729 734/734/734
f 736/736/736 731/731/731 735/735/735
f 736/736/736 735/735/735 737/737/737
f 738/738/738 736/736/736 737/737/737
f 735/735/735 734/734/734 739/739/739
f 737/737/737 735/735/735 739/739/739
f 733/733/733 740/740/740 734/734/734
f 740/740/740 739/739/739 734/734/734
f 733/733/733 741/741/741 740/740/740
f 732/732/732 741/741/741 733/733/733
f 740/740/740 742/742/742 739/739/739
f 743/743/743 740/740/740 741/741/741
f 742/742/742 740/740/740 743/743/743
f 744/744/744 741/741/741 732/732/732
f 743/743/743 741/741/741 744/744/744
f 744/744/744 732/732/732 745/745/745
f 745/745/745 732/732/732 723/723/723
f 743/743/743 744/744/744 746/746/746
f 744/744/744 745/745/745 747/747/747
f 744/744/744 747/747/747 746/746/746
f 745/745/745 723/723/723 748/748/748
f 747/747/747 745/745/745 748/748/748
f 748/748/748 723/723/723 719/719/719
f 747/747/747 748/748/748 749/749/749
f 748/748/748 719/719/719 750/750/750
f 749/749/749 748/748/748 750/750/750
f 750/750/750 719/719/719 718/718/718
f 747/747/747 749/749/749 751/751/751
f 749/749/749 750/750/750 751/751/751
f 752/752/752 746/746/746 747/747/747
f 743/743/743 746/746/746 752/752/752
f 752/752/752 747/747/747 751/751/751
f 753/753/753 743/743/743 752/752/752
f 742/742/742 743/743/743 753/753/753
f 754/754/754 752/752/752 751/751/751
f 753/753/753 752/752/752 754/754/754
f 755/755/755 742/742/742 753/753/753
f 755/755/755 753/753/753 754/754/754
f 751/751/751 750/750/750 756/756/756
f 750/750/750 718/718/718 756/756/756
f 751/751/751 757/757/757 754/754/754
f 751/751/751 756/756/756 757/757/757
f 718/718/718 758/758/758 756/756/756
f 757/757/757 756/756/756 758/758/758
f 759/759/759 754/754/754 757/757/757
f 755/755/755 754/754/754 759/759/759
f 757/757/757 760/760/760 759/759/759
f 757/757/757 758/758/758 760/760/760
f 759/759/759 760/760/760 761/761/761
f 758/758/758 761/761/761 760/760/760
f 762/762/762 755/755/755 759/759/759
f 759/759/759 761/761/761 762/762/762
f 718/718/718 763/763/763 758/758/758
f 711/711/711 763/763/763 718/718/718
f 710/710/710 763/763/763 711/711/711
f 763/763/763 764/764/764 758/758/758
f 763/763/763 710/710/710 764/764/764
f 758/758/758 764/764/764 761/761/761
f 710/710/710 708/708/708 764/764/764
f 764/764/764 708/708/708 765/765/765
f 764/764/764 765/765/765 761/761/761
f 765/765/765 708/708/708 709/709/709
f 765/765/765 709/709/709 766/766/766
f 767/767/767 765/765/765 766/766/766
f 761/761/761 765/765/765 767/767/767
f 761/761/761 767/767/767 762/762/762
f 767/767/767 768/768/768 762/762/762
f 762/762/762 768/768/768 755/755/755
f 767/767/767 769/769/769 768/768/768
f 770/770/770 769/769/769 767/767/767
f 771/771/771 769/769/769 770/770/770
f 768/768/768 772/772/772 755/755/755
f 755/755/755 772/772/772 742/742/742
f 769/769/769 773/773/773 768/768/768
f 768/768/768 773/773/773 772/772/772
f 771/771/771 774/774/774 769/769/769
f 769/769/769 774/774/774 773/773/773
f 742/742/742 772/772/772 775/775/775
f 775/775/775 772/772/772 773/773/773
f 742/742/742 775/775/775 739/739/739
f 737/737/737 739/739/739 775/775/775
f 775/775/775 773/773/773 776/776/776
f 776/776/776 737/737/737 775/775/775
f 776/776/776 773/773/773 774/774/774
f 776/776/776 777/777/777 737/737/737
f 738/738/738 737/737/737 777/777/777
f 778/778/778 738/738/738 777/777/777
f 779/779/779 777/777/777 776/776/776
f 776/776/776 774/774/774 779/779/779
f 778/778/778 777/777/777 780/780/780
f 779/779/779 780/780/780 777/777/777
f 774/774/774 781/781/781 779/779/779
f 781/781/781 780/780/780 779/779/779
f 774/774/774 771/771/771 781/781/781
f 782/782/782 778/778/778 780/780/780
f 781/781/781 782/782/782 780/780/780
f 782/782/782 783/783/783 778/778/778
f 781/781/781 771/771/771 784/784/784
f 785/785/785 783/783/783 782/782/782
f 785/785/785 782/782/782 781/781/781
f 785/785/785 695/695/695 783/783/783
f 694/694/694 695/695/695 785/785/785
f 785/785/785 781/781/781 786/786/786
f 781/781/781 784/784/784 786/786/786
f 786/786/786 694/694/694 785/785/785
f 786/786/786 784/784/784 787/787/787
f 786/786/786 788/788/788 694/694/694
f 786/786/786 787/787/787 788/788/788
f 694/694/694 788/788/788 677/677/677
f 788/788/788 787/787/787 674/674/674
f 788/788/788 674/674/674 677/677/677
f 789/789/789 790/790/790 791/791/791
f 789/789/789 792/792/792 790/790/790
f 793/793/793 794/794/794 795/795/795
f 793/793/793 796/796/796 794/794/794
f 795/795/795 797/797/797 793/793/793
f 795/795/795 798/798/798 797/797/797
f 795/795/795 794/794/794 799/799/799
f 800/800/800 798/798/798 795/795/795
f 795/795/795 799/799/799 801/801/801
f 801/801/801 799/799/799 802/802/802
f 795/795/795 803/803/803 800/800/800
f 804/804/804 805/805/805 800/800/800
f 803/803/803 804/804/804 800/800/800
f 803/803/803 806/806/806 804/804/804
f 801/801/801 802/802/802 807/807/807
f 807/807/807 802/802/802 808/808/808
f 809/809/809 795/795/795 801/801/801
f 809/809/809 801/801/801 807/807/807
f 809/809/809 803/803/803 795/795/795
f 807/807/807 808/808/808 810/810/810
f 810/810/810 808/808/808 811/811/811
f 809/809/809 807/807/807 812/812/812
f 812/812/812 807/807/807 810/810/810
f 813/813/813 803/803/803 809/809/809
f 813/813/813 809/809/809 812/812/812
f 813/813/813 814/814/814 803/803/803
f 803/803/803 814/814/814 806/806/806
f 810/810/810 811/811/811 815/815/815
f 816/816/816 815/815/815 811/811/811
f 812/812/812 810/810/810 817/817/817
f 817/817/817 810/810/810 815/815/815
f 813/813/813 812/812/812 818/818/818
f 818/818/818 812/812/812 817/817/817
f 814/814/814 813/813/813 819/819/819
f 819/819/819 813/813/813 818/818/818
f 820/820/820 806/806/806 814/814/814
f 814/814/814 819/819/819 820/820/820
f 820/820/820 821/821/821 806/806/806
f 822/822/822 821/821/821 820/820/820
f 822/822/822 823/823/823 821/821/821
f 820/820/820 819/819/819 824/824/824
f 820/820/820 824/824/824 822/822/822
f 825/825/825 823/823/823 822/822/822
f 825/825/825 826/826/826 823/823/823
f 822/822/822 824/824/824 827/827/827
f 822/822/822 827/827/827 825/825/825
f 824/824/824 819/819/819 828/828/828
f 819/819/819 818/818/818 828/828/828
f 827/827/827 824/824/824 829/829/829
f 824/824/824 828/828/828 829/829/829
f 825/825/825 827/827/827 830/830/830
f 827/827/827 829/829/829 830/830/830
f 826/826/826 825/825/825 831/831/831
f 832/832/832 825/825/825 830/830/830
f 832/832/832 831/831/831 825/825/825
f 833/833/833 826/826/826 831/831/831
f 830/830/830 834/834/834 832/832/832
f 829/829/829 834/834/834 830/830/830
f 835/835/835 831/831/831 832/832/832
f 829/829/829 836/836/836 834/834/834
f 828/828/828 836/836/836 829/829/829
f 834/834/834 837/837/837 832/832/832
f 834/834/834 836/836/836 837/837/837
f 835/835/835 832/832/832 837/837/837
f 836/836/836 838/838/838 837/837/837
f 835/835/835 837/837/837 838/838/838
f 828/828/828 839/839/839 836/836/836
f 836/836/836 839/839/839 838/838/838
f 818/818/818 839/839/839 828/828/828
f 840/840/840 831/831/831 835/835/835
f 831/831/831 840/840/840 833/833/833
f 840/840/840 841/841/841 833/833/833
f 841/841/841 842/842/842 833/833/833
f 842/842/842 843/843/843 833/833/833
f 843/843/843 844/844/844 833/833/833
f 840/840/840 835/835/835 845/845/845
f 845/845/845 835/835/835 846/846/846
f 835/835/835 838/838/838 846/846/846
f 845/845/845 846/846/846 847/847/847
f 848/848/848 847/847/847 846/846/846
f 848/848/848 846/846/846 849/849/849
f 849/849/849 846/846/846 838/838/838
f 849/849/849 850/850/850 848/848/848
f 849/849/849 838/838/838 851/851/851
f 849/849/849 852/852/852 850/850/850
f 851/851/851 852/852/852 849/849/849
f 853/853/853 850/850/850 852/852/852
f 839/839/839 851/851/851 838/838/838
f 853/853/853 852/852/852 854/854/854
f 855/855/855 853/853/853 854/854/854
f 855/855/855 854/854/854 816/816/816
f 816/816/816 854/854/854 815/815/815
f 854/854/854 852/852/852 856/856/856
f 854/854/854 856/856/856 815/815/815
f 851/851/851 856/856/856 852/852/852
f 817/817/817 815/815/815 856/856/856
f 839/839/839 857/857/857 851/851/851
f 857/857/857 856/856/856 851/851/851
f 857/857/857 817/817/817 856/856/856
f 818/818/818 857/857/857 839/839/839
f 818/818/818 817/817/817 857/857/857
f 858/858/858 859/859/859 860/860/860
f 858/858/858 861/861/861 859/859/859
f 862/862/862 863/863/863 864/864/864
f 862/862/862 865/865/865 863/863/863
f 866/866/866 867/867/867 868/868/868
f 866/866/866 869/869/869 867/867/867
f 868/868/868 867/867/867 870/870/870
f 870/870/870 867/867/867 869/869/869
f 871/871/871 872/872/872 873/873/873
f 871/871/871 873/873/873 874/874/874
f 875/875/875 872/872/872 868/868/868
f 868/868/868 870/870/870 876/876/876
f 875/875/875 868/868/868 876/876/876
f 874/874/874 873/873/873 877/877/877
f 874/874/874 877/877/877 878/878/878
f 879/879/879 873/873/873 872/872/872
f 879/879/879 872/872/872 875/875/875
f 880/880/880 877/877/877 873/873/873
f 880/880/880 873/873/873 879/879/879
f 877/877/877 881/881/881 878/878/878
f 876/876/876 882/882/882 875/875/875
f 882/882/882 879/879/879 875/875/875
f 878/878/878 881/881/881 883/883/883
f 877/877/877 884/884/884 881/881/881
f 884/884/884 877/877/877 880/880/880
f 883/883/883 881/881/881 885/885/885
f 881/881/881 884/884/884 886/886/886
f 881/881/881 886/886/886 885/885/885
f 883/883/883 885/885/885 887/887/887
f 888/888/888 883/883/883 887/887/887
f 888/888/888 889/889/889 883/883/883
f 887/887/887 885/885/885 890/890/890
f 885/885/885 886/886/886 891/891/891
f 885/885/885 891/891/891 890/890/890
f 892/892/892 886/886/886 884/884/884
f 893/893/893 891/891/891 886/886/886
f 893/893/893 886/886/886 892/892/892
f 894/894/894 891/891/891 893/893/893
f 890/890/890 891/891/891 894/894/894
f 892/892/892 895/895/895 893/893/893
f 887/887/887 890/890/890 896/896/896
f 896/896/896 888/888/888 887/887/887
f 892/892/892 884/884/884 897/897/897
f 884/884/884 880/880/880 897/897/897
f 897/897/897 898/898/898 892/892/892
f 892/892/892 898/898/898 895/895/895
f 880/880/880 899/899/899 897/897/897
f 897/897/897 899/899/899 898/898/898
f 896/896/896 900/900/900 888/888/888
f 901/901/901 898/898/898 899/899/899
f 901/901/901 902/902/902 898/898/898
f 902/902/902 895/895/895 898/898/898
f 903/903/903 901/901/901 899/899/899
f 880/880/880 903/903/903 899/899/899
f 903/903/903 904/904/904 901/901/901
f 902/902/902 905/905/905 895/895/895
f 906/906/906 903/903/903 880/880/880
f 906/906/906 904/904/904 903/903/903
f 906/906/906 880/880/880 879/879/879
f 906/906/906 907/907/907 904/904/904
f 882/882/882 906/906/906 879/879/879
f 882/882/882 907/907/907 906/906/906
f 882/882/882 908/908/908 907/907/907
f 909/909/909 908/908/908 882/882/882
f 909/909/909 910/910/910 908/908/908
f 876/876/876 909/909/909 882/882/882
f 911/911/911 910/910/910 909/909/909
f 911/911/911 909/909/909 876/876/876
f 911/911/911 912/912/912 910/910/910
f 911/911/911 876/876/876 870/870/870
f 913/913/913 912/912/912 911/911/911
f 913/913/913 911/911/911 914/914/914
f 915/915/915 911/911/911 870/870/870
f 915/915/915 914/914/914 911/911/911
f 870/870/870 869/869/869 915/915/915
f 916/916/916 913/913/913 914/914/914
f 916/916/916 914/914/914 915/915/915
f 916/916/916 917/917/917 913/913/913
f 869/869/869 918/918/918 915/915/915
f 916/916/916 915/915/915 918/918/918
f 869/869/869 919/919/919 918/918/918
f 920/920/920 917/917/917 916/916/916
f 919/919/919 921/921/921 918/918/918
f 921/921/921 916/916/916 918/918/918
f 919/919/919 922/922/922 921/921/921
f 920/920/920 916/916/916 923/923/923
f 921/921/921 923/923/923 916/916/916
f 924/924/924 920/920/920 923/923/923
f 922/922/922 925/925/925 921/921/921
f 925/925/925 923/923/923 921/921/921
f 924/924/924 923/923/923 926/926/926
f 925/925/925 926/926/926 923/923/923
f 927/927/927 924/924/924 926/926/926
f 928/928/928 926/926/926 925/925/925
f 927/927/927 926/926/926 928/928/928
f 928/928/928 925/925/925 929/929/929
f 925/925/925 930/930/930 929/929/929
f 931/931/931 927/927/927 928/928/928
f 931/931/931 928/928/928 929/929/929
f 931/931/931 932/932/932 927/927/927
f 933/933/933 932/932/932 931/931/931
f 931/931/931 929/929/929 934/934/934
f 930/930/930 934/934/934 929/929/929
f 933/933/933 931/931/931 934/934/934
f 933/933/933 935/935/935 932/932/932
f 930/930/930 936/936/936 934/934/934
f 936/936/936 930/930/930 937/937/937
f 933/933/933 934/934/934 938/938/938
f 936/936/936 938/938/938 934/934/934
f 939/939/939 935/935/935 933/933/933
f 939/939/939 940/940/940 935/935/935
f 941/941/941 933/933/933 938/938/938
f 941/941/941 939/939/939 933/933/933
f 936/936/936 937/937/937 942/942/942
f 942/942/942 937/937/937 889/889/889
f 942/942/942 889/889/889 888/888/888
f 943/943/943 936/936/936 942/942/942
f 936/936/936 943/943/943 938/938/938
f 944/944/944 942/942/942 888/888/888
f 943/943/943 942/942/942 944/944/944
f 944/944/944 888/888/888 900/900/900
f 938/938/938 943/943/943 945/945/945
f 945/945/945 943/943/943 944/944/944
f 938/938/938 945/945/945 941/941/941
f 946/946/946 944/944/944 900/900/900
f 946/946/946 900/900/900 896/896/896
f 945/945/945 944/944/944 947/947/947
f 946/946/946 947/947/947 944/944/944
f 941/941/941 945/945/945 948/948/948
f 896/896/896 949/949/949 946/946/946
f 890/890/890 949/949/949 896/896/896
f 950/950/950 947/947/947 946/946/946
f 950/950/950 946/946/946 949/949/949
f 951/951/951 945/945/945 947/947/947
f 950/950/950 951/951/951 947/947/947
f 951/951/951 948/948/948 945/945/945
f 952/952/952 951/951/951 950/950/950
f 890/890/890 953/953/953 949/949/949
f 890/890/890 894/894/894 953/953/953
f 949/949/949 954/954/954 950/950/950
f 953/953/953 954/954/954 949/949/949
f 955/955/955 952/952/952 950/950/950
f 954/954/954 955/955/955 950/950/950
f 952/952/952 956/956/956 951/951/951
f 956/956/956 948/948/948 951/951/951
f 955/955/955 956/956/956 952/952/952
f 953/953/953 957/957/957 954/954/954
f 894/894/894 957/957/957 953/953/953
f 954/954/954 958/958/958 955/955/955
f 957/957/957 958/958/958 954/954/954
f 959/959/959 955/955/955 958/958/958
f 957/957/957 959/959/959 958/958/958
f 955/955/955 960/960/960 956/956/956
f 959/959/959 960/960/960 955/955/955
f 960/960/960 961/961/961 956/956/956
f 956/956/956 961/961/961 948/948/948
f 959/959/959 962/962/962 960/960/960
f 960/960/960 962/962/962 961/961/961
f 957/957/957 963/963/963 959/959/959
f 959/959/959 963/963/963 962/962/962
f 957/957/957 964/964/964 963/963/963
f 894/894/894 964/964/964 957/957/957
f 962/962/962 963/963/963 965/965/965
f 965/965/965 963/963/963 964/964/964
f 964/964/964 894/894/894 966/966/966
f 894/894/894 893/893/893 966/966/966
f 895/895/895 966/966/966 893/893/893
f 964/964/964 966/966/966 967/967/967
f 965/965/965 964/964/964 967/967/967
f 895/895/895 968/968/968 966/966/966
f 968/968/968 967/967/967 966/966/966
f 905/905/905 968/968/968 895/895/895
f 905/905/905 969/969/969 968/968/968
f 969/969/969 970/970/970 968/968/968
f 968/968/968 970/970/970 967/967/967
f 969/969/969 971/971/971 970/970/970
f 970/970/970 971/971/971 972/972/972
f 967/967/967 970/970/970 973/973/973
f 970/970/970 972/972/972 973/973/973
f 967/967/967 973/973/973 965/965/965
f 972/972/972 974/974/974 973/973/973
f 972/972/972 975/975/975 974/974/974
f 974/974/974 975/975/975 976/976/976
f 973/973/973 977/977/977 965/965/965
f 973/973/973 974/974/974 977/977/977
f 962/962/962 965/965/965 977/977/977
f 974/974/974 976/976/976 978/978/978
f 977/977/977 974/974/974 978/978/978
f 978/978/978 976/976/976 979/979/979
f 980/980/980 962/962/962 977/977/977
f 977/977/977 978/978/978 980/980/980
f 980/980/980 961/961/961 962/962/962
f 978/978/978 979/979/979 981/981/981
f 980/980/980 978/978/978 981/981/981
f 981/981/981 979/979/979 940/940/940
f 981/981/981 940/940/940 939/939/939
f 980/980/980 981/981/981 982/982/982
f 982/982/982 961/961/961 980/980/980
f 982/982/982 981/981/981 939/939/939
f 982/982/982 948/948/948 961/961/961
f 982/982/982 939/939/939 941/941/941
f 941/941/941 948/948/948 982/982/982
f 983/983/983 984/984/984 985/985/985
f 983/983/983 986/986/986 984/984/984
f 985/985/985 984/984/984 987/987/987
f 985/985/985 987/987/987 988/988/988
f 989/989/989 990/990/990 991/991/991
f 989/989/989 992/992/992 990/990/990
f 993/993/993 994/994/994 995/995/995
f 993/993/993 996/996/996 994/994/994
f 997/997/997 998/998/998 999/999/999
f 997/997/997 1000/1000/1000 998/998/998
f 1001/1001/1001 1002/1002/1002 1003/1003/1003
f 1004/1004/1004 1003/1003/1003 1002/1002/1002
f 1004/1004/1004 1005/1005/1005 1003/1003/1003
f 1001/1001/1001 1006/1006/1006 1002/1002/1002
f 1007/1007/1007 1006/1006/1006 1001/1001/1001
f 1007/1007/1007 1001/1001/1001 1008/1008/1008
f 1009/1009/1009 1010/1010/1010 1011/1011/1011
f 1009/1009/1009 1012/1012/1012 1010/1010/1010
f 1012/1012/1012 1013/1013/1013 1010/1010/1010
f 1012/1012/1012 1014/1014/1014 1013/1013/1013
f 1013/1013/1013 1014/1014/1014 1015/1015/1015
f 1013/1013/1013 1015/1015/1015 1016/1016/1016
f 1016/1016/1016 1015/1015/1015 1017/1017/1017
f 1016/1016/1016 1017/1017/1017 1018/1018/1018
f 1018/1018/1018 1017/1017/1017 1019/1019/1019
f 1018/1018/1018 1019/1019/1019 1020/1020/1020
f 1021/1021/1021 1022/1022/1022 1023/1023/1023
f 1021/1021/1021 1024/1024/1024 1022/1022/1022
f 1024/1024/1024 1025/1025/1025 1022/1022/1022
f 1024/1024/1024 1026/1026/1026 1025/1025/1025
f 1026/1026/1026 1027/1027/1027 1025/1025/1025
f 1026/1026/1026 1028/1028/1028 1027/1027/1027
f 1027/1027/1027 1028/1028/1028 1029/1029/1029
f 1027/1027/1027 1029/1029/1029 1030/1030/1030
f 1030/1030/1030 1029/1029/1029 1031/1031/1031
f 1030/1030/1030 1031/1031/1031 1032/1032/1032
f 1033/1033/1033 1034/1034/1034 1035/1035/1035
f 1033/1033/1033 1036/1036/1036 1034/1034/1034
f 1037/1037/1037 1038/1038/1038 1039/1039/1039
f 1040/1040/1040 1039/1039/1039 1038/1038/1038
f 1040/1040/1040 1038/1038/1038 1041/1041/1041
f 1037/1037/1037 1042/1042/1042 1038/1038/1038
f 1043/1043/1043 1042/1042/1042 1037/1037/1037
f 1043/1043/1043 1044/1044/1044 1042/1042/1042
f 1045/1045/1045 1046/1046/1046 1047/1047/1047
f 1047/1047/1047 1048/1048/1048 1049/1049/1049
f 1047/1047/1047 1046/1046/1046 1048/1048/1048
f 1045/1045/1045 1050/1050/1050 1046/1046/1046
f 1045/1045/1045 1051/1051/1051 1050/1050/1050
f 1046/1046/1046 1050/1050/1050 1052/1052/1052
f 1052/1052/1052 1050/1050/1050 1051/1051/1051
f 1049/1049/1049 1048/1048/1048 1053/1053/1053
f 1049/1049/1049 1053/1053/1053 1054/1054/1054
f 1055/1055/1055 1048/1048/1048 1046/1046/1046
f 1046/1046/1046 1052/1052/1052 1056/1056/1056
f 1055/1055/1055 1046/1046/1046 1056/1056/1056
f 1054/1054/1054 1053/1053/1053 1057/1057/1057
f 1054/1054/1054 1057/1057/1057 1058/1058/1058
f 1059/1059/1059 1053/1053/1053 1048/1048/1048
f 1059/1059/1059 1048/1048/1048 1055/1055/1055
f 1060/1060/1060 1057/1057/1057 1053/1053/1053
f 1060/1060/1060 1053/1053/1053 1059/1059/1059
f 1057/1057/1057 1061/1061/1061 1058/1058/1058
f 1062/1062/1062 1055/1055/1055 1056/1056/1056
f 1059/1059/1059 1055/1055/1055 1062/1062/1062
f 1058/1058/1058 1061/1061/1061 1063/1063/1063
f 1057/1057/1057 1064/1064/1064 1061/1061/1061
f 1064/1064/1064 1057/1057/1057 1060/1060/1060
f 1061/1061/1061 1064/1064/1064 350/350/350
f 1065/1065/1065 1060/1060/1060 1059/1059/1059
f 1059/1059/1059 1062/1062/1062 1065/1065/1065
f 1064/1064/1064 1060/1060/1060 353/353/353
f 350/350/350 1064/1064/1064 353/353/353
f 1065/1065/1065 357/357/357 1060/1060/1060
f 357/357/357 353/353/353 1060/1060/1060
f 1065/1065/1065 1066/1066/1066 357/357/357
f 1065/1065/1065 1067/1067/1067 1066/1066/1066
f 1062/1062/1062 1067/1067/1067 1065/1065/1065
f 357/357/357 1066/1066/1066 355/355/355
f 1062/1062/1062 1068/1068/1068 1067/1067/1067
f 1069/1069/1069 1068/1068/1068 1062/1062/1062
f 1069/1069/1069 1062/1062/1062 1070/1070/1070
f 1062/1062/1062 1056/1056/1056 1070/1070/1070
f 1071/1071/1071 1069/1069/1069 1070/1070/1070
f 1056/1056/1056 1071/1071/1071 1070/1070/1070
f 1071/1071/1071 1072/1072/1072 1069/1069/1069
f 1056/1056/1056 1052/1052/1052 1071/1071/1071
f 1073/1073/1073 1072/1072/1072 1071/1071/1071
f 1073/1073/1073 1071/1071/1071 1074/1074/1074
f 1071/1071/1071 1052/1052/1052 1075/1075/1075
f 1071/1071/1071 1075/1075/1075 1074/1074/1074
f 1052/1052/1052 1051/1051/1051 1075/1075/1075
f 1076/1076/1076 1073/1073/1073 1074/1074/1074
f 1075/1075/1075 1076/1076/1076 1074/1074/1074
f 1076/1076/1076 1077/1077/1077 1073/1073/1073
f 1051/1051/1051 1078/1078/1078 1075/1075/1075
f 1075/1075/1075 1078/1078/1078 1076/1076/1076
f 1051/1051/1051 1079/1079/1079 1078/1078/1078
f 1080/1080/1080 1077/1077/1077 1076/1076/1076
f 1079/1079/1079 1081/1081/1081 1078/1078/1078
f 1076/1076/1076 1078/1078/1078 1081/1081/1081
f 1079/1079/1079 1082/1082/1082 1081/1081/1081
f 1080/1080/1080 1076/1076/1076 1083/1083/1083
f 1076/1076/1076 1081/1081/1081 1083/1083/1083
f 1084/1084/1084 1080/1080/1080 1083/1083/1083
f 1082/1082/1082 1085/1085/1085 1081/1081/1081
f 1085/1085/1085 1083/1083/1083 1081/1081/1081
f 1084/1084/1084 1083/1083/1083 1086/1086/1086
f 1085/1085/1085 1086/1086/1086 1083/1083/1083
f 1087/1087/1087 1084/1084/1084 1086/1086/1086
f 1088/1088/1088 1086/1086/1086 1085/1085/1085
f 1087/1087/1087 1086/1086/1086 1088/1088/1088
f 1088/1088/1088 1085/1085/1085 1089/1089/1089
f 1085/1085/1085 1090/1090/1090 1089/1089/1089
f 1091/1091/1091 1087/1087/1087 1088/1088/1088
f 1091/1091/1091 1088/1088/1088 1089/1089/1089
f 1091/1091/1091 1092/1092/1092 1087/1087/1087
f 1093/1093/1093 1092/1092/1092 1091/1091/1091
f 1091/1091/1091 1089/1089/1089 1094/1094/1094
f 1090/1090/1090 1094/1094/1094 1089/1089/1089
f 1093/1093/1093 1091/1091/1091 1094/1094/1094
f 1093/1093/1093 1095/1095/1095 1092/1092/1092
f 1090/1090/1090 1096/1096/1096 1094/1094/1094
f 1096/1096/1096 1090/1090/1090 1097/1097/1097
f 1093/1093/1093 1094/1094/1094 1098/1098/1098
f 1096/1096/1096 1098/1098/1098 1094/1094/1094
f 312/312/312 1095/1095/1095 1093/1093/1093
f 312/312/312 318/318/318 1095/1095/1095
f 309/309/309 1093/1093/1093 1098/1098/1098
f 309/309/309 312/312/312 1093/1093/1093
f 1096/1096/1096 1097/1097/1097 1099/1099/1099
f 1099/1099/1099 1097/1097/1097 1100/1100/1100
f 1096/1096/1096 1101/1101/1101 1098/1098/1098
f 1101/1101/1101 1096/1096/1096 1099/1099/1099
f 1098/1098/1098 307/307/307 309/309/309
f 1098/1098/1098 1101/1101/1101 307/307/307
f 1099/1099/1099 1100/1100/1100 1102/1102/1102
f 1101/1101/1101 1099/1099/1099 1103/1103/1103
f 307/307/307 1101/1101/1101 1103/1103/1103
f 1103/1103/1103 1099/1099/1099 1102/1102/1102
f 1102/1102/1102 1100/1100/1100 1063/1063/1063
f 1103/1103/1103 1102/1102/1102 1104/1104/1104
f 1102/1102/1102 1063/1063/1063 1105/1105/1105
f 1106/1106/1106 1104/1104/1104 1102/1102/1102
f 1106/1106/1106 1102/1102/1102 1105/1105/1105
f 1063/1063/1063 349/349/349 1105/1105/1105
f 1063/1063/1063 1061/1061/1061 349/349/349
f 1105/1105/1105 347/347/347 1106/1106/1106
f 1105/1105/1105 349/349/349 347/347/347
f 1061/1061/1061 350/350/350 349/349/349
f 304/304/304 1103/1103/1103 1104/1104/1104
f 304/304/304 1104/1104/1104 1106/1106/1106
f 304/304/304 303/303/303 1103/1103/1103
f 307/307/307 1103/1103/1103 303/303/303
f 1106/1106/1106 305/305/305 304/304/304
f 347/347/347 305/305/305 1106/1106/1106
f 1107/1107/1107 1108/1108/1108 1109/1109/1109
f 1108/1108/1108 1110/1110/1110 1109/1109/1109
f 1111/1111/1111 1110/1110/1110 1108/1108/1108
f 1112/1112/1112 1109/1109/1109 1110/1110/1110
f 1113/1113/1113 1112/1112/1112 1110/1110/1110
f 1114/1114/1114 1112/1112/1112 1113/1113/1113
f 1113/1113/1113 1115/1115/1115 1114/1114/1114
f 1116/1116/1116 1107/1107/1107 1109/1109/1109
f 1116/1116/1116 1117/1117/1117 1107/1107/1107
f 1116/1116/1116 1118/1118/1118 1117/1117/1117
f 1107/1107/1107 1117/1117/1117 1119/1119/1119
f 1120/1120/1120 1117/1117/1117 1118/1118/1118
f 1118/1118/1118 1121/1121/1121 1120/1120/1120
f 1122/1122/1122 1120/1120/1120 1121/1121/1121
f 1121/1121/1121 1123/1123/1123 1122/1122/1122
f 1123/1123/1123 1124/1124/1124 1122/1122/1122
f 1125/1125/1125 1119/1119/1119 1117/1117/1117
f 1117/1117/1117 1126/1126/1126 1125/1125/1125
f 1125/1125/1125 1127/1127/1127 1119/1119/1119
f 1128/1128/1128 1125/1125/1125 1126/1126/1126
f 1129/1129/1129 1128/1128/1128 1126/1126/1126
f 1126/1126/1126 1130/1130/1130 1129/1129/1129
f 1130/1130/1130 1131/1131/1131 1129/1129/1129
f 1119/1119/1119 1127/1127/1127 1132/1132/1132
f 1133/1133/1133 1132/1132/1132 1127/1127/1127
f 1133/1133/1133 1134/1134/1134 1132/1132/1132
f 1127/1127/1127 1135/1135/1135 1133/1133/1133
f 1135/1135/1135 1136/1136/1136 1133/1133/1133
f 1135/1135/1135 1137/1137/1137 1136/1136/1136
f 1137/1137/1137 1138/1138/1138 1136/1136/1136
f 1139/1139/1139 1140/1140/1140 1141/1141/1141
f 1139/1139/1139 1142/1142/1142 1140/1140/1140
f 1143/1143/1143 1144/1144/1144 1145/1145/1145
f 1143/1143/1143 1146/1146/1146 1144/1144/1144
f 1147/1147/1147 1148/1148/1148 1149/1149/1149
f 1147/1147/1147 1150/1150/1150 1148/1148/1148
f 1151/1151/1151 1150/1150/1150 1147/1147/1147
f 1151/1151/1151 1147/1147/1147 1152/1152/1152
f 1153/1153/1153 1151/1151/1151 1152/1152/1152
f 1153/1153/1153 1154/1154/1154 1151/1151/1151
f 1155/1155/1155 1156/1156/1156 1157/1157/1157
f 1155/1155/1155 1158/1158/1158 1156/1156/1156
f 1157/1157/1157 1159/1159/1159 1155/1155/1155
f 1157/1157/1157 1160/1160/1160 1159/1159/1159
f 1161/1161/1161 1159/1159/1159 1160/1160/1160
f 1161/1161/1161 1162/1162/1162 1159/1159/1159
f 1163/1163/1163 1164/1164/1164 1165/1165/1165
f 1164/1164/1164 1166/1166/1166 1165/1165/1165
f 1163/1163/1163 1167/1167/1167 1164/1164/1164
f 1168/1168/1168 1167/1167/1167 1163/1163/1163
f 1168/1168/1168 1169/1169/1169 1167/1167/1167
f 1164/1164/1164 1170/1170/1170 1166/1166/1166
f 1170/1170/1170 1171/1171/1171 1166/1166/1166
f 1170/1170/1170 1172/1172/1172 1171/1171/1171
f 1172/1172/1172 1173/1173/1173 1171/1171/1171
f 1172/1172/1172 1174/1174/1174 1173/1173/1173
f 1173/1173/1173 1174/1174/1174 1175/1175/1175
f 1173/1173/1173 1175/1175/1175 1176/1176/1176
f 1176/1176/1176 1175/1175/1175 1177/1177/1177
f 1176/1176/1176 1177/1177/1177 1178/1178/1178
f 1178/1178/1178 1177/1177/1177 1179/1179/1179
f 1178/1178/1178 1179/1179/1179 1180/1180/1180
f 1179/1179/1179 1181/1181/1181 1180/1180/1180
f 1179/1179/1179 1182/1182/1182 1181/1181/1181
f 1183/1183/1183 1184/1184/1184 1185/1185/1185
f 1186/1186/1186 1185/1185/1185 1184/1184/1184
f 1186/1186/1186 1184/1184/1184 1187/1187/1187
f 1183/1183/1183 1188/1188/1188 1184/1184/1184
f 1189/1189/1189 1188/1188/1188 1183/1183/1183
f 1189/1189/1189 1190/1190/1190 1188/1188/1188
f 1191/1191/1191 1192/1192/1192 1193/1193/1193
f 1191/1191/1191 1194/1194/1194 1192/1192/1192
f 1195/1195/1195 1196/1196/1196 1197/1197/1197
f 1197/1197/1197 1196/1196/1196 1198/1198/1198
f 1197/1197/1197 1198/1198/1198 1199/1199/1199
f 1197/1197/1197 1199/1199/1199 1200/1200/1200
f 1195/1195/1195 1197/1197/1197 1201/1201/1201
f 1195/1195/1195 1201/1201/1201 1202/1202/1202
f 1203/1203/1203 1204/1204/1204 1205/1205/1205
f 1203/1203/1203 1206/1206/1206 1204/1204/1204
f 1207/1207/1207 1205/1205/1205 1204/1204/1204
f 1208/1208/1208 1203/1203/1203 1205/1205/1205
f 1208/1208/1208 1209/1209/1209 1203/1203/1203
f 1210/1210/1210 1209/1209/1209 1208/1208/1208
f 1210/1210/1210 1211/1211/1211 1209/1209/1209
f 1208/1208/1208 1212/1212/1212 1210/1210/1210
f 1208/1208/1208 1213/1213/1213 1212/1212/1212
f 1213/1213/1213 1208/1208/1208 1205/1205/1205
f 1213/1213/1213 1214/1214/1214 1212/1212/1212
f 1207/1207/1207 1215/1215/1215 1205/1205/1205
f 1213/1213/1213 1205/1205/1205 1215/1215/1215
f 1213/1213/1213 1216/1216/1216 1214/1214/1214
f 1216/1216/1216 1213/1213/1213 1215/1215/1215
f 1216/1216/1216 1217/1217/1217 1214/1214/1214
f 1218/1218/1218 1215/1215/1215 1207/1207/1207
f 1216/1216/1216 1215/1215/1215 1218/1218/1218
f 1218/1218/1218 1207/1207/1207 1219/1219/1219
f 1216/1216/1216 1220/1220/1220 1217/1217/1217
f 1220/1220/1220 1216/1216/1216 1218/1218/1218
f 1220/1220/1220 1221/1221/1221 1217/1217/1217
f 1222/1222/1222 1218/1218/1218 1219/1219/1219
f 1220/1220/1220 1218/1218/1218 1222/1222/1222
f 1222/1222/1222 1219/1219/1219 1223/1223/1223
f 1224/1224/1224 1222/1222/1222 1223/1223/1223
f 1225/1225/1225 1220/1220/1220 1222/1222/1222
f 1220/1220/1220 1225/1225/1225 1221/1221/1221
f 1224/1224/1224 1226/1226/1226 1222/1222/1222
f 1225/1225/1225 1222/1222/1222 1226/1226/1226
f 1227/1227/1227 1226/1226/1226 1224/1224/1224
f 1221/1221/1221 1225/1225/1225 1228/1228/1228
f 1225/1225/1225 1226/1226/1226 1229/1229/1229
f 1227/1227/1227 1229/1229/1229 1226/1226/1226
f 1225/1225/1225 1229/1229/1229 1228/1228/1228
f 1221/1221/1221 1228/1228/1228 1230/1230/1230
f 1231/1231/1231 1229/1229/1229 1227/1227/1227
f 1228/1228/1228 1229/1229/1229 1231/1231/1231
f 1231/1231/1231 1227/1227/1227 1232/1232/1232
f 1230/1230/1230 1228/1228/1228 1233/1233/1233
f 1228/1228/1228 1231/1231/1231 1233/1233/1233
f 1230/1230/1230 1233/1233/1233 1234/1234/1234
f 1232/1232/1232 1235/1235/1235 1231/1231/1231
f 1235/1235/1235 1233/1233/1233 1231/1231/1231
f 1232/1232/1232 1236/1236/1236 1235/1235/1235
f 1235/1235/1235 1237/1237/1237 1233/1233/1233
f 1237/1237/1237 1234/1234/1234 1233/1233/1233
f 1237/1237/1237 1238/1238/1238 1234/1234/1234
f 1239/1239/1239 1240/1240/1240 1241/1241/1241
f 1242/1242/1242 1241/1241/1241 1240/1240/1240
f 1242/1242/1242 1243/1243/1243 1241/1241/1241
f 1239/1239/1239 1244/1244/1244 1240/1240/1240
f 1245/1245/1245 1244/1244/1244 1239/1239/1239
f 1245/1245/1245 1239/1239/1239 1246/1246/1246
f 1247/1247/1247 1248/1248/1248 1249/1249/1249
f 1247/1247/1247 1250/1250/1250 1248/1248/1248
f 1251/1251/1251 1252/1252/1252 1253/1253/1253
f 1251/1251/1251 1253/1253/1253 1254/1254/1254
f 1254/1254/1254 1253/1253/1253 1255/1255/1255
f 1254/1254/1254 1255/1255/1255 1256/1256/1256
f 1257/1257/1257 1256/1256/1256 1255/1255/1255
f 1257/1257/1257 1258/1258/1258 1256/1256/1256
f 1259/1259/1259 1256/1256/1256 1260/1260/1260
f 1259/1259/1259 1261/1261/1261 1256/1256/1256
f 1262/1262/1262 1256/1256/1256 1261/1261/1261
f 1262/1262/1262 1263/1263/1263 1256/1256/1256
f 1264/1264/1264 1263/1263/1263 1262/1262/1262
f 1264/1264/1264 1265/1265/1265 1263/1263/1263
f 1266/1266/1266 1262/1262/1262 1267/1267/1267
f 1266/1266/1266 1267/1267/1267 1268/1268/1268
f 1267/1267/1267 1262/1262/1262 1269/1269/1269
f 1267/1267/1267 1269/1269/1269 1270/1270/1270
f 1271/1271/1271 1270/1270/1270 1269/1269/1269
f 1271/1271/1271 1272/1272/1272 1270/1270/1270
f 1273/1273/1273 1274/1274/1274 1275/1275/1275
f 1273/1273/1273 1276/1276/1276 1274/1274/1274
f 1277/1277/1277 1276/1276/1276 1273/1273/1273
f 1277/1277/1277 1273/1273/1273 1278/1278/1278
f 1279/1279/1279 1277/1277/1277 1278/1278/1278
f 1279/1279/1279 1280/1280/1280 1277/1277/1277
f 1281/1281/1281 1282/1282/1282 1283/1283/1283
f 1281/1281/1281 1284/1284/1284 1282/1282/1282
f 1285/1285/1285 1283/1283/1283 1282/1282/1282
f 1285/1285/1285 1282/1282/1282 1286/1286/1286
f 1285/1285/1285 1286/1286/1286 1287/1287/1287
f 1285/1285/1285 1287/1287/1287 1288/1288/1288
f 1287/1287/1287 1289/1289/1289 1288/1288/1288
f 1287/1287/1287 1290/1290/1290 1289/1289/1289
f 1290/1290/1290 1291/1291/1291 1289/1289/1289
f 1290/1290/1290 1292/1292/1292 1291/1291/1291
f 1293/1293/1293 1294/1294/1294 1295/1295/1295
f 1293/1293/1293 1296/1296/1296 1294/1294/1294
f 1297/1297/1297 1298/1298/1298 1299/1299/1299
f 1297/1297/1297 1300/1300/1300 1298/1298/1298
f 1301/1301/1301 1302/1302/1302 1303/1303/1303
f 1303/1303/1303 1304/1304/1304 1301/1301/1301
f 1303/1303/1303 1305/1305/1305 1304/1304/1304
f 1306/1306/1306 1302/1302/1302 1307/1307/1307
f 1306/1306/1306 1307/1307/1307 1308/1308/1308
f 1308/1308/1308 1309/1309/1309 1306/1306/1306
f 1308/1308/1308 1310/1310/1310 1309/1309/1309
f 1307/1307/1307 1311/1311/1311 1308/1308/1308
f 1307/1307/1307 1312/1312/1312 1311/1311/1311
f 1313/1313/1313 1314/1314/1314 1315/1315/1315
f 1313/1313/1313 1316/1316/1316 1314/1314/1314
f 1314/1314/1314 1317/1317/1317 1315/1315/1315
f 1314/1314/1314 1318/1318/1318 1317/1317/1317
f 1319/1319/1319 1317/1317/1317 1318/1318/1318
f 1319/1319/1319 1318/1318/1318 1320/1320/1320
f 1321/1321/1321 1322/1322/1322 1323/1323/1323
f 1321/1321/1321 1324/1324/1324 1322/1322/1322
f 1325/1325/1325 1326/1326/1326 1327/1327/1327
f 1325/1325/1325 1328/1328/1328 1326/1326/1326
f 1329/1329/1329 1330/1330/1330 1196/1196/1196
f 1331/1331/1331 1332/1332/1332 1330/1330/1330
f 1331/1331/1331 1330/1330/1330 1333/1333/1333
f 1334/1334/1334 1196/1196/1196 1335/1335/1335
f 1334/1334/1334 1335/1335/1335 1336/1336/1336
f 1334/1334/1334 1336/1336/1336 1337/1337/1337
f 1338/1338/1338 1196/1196/1196 1339/1339/1339
f 1339/1339/1339 1340/1340/1340 1338/1338/1338
f 1339/1339/1339 1341/1341/1341 1340/1340/1340
f 1196/1196/1196 1342/1342/1342 1343/1343/1343
f 1344/1344/1344 1343/1343/1343 1342/1342/1342
f 1344/1344/1344 1345/1345/1345 1343/1343/1343
f 1196/1196/1196 1343/1343/1343 1302/1302/1302
f 1346/1346/1346 1302/1302/1302 1347/1347/1347
f 1346/1346/1346 1347/1347/1347 1348/1348/1348
f 1346/1346/1346 1348/1348/1348 1349/1349/1349
f 1350/1350/1350 1302/1302/1302 1351/1351/1351
f 1350/1350/1350 1351/1351/1351 1352/1352/1352
f 1350/1350/1350 1352/1352/1352 1353/1353/1353
f 1354/1354/1354 1355/1355/1355 1356/1356/1356
f 1357/1357/1357 1356/1356/1356 1355/1355/1355
f 1357/1357/1357 1358/1358/1358 1356/1356/1356
f 1354/1354/1354 1359/1359/1359 1355/1355/1355
f 1360/1360/1360 1359/1359/1359 1354/1354/1354
f 1360/1360/1360 1354/1354/1354 1361/1361/1361
f 1362/1362/1362 1363/1363/1363 1364/1364/1364
f 1365/1365/1365 1366/1366/1366 1367/1367/1367
f 1365/1365/1365 1368/1368/1368 1366/1366/1366
f 1369/1369/1369 1370/1370/1370 1371/1371/1371
f 1369/1369/1369 1372/1372/1372 1370/1370/1370
f 1373/1373/1373 1374/1374/1374 1375/1375/1375
f 1373/1373/1373 1376/1376/1376 1374/1374/1374
f 1377/1377/1377 1376/1376/1376 1373/1373/1373
f 1377/1377/1377 1373/1373/1373 1378/1378/1378
f 1379/1379/1379 1377/1377/1377 1378/1378/1378
f 1379/1379/1379 1380/1380/1380 1377/1377/1377
f 1381/1381/1381 1382/1382/1382 1383/1383/1383
f 1381/1381/1381 1384/1384/1384 1382/1382/1382
f 1385/1385/1385 1386/1386/1386 1387/1387/1387
f 1385/1385/1385 1388/1388/1388 1386/1386/1386
f 1389/1389/1389 1390/1390/1390 1391/1391/1391
f 1389/1389/1389 1392/1392/1392 1390/1390/1390
f 1393/1393/1393 1394/1394/1394 1395/1395/1395
f 1393/1393/1393 1396/1396/1396 1394/1394/1394
f 1397/1397/1397 1398/1398/1398 1399/1399/1399
f 1397/1397/1397 1400/1400/1400 1398/1398/1398
f 1401/1401/1401 1402/1402/1402 1403/1403/1403
f 1401/1401/1401 1404/1404/1404 1402/1402/1402
f 1405/1405/1405 1406/1406/1406 1407/1407/1407
f 1405/1405/1405 1408/1408/1408 1406/1406/1406
f 1409/1409/1409 1410/1410/1410 1411/1411/1411
f 1409/1409/1409 1412/1412/1412 1410/1410/1410
f 1413/1413/1413 1414/1414/1414 1415/1415/1415
f 1413/1413/1413 1416/1416/1416 1414/1414/1414
f 1417/1417/1417 1418/1418/1418 1419/1419/1419
f 1418/1418/1418 1420/1420/1420 1419/1419/1419
f 1417/1417/1417 1421/1421/1421 1418/1418/1418
f 1422/1422/1422 1421/1421/1421 1417/1417/1417
f 1422/1422/1422 1423/1423/1423 1421/1421/1421
f 1418/1418/1418 1424/1424/1424 1420/1420/1420
f 1424/1424/1424 1425/1425/1425 1420/1420/1420
f 1424/1424/1424 1426/1426/1426 1425/1425/1425
f 1426/1426/1426 1427/1427/1427 1425/1425/1425
f 1426/1426/1426 1428/1428/1428 1427/1427/1427
f 1429/1429/1429 1430/1430/1430 1431/1431/1431
f 1431/1431/1431 1430/1430/1430 1432/1432/1432
f 1431/1431/1431 1432/1432/1432 1433/1433/1433
f 1429/1429/1429 1434/1434/1434 1430/1430/1430
f 883/883/883 1431/1431/1431 1433/1433/1433
f 889/889/889 1429/1429/1429 1431/1431/1431
f 883/883/883 889/889/889 1431/1431/1431
f 889/889/889 937/937/937 1429/1429/1429
f 878/878/878 883/883/883 1433/1433/1433
f 1432/1432/1432 878/878/878 1433/1433/1433
f 1432/1432/1432 1430/1430/1430 1435/1435/1435
f 1435/1435/1435 1430/1430/1430 1434/1434/1434
f 1432/1432/1432 874/874/874 878/878/878
f 1436/1436/1436 1434/1434/1434 1429/1429/1429
f 937/937/937 1436/1436/1436 1429/1429/1429
f 1436/1436/1436 922/922/922 1434/1434/1434
f 937/937/937 930/930/930 1436/1436/1436
f 1437/1437/1437 1434/1434/1434 922/922/922
f 1435/1435/1435 1434/1434/1434 1437/1437/1437
f 922/922/922 1436/1436/1436 925/925/925
f 925/925/925 1436/1436/1436 930/930/930
f 1437/1437/1437 922/922/922 919/919/919
f 1438/1438/1438 1435/1435/1435 1437/1437/1437
f 1438/1438/1438 1437/1437/1437 1439/1439/1439
f 1439/1439/1439 1437/1437/1437 919/919/919
f 1435/1435/1435 1438/1438/1438 1440/1440/1440
f 1440/1440/1440 1438/1438/1438 1439/1439/1439
f 1441/1441/1441 1432/1432/1432 1435/1435/1435
f 1441/1441/1441 874/874/874 1432/1432/1432
f 1440/1440/1440 1442/1442/1442 1435/1435/1435
f 1442/1442/1442 1441/1441/1441 1435/1435/1435
f 1440/1440/1440 1439/1439/1439 866/866/866
f 1442/1442/1442 871/871/871 1441/1441/1441
f 1441/1441/1441 871/871/871 874/874/874
f 1440/1440/1440 1443/1443/1443 1442/1442/1442
f 1442/1442/1442 1443/1443/1443 871/871/871
f 1440/1440/1440 866/866/866 1443/1443/1443
f 866/866/866 1439/1439/1439 869/869/869
f 1439/1439/1439 919/919/919 869/869/869
f 866/866/866 868/868/868 1443/1443/1443
f 1443/1443/1443 872/872/872 871/871/871
f 1443/1443/1443 868/868/868 872/872/872
f 1444/1444/1444 1445/1445/1445 1446/1446/1446
f 1444/1444/1444 1447/1447/1447 1445/1445/1445
f 1448/1448/1448 1447/1447/1447 1444/1444/1444
f 1448/1448/1448 1444/1444/1444 1449/1449/1449
f 1450/1450/1450 1448/1448/1448 1449/1449/1449
f 1450/1450/1450 1451/1451/1451 1448/1448/1448
f 1452/1452/1452 1453/1453/1453 1454/1454/1454
f 1452/1452/1452 1455/1455/1455 1453/1453/1453
f 1456/1456/1456 1455/1455/1455 1452/1452/1452
f 1456/1456/1456 1452/1452/1452 1457/1457/1457
f 1458/1458/1458 1456/1456/1456 1457/1457/1457
f 1458/1458/1458 1459/1459/1459 1456/1456/1456
f 1460/1460/1460 1461/1461/1461 1462/1462/1462
f 1460/1460/1460 1463/1463/1463 1461/1461/1461
f 1464/1464/1464 1463/1463/1463 1460/1460/1460
f 1464/1464/1464 1460/1460/1460 1465/1465/1465
f 1466/1466/1466 1464/1464/1464 1465/1465/1465
f 1466/1466/1466 1467/1467/1467 1464/1464/1464
f 1468/1468/1468 1469/1469/1469 1470/1470/1470
f 1468/1468/1468 1471/1471/1471 1469/1469/1469
f 1472/1472/1472 1471/1471/1471 1468/1468/1468
f 1472/1472/1472 1468/1468/1468 1473/1473/1473
f 1474/1474/1474 1472/1472/1472 1473/1473/1473
f 1474/1474/1474 1475/1475/1475 1472/1472/1472
f 1476/1476/1476 1477/1477/1477 1478/1478/1478
f 1476/1476/1476 1479/1479/1479 1477/1477/1477
f 1480/1480/1480 1479/1479/1479 1476/1476/1476
f 1480/1480/1480 1476/1476/1476 1481/1481/1481
f 1482/1482/1482 1480/1480/1480 1481/1481/1481
f 1482/1482/1482 1483/1483/1483 1480/1480/1480
f 1484/1484/1484 1485/1485/1485 1486/1486/1486
f 1484/1484/1484 1487/1487/1487 1485/1485/1485
f 1488/1488/1488 1487/1487/1487 1484/1484/1484
f 1488/1488/1488 1484/1484/1484 1489/1489/1489
f 1490/1490/1490 1488/1488/1488 1489/1489/1489
f 1490/1490/1490 1491/1491/1491 1488/1488/1488
f 1492/1492/1492 1493/1493/1493 1494/1494/1494
f 1492/1492/1492 1495/1495/1495 1493/1493/1493
f 1496/1496/1496 1495/1495/1495 1492/1492/1492
f 1496/1496/1496 1492/1492/1492 1497/1497/1497
f 1498/1498/1498 1496/1496/1496 1497/1497/1497
f 1498/1498/1498 1499/1499/1499 1496/1496/1496
f 1500/1500/1500 1501/1501/1501 1502/1502/1502
f 1500/1500/1500 1503/1503/1503 1501/1501/1501
f 1504/1504/1504 1503/1503/1503 1500/1500/1500
f 1504/1504/1504 1500/1500/1500 1505/1505/1505
f 1506/1506/1506 1504/1504/1504 1505/1505/1505
f 1506/1506/1506 1507/1507/1507 1504/1504/1504
f 1508/1508/1508 1509/1509/1509 1510/1510/1510
f 1508/1508/1508 1511/1511/1511 1509/1509/1509
f 1512/1512/1512 1511/1511/1511 1508/1508/1508
f 1512/1512/1512 1508/1508/1508 1513/1513/1513
f 1514/1514/1514 1512/1512/1512 1513/1513/1513
f 1514/1514/1514 1515/1515/1515 1512/1512/1512
f 1516/1516/1516 1517/1517/1517 1518/1518/1518
f 1516/1516/1516 1519/1519/1519 1517/1517/1517
f 1520/1520/1520 1519/1519/1519 1516/1516/1516
f 1520/1520/1520 1516/1516/1516 1521/1521/1521
f 1522/1522/1522 1520/1520/1520 1521/1521/1521
f 1522/1522/1522 1523/1523/1523 1520/1520/1520
f 1524/1524/1524 1525/1525/1525 1526/1526/1526
f 1527/1527/1527 1524/1524/1524 1526/1526/1526
f 1527/1527/1527 1528/1528/1528 1524/1524/1524
f 1524/1524/1524 1529/1529/1529 1525/1525/1525
f 1529/1529/1529 1530/1530/1530 1525/1525/1525
f 1529/1529/1529 1531/1531/1531 1530/1530/1530
f 1526/1526/1526 1525/1525/1525 1532/1532/1532
f 1533/1533/1533 1532/1532/1532 1525/1525/1525
f 1533/1533/1533 1525/1525/1525 1534/1534/1534
f 1526/1526/1526 1532/1532/1532 1535/1535/1535
f 1536/1536/1536 1526/1526/1526 1535/1535/1535
f 1536/1536/1536 1535/1535/1535 1537/1537/1537
f 1538/1538/1538 1539/1539/1539 1540/1540/1540
f 1538/1538/1538 1541/1541/1541 1539/1539/1539
f 1541/1541/1541 1538/1538/1538 1542/1542/1542
f 1541/1541/1541 1542/1542/1542 1543/1543/1543
f 1544/1544/1544 1540/1540/1540 1539/1539/1539
f 1544/1544/1544 1545/1545/1545 1540/1540/1540
f 1546/1546/1546 1540/1540/1540 1547/1547/1547
f 1546/1546/1546 1548/1548/1548 1540/1540/1540
f 1253/1253/1253 1540/1540/1540 1548/1548/1548
f 1253/1253/1253 1549/1549/1549 1540/1540/1540
f 1550/1550/1550 1549/1549/1549 1253/1253/1253
f 1550/1550/1550 1551/1551/1551 1549/1549/1549
f 1552/1552/1552 1553/1553/1553 1554/1554/1554
f 1554/1554/1554 1553/1553/1553 1555/1555/1555
f 1556/1556/1556 1555/1555/1555 1553/1553/1553
f 1554/1554/1554 1555/1555/1555 1557/1557/1557
f 1558/1558/1558 1554/1554/1554 1557/1557/1557
f 1558/1558/1558 1557/1557/1557 1559/1559/1559
f 1560/1560/1560 1554/1554/1554 1558/1558/1558
f 1560/1560/1560 1552/1552/1552 1554/1554/1554
f 1561/1561/1561 1552/1552/1552 1560/1560/1560
f 1556/1556/1556 1553/1553/1553 1562/1562/1562
f 1563/1563/1563 1556/1556/1556 1562/1562/1562
f 1552/1552/1552 1564/1564/1564 1553/1553/1553
f 1562/1562/1562 1553/1553/1553 1564/1564/1564
f 1561/1561/1561 1565/1565/1565 1552/1552/1552
f 1565/1565/1565 1564/1564/1564 1552/1552/1552
f 1566/1566/1566 1565/1565/1565 1561/1561/1561
f 1563/1563/1563 1562/1562/1562 1567/1567/1567
f 1567/1567/1567 1568/1568/1568 1563/1563/1563
f 1567/1567/1567 1569/1569/1569 1568/1568/1568
f 1567/1567/1567 1562/1562/1562 1570/1570/1570
f 1562/1562/1562 1564/1564/1564 1570/1570/1570
f 1571/1571/1571 1569/1569/1569 1567/1567/1567
f 1567/1567/1567 1570/1570/1570 1571/1571/1571
f 1571/1571/1571 1572/1572/1572 1569/1569/1569
f 1570/1570/1570 1564/1564/1564 1573/1573/1573
f 1565/1565/1565 1573/1573/1573 1564/1564/1564
f 1571/1571/1571 1570/1570/1570 1574/1574/1574
f 1570/1570/1570 1573/1573/1573 1574/1574/1574
f 1575/1575/1575 1572/1572/1572 1571/1571/1571
f 1571/1571/1571 1574/1574/1574 1575/1575/1575
f 1575/1575/1575 1576/1576/1576 1572/1572/1572
f 1577/1577/1577 1573/1573/1573 1565/1565/1565
f 1566/1566/1566 1577/1577/1577 1565/1565/1565
f 1578/1578/1578 1577/1577/1577 1566/1566/1566
f 1578/1578/1578 1579/1579/1579 1577/1577/1577
f 1577/1577/1577 1580/1580/1580 1573/1573/1573
f 1579/1579/1579 1580/1580/1580 1577/1577/1577
f 1574/1574/1574 1573/1573/1573 1580/1580/1580
f 1579/1579/1579 1581/1581/1581 1580/1580/1580
f 1574/1574/1574 1580/1580/1580 1582/1582/1582
f 1582/1582/1582 1580/1580/1580 1581/1581/1581
f 1575/1575/1575 1574/1574/1574 1582/1582/1582
f 1582/1582/1582 1581/1581/1581 1583/1583/1583
f 1582/1582/1582 1583/1583/1583 1584/1584/1584
f 1575/1575/1575 1582/1582/1582 1585/1585/1585
f 1582/1582/1582 1584/1584/1584 1585/1585/1585
f 1585/1585/1585 1576/1576/1576 1575/1575/1575
f 1585/1585/1585 1586/1586/1586 1576/1576/1576
f 1584/1584/1584 1586/1586/1586 1585/1585/1585
f 1584/1584/1584 1587/1587/1587 1586/1586/1586
f 1588/1588/1588 1589/1589/1589 1590/1590/1590
f 1588/1588/1588 1591/1591/1591 1589/1589/1589
f 1592/1592/1592 1593/1593/1593 1594/1594/1594
f 1592/1592/1592 1595/1595/1595 1593/1593/1593
f 1596/1596/1596 1597/1597/1597 1598/1598/1598
f 1596/1596/1596 1599/1599/1599 1597/1597/1597
f 1600/1600/1600 1599/1599/1599 1596/1596/1596
f 1600/1600/1600 1596/1596/1596 1601/1601/1601
f 1602/1602/1602 1600/1600/1600 1601/1601/1601
f 1602/1602/1602 1601/1601/1601 1603/1603/1603
f 1604/1604/1604 771/771/771 770/770/770
f 1605/1605/1605 1604/1604/1604 770/770/770
f 1605/1605/1605 770/770/770 1606/1606/1606
f 770/770/770 767/767/767 1606/1606/1606
f 766/766/766 1605/1605/1605 1606/1606/1606
f 767/767/767 766/766/766 1606/1606/1606
f 766/766/766 1607/1607/1607 1605/1605/1605
f 1605/1605/1605 1607/1607/1607 1608/1608/1608
f 1609/1609/1609 1604/1604/1604 1605/1605/1605
f 1609/1609/1609 1605/1605/1605 1608/1608/1608
f 1609/1609/1609 1610/1610/1610 1604/1604/1604
f 709/709/709 1607/1607/1607 766/766/766
f 1611/1611/1611 1610/1610/1610 1609/1609/1609
f 1611/1611/1611 1609/1609/1609 1608/1608/1608
f 1610/1610/1610 784/784/784 1604/1604/1604
f 1604/1604/1604 784/784/784 771/771/771
f 1611/1611/1611 1612/1612/1612 1610/1610/1610
f 1610/1610/1610 787/787/787 784/784/784
f 1612/1612/1612 787/787/787 1610/1610/1610
f 1613/1613/1613 1612/1612/1612 1611/1611/1611
f 1613/1613/1613 1611/1611/1611 1608/1608/1608
f 1612/1612/1612 674/674/674 787/787/787
f 1608/1608/1608 1614/1614/1614 1613/1613/1613
f 1613/1613/1613 671/671/671 1612/1612/1612
f 671/671/671 674/674/674 1612/1612/1612
f 1613/1613/1613 1614/1614/1614 1615/1615/1615
f 1613/1613/1613 1615/1615/1615 671/671/671
f 1614/1614/1614 1608/1608/1608 1616/1616/1616
f 1614/1614/1614 1616/1616/1616 1615/1615/1615
f 1608/1608/1608 1617/1617/1617 1616/1616/1616
f 1608/1608/1608 1607/1607/1607 1617/1617/1617
f 709/709/709 1617/1617/1617 1607/1607/1607
f 671/671/671 1615/1615/1615 672/672/672
f 1615/1615/1615 1616/1616/1616 678/678/678
f 1615/1615/1615 678/678/678 672/672/672
f 1616/1616/1616 1617/1617/1617 681/681/681
f 1616/1616/1616 681/681/681 678/678/678
f 700/700/700 1617/1617/1617 709/709/709
f 700/700/700 681/681/681 1617/1617/1617
f 1618/1618/1618 1619/1619/1619 1620/1620/1620
f 1618/1618/1618 1621/1621/1621 1619/1619/1619
f 1622/1622/1622 1623/1623/1623 1624/1624/1624
f 1622/1622/1622 1625/1625/1625 1623/1623/1623
f 1626/1626/1626 1627/1627/1627 1628/1628/1628
f 1626/1626/1626 1629/1629/1629 1627/1627/1627
f 1630/1630/1630 1631/1631/1631 1632/1632/1632
f 1630/1630/1630 1633/1633/1633 1631/1631/1631
f 1634/1634/1634 1635/1635/1635 1636/1636/1636
f 1634/1634/1634 1637/1637/1637 1635/1635/1635
f 1638/1638/1638 1639/1639/1639 1640/1640/1640
f 1638/1638/1638 1641/1641/1641 1639/1639/1639
f 1642/1642/1642 1643/1643/1643 1644/1644/1644
f 1642/1642/1642 1645/1645/1645 1643/1643/1643
f 1646/1646/1646 1647/1647/1647 1648/1648/1648
f 1646/1646/1646 1649/1649/1649 1647/1647/1647
f 1650/1650/1650 1651/1651/1651 1652/1652/1652
f 1653/1653/1653 1652/1652/1652 1651/1651/1651
f 1653/1653/1653 1654/1654/1654 1652/1652/1652
f 1650/1650/1650 1655/1655/1655 1651/1651/1651
f 1656/1656/1656 1655/1655/1655 1650/1650/1650
f 1656/1656/1656 1650/1650/1650 1657/1657/1657
f 1658/1658/1658 1659/1659/1659 1660/1660/1660
f 1658/1658/1658 1661/1661/1661 1659/1659/1659
f 1661/1661/1661 1662/1662/1662 1659/1659/1659
f 1661/1661/1661 1663/1663/1663 1662/1662/1662
f 1658/1658/1658 1664/1664/1664 1665/1665/1665
f 1658/1658/1658 1665/1665/1665 1666/1666/1666
f 1666/1666/1666 1665/1665/1665 1667/1667/1667
f 1666/1666/1666 1667/1667/1667 1668/1668/1668
f 1664/1664/1664 1669/1669/1669 1665/1665/1665
f 1669/1669/1669 1670/1670/1670 1665/1665/1665
f 1669/1669/1669 1671/1671/1671 1670/1670/1670
f 1664/1664/1664 1672/1672/1672 1669/1669/1669
f 1672/1672/1672 1673/1673/1673 1669/1669/1669
f 1673/1673/1673 1674/1674/1674 1669/1669/1669
f 1673/1673/1673 1675/1675/1675 1674/1674/1674
f 1672/1672/1672 1676/1676/1676 1673/1673/1673
f 1677/1677/1677 1678/1678/1678 1676/1676/1676
f 1677/1677/1677 1679/1679/1679 1678/1678/1678
f 1677/1677/1677 1680/1680/1680 1679/1679/1679
f 1677/1677/1677 1676/1676/1676 1681/1681/1681
f 1682/1682/1682 1683/1683/1683 1681/1681/1681
f 1683/1683/1683 1684/1684/1684 1685/1685/1685
f 1683/1683/1683 1682/1682/1682 1684/1684/1684
f 1682/1682/1682 1681/1681/1681 1686/1686/1686
f 1682/1682/1682 1687/1687/1687 1688/1688/1688
f 1682/1682/1682 1689/1689/1689 1687/1687/1687
f 1689/1689/1689 1682/1682/1682 1686/1686/1686
f 1689/1689/1689 1686/1686/1686 1690/1690/1690
f 1691/1691/1691 1689/1689/1689 1690/1690/1690
f 1691/1691/1691 1690/1690/1690 1692/1692/1692
f 1689/1689/1689 1691/1691/1691 1693/1693/1693
f 1689/1689/1689 1693/1693/1693 1694/1694/1694
f 1695/1695/1695 1692/1692/1692 1696/1696/1696
f 1695/1695/1695 1697/1697/1697 1692/1692/1692
f 1695/1695/1695 1698/1698/1698 1697/1697/1697
f 1695/1695/1695 1699/1699/1699 1698/1698/1698
f 1700/1700/1700 1701/1701/1701 1696/1696/1696
f 1700/1700/1700 1702/1702/1702 1701/1701/1701
f 1703/1703/1703 1701/1701/1701 1702/1702/1702
f 1703/1703/1703 1702/1702/1702 1704/1704/1704
f 1705/1705/1705 1700/1700/1700 1706/1706/1706
f 1705/1705/1705 1707/1707/1707 1700/1700/1700
f 1704/1704/1704 1707/1707/1707 1705/1705/1705
f 1704/1704/1704 1705/1705/1705 1708/1708/1708
f 1709/1709/1709 1710/1710/1710 1711/1711/1711
f 1709/1709/1709 1712/1712/1712 1710/1710/1710
f 1713/1713/1713 1714/1714/1714 1715/1715/1715
f 1713/1713/1713 1716/1716/1716 1714/1714/1714
f 1717/1717/1717 1718/1718/1718 1719/1719/1719
f 1720/1720/1720 1717/1717/1717 1719/1719/1719
f 1720/1720/1720 1719/1719/1719 1721/1721/1721
f 1717/1717/1717 1722/1722/1722 1718/1718/1718
f 1723/1723/1723 1718/1718/1718 1722/1722/1722
f 1723/1723/1723 1724/1724/1724 1718/1718/1718
f 1725/1725/1725 1718/1718/1718 1726/1726/1726
f 1725/1725/1725 1727/1727/1727 1718/1718/1718
f 1718/1718/1718 1727/1727/1727 1728/1728/1728
f 1718/1718/1718 1728/1728/1728 1729/1729/1729
f 1730/1730/1730 1729/1729/1729 1728/1728/1728
f 1730/1730/1730 1728/1728/1728 1731/1731/1731
f 1732/1732/1732 1733/1733/1733 1734/1734/1734
f 1732/1732/1732 1735/1735/1735 1733/1733/1733
f 1736/1736/1736 1737/1737/1737 1738/1738/1738
f 1736/1736/1736 1739/1739/1739 1737/1737/1737
f 1740/1740/1740 1741/1741/1741 1742/1742/1742
f 1743/1743/1743 1742/1742/1742 1741/1741/1741
f 1743/1743/1743 1744/1744/1744 1742/1742/1742
f 1740/1740/1740 1745/1745/1745 1741/1741/1741
f 1740/1740/1740 1746/1746/1746 1745/1745/1745
f 1740/1740/1740 1747/1747/1747 1746/1746/1746
f 1748/1748/1748 1749/1749/1749 1747/1747/1747
f 1748/1748/1748 1747/1747/1747 1750/1750/1750
f 1748/1748/1748 1750/1750/1750 1751/1751/1751
f 1748/1748/1748 1751/1751/1751 1752/1752/1752
f 1751/1751/1751 1753/1753/1753 1752/1752/1752
f 1751/1751/1751 1744/1744/1744 1753/1753/1753
f 1754/1754/1754 1753/1753/1753 1755/1755/1755
f 1754/1754/1754 1755/1755/1755 1756/1756/1756
f 1757/1757/1757 1754/1754/1754 1756/1756/1756
f 1757/1757/1757 1758/1758/1758 1754/1754/1754
f 1759/1759/1759 1758/1758/1758 1757/1757/1757
f 1759/1759/1759 1757/1757/1757 1760/1760/1760
f 1761/1761/1761 1755/1755/1755 1762/1762/1762
f 1761/1761/1761 1763/1763/1763 1755/1755/1755
f 1764/1764/1764 1763/1763/1763 1761/1761/1761
f 1764/1764/1764 1765/1765/1765 1763/1763/1763
f 1766/1766/1766 1765/1765/1765 1764/1764/1764
f 1766/1766/1766 1767/1767/1767 1765/1765/1765
f 1768/1768/1768 1769/1769/1769 1770/1770/1770
f 1771/1771/1771 1770/1770/1770 1769/1769/1769
f 1771/1771/1771 1772/1772/1772 1770/1770/1770
f 1768/1768/1768 1773/1773/1773 1769/1769/1769
f 1774/1774/1774 1773/1773/1773 1768/1768/1768
f 1774/1774/1774 1775/1775/1775 1773/1773/1773
f 1776/1776/1776 1777/1777/1777 1778/1778/1778
f 1776/1776/1776 1779/1779/1779 1777/1777/1777
f 1780/1780/1780 1776/1776/1776 1778/1778/1778
f 1780/1780/1780 1778/1778/1778 1781/1781/1781
f 1782/1782/1782 1780/1780/1780 1781/1781/1781
f 1782/1782/1782 1781/1781/1781 1783/1783/1783
f 1784/1784/1784 1785/1785/1785 1786/1786/1786
f 1786/1786/1786 1785/1785/1785 1787/1787/1787
f 1784/1784/1784 1788/1788/1788 1785/1785/1785
f 1786/1786/1786 1787/1787/1787 1789/1789/1789
f 1788/1788/1788 1784/1784/1784 1790/1790/1790
f 1789/1789/1789 1787/1787/1787 1791/1791/1791
f 1788/1788/1788 1790/1790/1790 1792/1792/1792
f 1789/1789/1789 1791/1791/1791 1793/1793/1793
f 1792/1792/1792 1790/1790/1790 1794/1794/1794
f 1793/1793/1793 1791/1791/1791 1795/1795/1795
f 1792/1792/1792 1794/1794/1794 1796/1796/1796
f 1793/1793/1793 1795/1795/1795 1797/1797/1797
f 1795/1795/1795 1798/1798/1798 1797/1797/1797
f 1795/1795/1795 1799/1799/1799 1798/1798/1798
f 1796/1796/1796 1794/1794/1794 1800/1800/1800
f 1796/1796/1796 1800/1800/1800 1801/1801/1801
f 1801/1801/1801 1800/1800/1800 1802/1802/1802
f 1801/1801/1801 1802/1802/1802 1803/1803/1803
f 1804/1804/1804 1803/1803/1803 1802/1802/1802
f 1804/1804/1804 1805/1805/1805 1803/1803/1803
f 1806/1806/1806 1807/1807/1807 1808/1808/1808
f 1808/1808/1808 1807/1807/1807 1762/1762/1762
f 1808/1808/1808 1762/1762/1762 1809/1809/1809
f 1806/1806/1806 1764/1764/1764 1807/1807/1807
f 1810/1810/1810 1764/1764/1764 1806/1806/1806
f 1810/1810/1810 1811/1811/1811 1764/1764/1764
f 1812/1812/1812 1809/1809/1809 1813/1813/1813
f 1812/1812/1812 1814/1814/1814 1809/1809/1809
f 1815/1815/1815 1814/1814/1814 1812/1812/1812
f 1815/1815/1815 1816/1816/1816 1814/1814/1814
f 1817/1817/1817 1816/1816/1816 1815/1815/1815
f 1817/1817/1817 1818/1818/1818 1816/1816/1816
f 1819/1819/1819 1820/1820/1820 1813/1813/1813
f 1819/1819/1819 1821/1821/1821 1820/1820/1820
f 1821/1821/1821 1822/1822/1822 1820/1820/1820
f 1821/1821/1821 1819/1819/1819 1823/1823/1823
f 1821/1821/1821 1824/1824/1824 1822/1822/1822
f 1825/1825/1825 1822/1822/1822 1824/1824/1824
f 1825/1825/1825 1824/1824/1824 1826/1826/1826
f 1821/1821/1821 1823/1823/1823 1827/1827/1827
f 1827/1827/1827 1828/1828/1828 1821/1821/1821
f 1827/1827/1827 1829/1829/1829 1828/1828/1828
f 1830/1830/1830 1828/1828/1828 1829/1829/1829
f 1830/1830/1830 1829/1829/1829 1831/1831/1831
f 1832/1832/1832 1823/1823/1823 1833/1833/1833
f 1832/1832/1832 1833/1833/1833 1834/1834/1834
f 1834/1834/1834 1835/1835/1835 1832/1832/1832
f 1834/1834/1834 1836/1836/1836 1835/1835/1835
f 1837/1837/1837 1835/1835/1835 1836/1836/1836
f 1837/1837/1837 1836/1836/1836 1838/1838/1838
f 1839/1839/1839 1833/1833/1833 1840/1840/1840
f 1839/1839/1839 1841/1841/1841 1833/1833/1833
f 1842/1842/1842 1839/1839/1839 1840/1840/1840
f 1842/1842/1842 1843/1843/1843 1839/1839/1839
f 1839/1839/1839 1844/1844/1844 1841/1841/1841
f 1845/1845/1845 1839/1839/1839 1843/1843/1843
f 1839/1839/1839 1846/1846/1846 1844/1844/1844
f 1845/1845/1845 1846/1846/1846 1839/1839/1839
f 1847/1847/1847 1844/1844/1844 1846/1846/1846
f 1847/1847/1847 1848/1848/1848 1844/1844/1844
f 1849/1849/1849 1846/1846/1846 1845/1845/1845
f 1849/1849/1849 1845/1845/1845 1850/1850/1850
f 1851/1851/1851 1852/1852/1852 1853/1853/1853
f 1851/1851/1851 1854/1854/1854 1852/1852/1852
f 1855/1855/1855 1851/1851/1851 1853/1853/1853
f 1855/1855/1855 1853/1853/1853 1856/1856/1856
f 1857/1857/1857 1855/1855/1855 1856/1856/1856
f 1857/1857/1857 1856/1856/1856 1858/1858/1858
f 1859/1859/1859 1860/1860/1860 1861/1861/1861
f 1859/1859/1859 1862/1862/1862 1860/1860/1860
f 1863/1863/1863 1864/1864/1864 1865/1865/1865
f 1863/1863/1863 1866/1866/1866 1864/1864/1864
f 1865/1865/1865 1867/1867/1867 1863/1863/1863
f 1867/1867/1867 1868/1868/1868 1863/1863/1863
f 1869/1869/1869 1870/1870/1870 1871/1871/1871
f 1872/1872/1872 1871/1871/1871 1870/1870/1870
f 1869/1869/1869 1871/1871/1871 1873/1873/1873
f 1871/1871/1871 1874/1874/1874 1873/1873/1873
f 1875/1875/1875 1876/1876/1876 1877/1877/1877
f 1875/1875/1875 1878/1878/1878 1876/1876/1876
f 1879/1879/1879 1880/1880/1880 1881/1881/1881
f 1882/1882/1882 1879/1879/1879 1881/1881/1881
f 1881/1881/1881 1883/1883/1883 1882/1882/1882
f 1884/1884/1884 1882/1882/1882 1883/1883/1883
f 1885/1885/1885 1884/1884/1884 1883/1883/1883
f 1885/1885/1885 1886/1886/1886 1884/1884/1884
f 1884/1884/1884 1886/1886/1886 1887/1887/1887
f 1886/1886/1886 1888/1888/1888 1887/1887/1887
f 1889/1889/1889 1884/1884/1884 1887/1887/1887
f 1890/1890/1890 1889/1889/1889 1887/1887/1887
f 1891/1891/1891 1886/1886/1886 1885/1885/1885
f 1891/1891/1891 1885/1885/1885 1892/1892/1892
f 1891/1891/1891 1892/1892/1892 1893/1893/1893
f 1879/1879/1879 1891/1891/1891 1893/1893/1893
f 1894/1894/1894 1879/1879/1879 1893/1893/1893
f 1880/1880/1880 1879/1879/1879 1894/1894/1894
f 1895/1895/1895 1894/1894/1894 1893/1893/1893
f 1895/1895/1895 1893/1893/1893 1896/1896/1896
f 1897/1897/1897 1896/1896/1896 1893/1893/1893
f 1895/1895/1895 1898/1898/1898 1894/1894/1894
f 1897/1897/1897 1899/1899/1899 1896/1896/1896
f 1897/1897/1897 1900/1900/1900 1899/1899/1899
f 1901/1901/1901 1900/1900/1900 1897/1897/1897
f 1894/1894/1894 1898/1898/1898 1902/1902/1902
f 1901/1901/1901 1902/1902/1902 1900/1900/1900
f 1894/1894/1894 1902/1902/1902 1901/1901/1901
f 1901/1901/1901 1903/1903/1903 1894/1894/1894
f 1903/1903/1903 1880/1880/1880 1894/1894/1894
f 1901/1901/1901 1904/1904/1904 1903/1903/1903
f 1903/1903/1903 1905/1905/1905 1880/1880/1880
f 1906/1906/1906 1904/1904/1904 1901/1901/1901
f 1880/1880/1880 1905/1905/1905 1906/1906/1906
f 1906/1906/1906 1901/1901/1901 1881/1881/1881
f 1880/1880/1880 1906/1906/1906 1881/1881/1881
f 1907/1907/1907 1908/1908/1908 1909/1909/1909
f 1907/1907/1907 1910/1910/1910 1908/1908/1908
f 1911/1911/1911 1912/1912/1912 1913/1913/1913
f 1911/1911/1911 1914/1914/1914 1912/1912/1912
f 1915/1915/1915 1916/1916/1916 1917/1917/1917
f 1915/1915/1915 1918/1918/1918 1916/1916/1916
f 1919/1919/1919 1920/1920/1920 1921/1921/1921
f 1922/1922/1922 1921/1921/1921 1920/1920/1920
f 1923/1923/1923 1922/1922/1922 1920/1920/1920
f 1921/1921/1921 1924/1924/1924 1919/1919/1919
f 1924/1924/1924 1925/1925/1925 1919/1919/1919
f 1919/1919/1919 1925/1925/1925 1926/1926/1926
f 1925/1925/1925 1927/1927/1927 1926/1926/1926
f 1926/1926/1926 1927/1927/1927 1928/1928/1928
f 1927/1927/1927 1929/1929/1929 1928/1928/1928
f 1930/1930/1930 1931/1931/1931 1932/1932/1932
f 1930/1930/1930 1933/1933/1933 1931/1931/1931
f 1934/1934/1934 1935/1935/1935 1936/1936/1936
f 1934/1934/1934 1937/1937/1937 1935/1935/1935
f 1938/1938/1938 1939/1939/1939 1940/1940/1940
f 1941/1941/1941 1940/1940/1940 1939/1939/1939
f 1942/1942/1942 1940/1940/1940 1941/1941/1941
f 1938/1938/1938 1943/1943/1943 1939/1939/1939
f 1944/1944/1944 1940/1940/1940 1942/1942/1942
f 1945/1945/1945 1940/1940/1940 1944/1944/1944
f 1945/1945/1945 1946/1946/1946 1940/1940/1940
f 1943/1943/1943 1938/1938/1938 1947/1947/1947
f 1947/1947/1947 1938/1938/1938 1948/1948/1948
f 1948/1948/1948 1938/1938/1938 1949/1949/1949
f 1950/1950/1950 1949/1949/1949 1938/1938/1938
f 1950/1950/1950 1951/1951/1951 1949/1949/1949
f 1952/1952/1952 1953/1953/1953 1954/1954/1954
f 1952/1952/1952 1955/1955/1955 1953/1953/1953
f 1956/1956/1956 1957/1957/1957 1958/1958/1958
f 1956/1956/1956 1959/1959/1959 1957/1957/1957
f 1960/1960/1960 1961/1961/1961 1962/1962/1962
f 1962/1962/1962 1963/1963/1963 1960/1960/1960
f 1960/1960/1960 1963/1963/1963 1964/1964/1964
f 1963/1963/1963 1965/1965/1965 1964/1964/1964
f 1965/1965/1965 1966/1966/1966 1964/1964/1964
f 1966/1966/1966 1967/1967/1967 1964/1964/1964
f 1968/1968/1968 1969/1969/1969 1970/1970/1970
f 1970/1970/1970 1969/1969/1969 1971/1971/1971
f 1969/1969/1969 1972/1972/1972 1971/1971/1971
f 1973/1973/1973 1974/1974/1974 1975/1975/1975
f 1973/1973/1973 1976/1976/1976 1974/1974/1974
f 1977/1977/1977 1978/1978/1978 1979/1979/1979
f 1977/1977/1977 1980/1980/1980 1978/1978/1978
f 1981/1981/1981 1982/1982/1982 1983/1983/1983
f 1981/1981/1981 1984/1984/1984 1982/1982/1982
f 1985/1985/1985 1986/1986/1986 1987/1987/1987
f 1985/1985/1985 1988/1988/1988 1986/1986/1986
f 1989/1989/1989 1990/1990/1990 1991/1991/1991
f 1989/1989/1989 1992/1992/1992 1990/1990/1990
f 1993/1993/1993 1994/1994/1994 1995/1995/1995
f 1996/1996/1996 1997/1997/1997 1998/1998/1998
f 1996/1996/1996 1999/1999/1999 1997/1997/1997
f 2000/2000/2000 2001/2001/2001 2002/2002/2002
f 2000/2000/2000 2003/2003/2003 2001/2001/2001
f 2004/2004/2004 2005/2005/2005 2006/2006/2006
f 2004/2004/2004 2007/2007/2007 2005/2005/2005
f 2006/2006/2006 2008/2008/2008 2004/2004/2004
f 2006/2006/2006 2009/2009/2009 2008/2008/2008
f 2010/2010/2010 2007/2007/2007 2011/2011/2011
f 2010/2010/2010 2011/2011/2011 2012/2012/2012
f 2012/2012/2012 2011/2011/2011 2013/2013/2013
f 2012/2012/2012 2013/2013/2013 2014/2014/2014
f 2015/2015/2015 2016/2016/2016 2017/2017/2017
f 2015/2015/2015 2018/2018/2018 2016/2016/2016
f 2019/2019/2019 2020/2020/2020 2021/2021/2021
f 2019/2019/2019 2022/2022/2022 2020/2020/2020
f 2023/2023/2023 2024/2024/2024 2025/2025/2025
f 2023/2023/2023 2010/2010/2010 2024/2024/2024
f 2025/2025/2025 2024/2024/2024 2026/2026/2026
f 2025/2025/2025 2026/2026/2026 2027/2027/2027
f 2028/2028/2028 2023/2023/2023 2025/2025/2025
f 2028/2028/2028 2025/2025/2025 2029/2029/2029
f 2029/2029/2029 2025/2025/2025 2030/2030/2030
f 2029/2029/2029 2030/2030/2030 2031/2031/2031
f 2032/2032/2032 2033/2033/2033 2034/2034/2034
f 2035/2035/2035 2034/2034/2034 2033/2033/2033
f 2035/2035/2035 2033/2033/2033 2036/2036/2036
f 2033/2033/2033 2037/2037/2037 2036/2036/2036
f 2032/2032/2032 2038/2038/2038 2033/2033/2033
f 2038/2038/2038 2032/2032/2032 2039/2039/2039
f 2038/2038/2038 2039/2039/2039 2040/2040/2040
f 2041/2041/2041 2038/2038/2038 2040/2040/2040
f 2041/2041/2041 2042/2042/2042 2038/2038/2038
f 2033/2033/2033 2038/2038/2038 2042/2042/2042
f 2043/2043/2043 2042/2042/2042 2041/2041/2041
f 2033/2033/2033 2044/2044/2044 2037/2037/2037
f 2033/2033/2033 2042/2042/2042 2044/2044/2044
f 2044/2044/2044 2045/2045/2045 2037/2037/2037
f 2043/2043/2043 2046/2046/2046 2042/2042/2042
f 2044/2044/2044 2042/2042/2042 2046/2046/2046
f 2047/2047/2047 2046/2046/2046 2043/2043/2043
f 2047/2047/2047 2043/2043/2043 2048/2048/2048
f 2044/2044/2044 2046/2046/2046 2049/2049/2049
f 2044/2044/2044 2049/2049/2049 2045/2045/2045
f 2049/2049/2049 2046/2046/2046 2047/2047/2047
f 2050/2050/2050 2047/2047/2047 2048/2048/2048
f 2045/2045/2045 2049/2049/2049 2051/2051/2051
f 2049/2049/2049 2047/2047/2047 2051/2051/2051
f 2045/2045/2045 2051/2051/2051 2052/2052/2052
f 2051/2051/2051 2053/2053/2053 2052/2052/2052
f 2051/2051/2051 2047/2047/2047 2054/2054/2054
f 2050/2050/2050 2054/2054/2054 2047/2047/2047
f 2051/2051/2051 2055/2055/2055 2053/2053/2053
f 2051/2051/2051 2054/2054/2054 2055/2055/2055
f 2056/2056/2056 2054/2054/2054 2050/2050/2050
f 2055/2055/2055 2054/2054/2054 2056/2056/2056
f 2056/2056/2056 2050/2050/2050 2057/2057/2057
f 2053/2053/2053 2055/2055/2055 2058/2058/2058
f 2055/2055/2055 2056/2056/2056 2058/2058/2058
f 2053/2053/2053 2058/2058/2058 2059/2059/2059
f 2060/2060/2060 2056/2056/2056 2057/2057/2057
f 2058/2058/2058 2056/2056/2056 2060/2060/2060
f 2060/2060/2060 2057/2057/2057 2061/2061/2061
f 2062/2062/2062 2060/2060/2060 2061/2061/2061
f 2062/2062/2062 2063/2063/2063 2060/2060/2060
f 2058/2058/2058 2060/2060/2060 2064/2064/2064
f 2059/2059/2059 2058/2058/2058 2064/2064/2064
f 2064/2064/2064 2060/2060/2060 2063/2063/2063
f 2059/2059/2059 2064/2064/2064 2065/2065/2065
f 2064/2064/2064 2063/2063/2063 2066/2066/2066
f 2064/2064/2064 2067/2067/2067 2065/2065/2065
f 2064/2064/2064 2066/2066/2066 2067/2067/2067
f 2068/2068/2068 2069/2069/2069 2070/2070/2070
f 2068/2068/2068 2071/2071/2071 2069/2069/2069
f 2072/2072/2072 2073/2073/2073 2074/2074/2074
f 2072/2072/2072 2075/2075/2075 2073/2073/2073
f 2076/2076/2076 2077/2077/2077 2078/2078/2078
f 2076/2076/2076 2079/2079/2079 2077/2077/2077
f 2080/2080/2080 2081/2081/2081 2082/2082/2082
f 2082/2082/2082 2081/2081/2081 2083/2083/2083
f 2080/2080/2080 2084/2084/2084 2081/2081/2081
f 2085/2085/2085 2084/2084/2084 2080/2080/2080
f 2085/2085/2085 2086/2086/2086 2084/2084/2084
f 2087/2087/2087 2085/2085/2085 2080/2080/2080
f 2087/2087/2087 2080/2080/2080 2088/2088/2088
f 2088/2088/2088 2080/2080/2080 2082/2082/2082
f 2089/2089/2089 2087/2087/2087 2088/2088/2088
f 2082/2082/2082 2083/2083/2083 2090/2090/2090
f 2090/2090/2090 2083/2083/2083 2091/2091/2091
f 2088/2088/2088 2082/2082/2082 2092/2092/2092
f 2092/2092/2092 2082/2082/2082 2090/2090/2090
f 2089/2089/2089 2088/2088/2088 2093/2093/2093
f 2093/2093/2093 2088/2088/2088 2092/2092/2092
f 2093/2093/2093 2094/2094/2094 2089/2089/2089
f 2090/2090/2090 2091/2091/2091 2095/2095/2095
f 2096/2096/2096 2095/2095/2095 2091/2091/2091
f 2096/2096/2096 2097/2097/2097 2095/2095/2095
f 2098/2098/2098 2090/2090/2090 2095/2095/2095
f 2092/2092/2092 2090/2090/2090 2098/2098/2098
f 2097/2097/2097 2099/2099/2099 2095/2095/2095
f 2098/2098/2098 2095/2095/2095 2099/2099/2099
f 2097/2097/2097 2100/2100/2100 2099/2099/2099
f 2101/2101/2101 2092/2092/2092 2098/2098/2098
f 2093/2093/2093 2092/2092/2092 2101/2101/2101
f 2102/2102/2102 2098/2098/2098 2099/2099/2099
f 2101/2101/2101 2098/2098/2098 2102/2102/2102
f 2100/2100/2100 2103/2103/2103 2099/2099/2099
f 2102/2102/2102 2099/2099/2099 2103/2103/2103
f 2100/2100/2100 2104/2104/2104 2103/2103/2103
f 2093/2093/2093 2105/2105/2105 2094/2094/2094
f 2101/2101/2101 2105/2105/2105 2093/2093/2093
f 2105/2105/2105 2106/2106/2106 2094/2094/2094
f 2105/2105/2105 2107/2107/2107 2106/2106/2106
f 2101/2101/2101 2108/2108/2108 2105/2105/2105
f 2108/2108/2108 2107/2107/2107 2105/2105/2105
f 2108/2108/2108 2101/2101/2101 2102/2102/2102
f 2108/2108/2108 2109/2109/2109 2107/2107/2107
f 2108/2108/2108 2102/2102/2102 2110/2110/2110
f 2109/2109/2109 2108/2108/2108 2110/2110/2110
f 2110/2110/2110 2102/2102/2102 2103/2103/2103
f 2109/2109/2109 2110/2110/2110 2111/2111/2111
f 2112/2112/2112 2111/2111/2111 2110/2110/2110
f 2110/2110/2110 2103/2103/2103 2113/2113/2113
f 2112/2112/2112 2110/2110/2110 2113/2113/2113
f 2104/2104/2104 2113/2113/2113 2103/2103/2103
f 2104/2104/2104 2114/2114/2114 2113/2113/2113
f 2114/2114/2114 2112/2112/2112 2113/2113/2113
f 2114/2114/2114 2115/2115/2115 2112/2112/2112
f 2116/2116/2116 2117/2117/2117 2118/2118/2118
f 2116/2116/2116 2119/2119/2119 2117/2117/2117
f 259/259/259 2120/2120/2120 261/261/261
f 2120/2120/2120 2121/2121/2121 261/261/261
f 2120/2120/2120 2122/2122/2122 2121/2121/2121
f 2122/2122/2122 2123/2123/2123 2121/2121/2121
f 2122/2122/2122 2124/2124/2124 2123/2123/2123
f 2125/2125/2125 2123/2123/2123 2124/2124/2124
f 2126/2126/2126 2125/2125/2125 2124/2124/2124
f 2127/2127/2127 2126/2126/2126 2124/2124/2124
f 2128/2128/2128 2127/2127/2127 2124/2124/2124
f 2129/2129/2129 2128/2128/2128 2124/2124/2124
f 2124/2124/2124 2130/2130/2130 2129/2129/2129
f 2131/2131/2131 2129/2129/2129 2130/2130/2130
f 2132/2132/2132 2131/2131/2131 2130/2130/2130
f 2133/2133/2133 2132/2132/2132 2130/2130/2130
f 2133/2133/2133 2130/2130/2130 2134/2134/2134
f 2130/2130/2130 2135/2135/2135 2134/2134/2134
f 2135/2135/2135 2130/2130/2130 2136/2136/2136
f 2135/2135/2135 2136/2136/2136 2137/2137/2137
f 2136/2136/2136 2138/2138/2138 2137/2137/2137
f 2136/2136/2136 2139/2139/2139 2138/2138/2138
f 2139/2139/2139 2140/2140/2140 2138/2138/2138
f 2139/2139/2139 2141/2141/2141 2140/2140/2140
f 2141/2141/2141 2142/2142/2142 2140/2140/2140
f 2141/2141/2141 2143/2143/2143 2142/2142/2142
f 2143/2143/2143 2144/2144/2144 2142/2142/2142
f 2143/2143/2143 2145/2145/2145 2144/2144/2144
f 2146/2146/2146 2144/2144/2144 2145/2145/2145
f 2147/2147/2147 2146/2146/2146 2145/2145/2145
f 2145/2145/2145 2148/2148/2148 2147/2147/2147
f 2148/2148/2148 2149/2149/2149 2147/2147/2147
f 2150/2150/2150 2151/2151/2151 2152/2152/2152
f 2150/2150/2150 2153/2153/2153 2151/2151/2151
f 2154/2154/2154 2155/2155/2155 2156/2156/2156
f 2154/2154/2154 2157/2157/2157 2155/2155/2155
f 2158/2158/2158 2028/2028/2028 2159/2159/2159
f 2158/2158/2158 2159/2159/2159 2160/2160/2160
f 2159/2159/2159 2161/2161/2161 2160/2160/2160
f 2159/2159/2159 2162/2162/2162 2161/2161/2161
f 2163/2163/2163 2158/2158/2158 2164/2164/2164
f 2164/2164/2164 2165/2165/2165 2166/2166/2166
f 2164/2164/2164 2166/2166/2166 2167/2167/2167
f 2163/2163/2163 2164/2164/2164 2167/2167/2167
f 2168/2168/2168 2163/2163/2163 2167/2167/2167
f 2168/2168/2168 2167/2167/2167 2169/2169/2169
f 2168/2168/2168 2169/2169/2169 2170/2170/2170
f 2168/2168/2168 2171/2171/2171 2163/2163/2163
f 2172/2172/2172 2173/2173/2173 2174/2174/2174
f 2172/2172/2172 2175/2175/2175 2173/2173/2173
f 2176/2176/2176 2177/2177/2177 2178/2178/2178
f 2176/2176/2176 2179/2179/2179 2177/2177/2177
f 2180/2180/2180 2181/2181/2181 2182/2182/2182
f 2180/2180/2180 2183/2183/2183 2181/2181/2181
f 2184/2184/2184 2185/2185/2185 2186/2186/2186
f 2184/2184/2184 2187/2187/2187 2185/2185/2185
f 2188/2188/2188 2189/2189/2189 2171/2171/2171
f 2190/2190/2190 2189/2189/2189 2188/2188/2188
f 2188/2188/2188 2171/2171/2171 2191/2191/2191
f 2191/2191/2191 2192/2192/2192 2188/2188/2188
f 2191/2191/2191 2193/2193/2193 2192/2192/2192
f 2190/2190/2190 2188/2188/2188 2194/2194/2194
f 2194/2194/2194 2188/2188/2188 2195/2195/2195
f 2194/2194/2194 2195/2195/2195 2196/2196/2196
f 2197/2197/2197 2190/2190/2190 2198/2198/2198
f 2197/2197/2197 2198/2198/2198 2199/2199/2199
f 2198/2198/2198 2200/2200/2200 2199/2199/2199
f 2198/2198/2198 2201/2201/2201 2200/2200/2200
f 2202/2202/2202 2197/2197/2197 2203/2203/2203
f 2202/2202/2202 2203/2203/2203 2204/2204/2204
f 2204/2204/2204 2203/2203/2203 2205/2205/2205
f 2204/2204/2204 2205/2205/2205 2206/2206/2206
f 2207/2207/2207 2208/2208/2208 2202/2202/2202
f 2207/2207/2207 2202/2202/2202 2209/2209/2209
f 2209/2209/2209 2210/2210/2210 2207/2207/2207
f 2209/2209/2209 2211/2211/2211 2210/2210/2210
f 2212/2212/2212 2213/2213/2213 2208/2208/2208
f 2212/2212/2212 2208/2208/2208 2214/2214/2214
f 2214/2214/2214 2215/2215/2215 2212/2212/2212
f 2214/2214/2214 2216/2216/2216 2215/2215/2215
f 2217/2217/2217 2218/2218/2218 2219/2219/2219
f 2217/2217/2217 2220/2220/2220 2218/2218/2218
f 2221/2221/2221 2222/2222/2222 2223/2223/2223
f 2221/2221/2221 2224/2224/2224 2222/2222/2222
f 2225/2225/2225 2226/2226/2226 2227/2227/2227
f 2227/2227/2227 2228/2228/2228 2225/2225/2225
f 2227/2227/2227 2229/2229/2229 2228/2228/2228
f 2230/2230/2230 2227/2227/2227 2226/2226/2226
f 2227/2227/2227 2231/2231/2231 2229/2229/2229
f 2226/2226/2226 1946/1946/1946 2230/2230/2230
f 2231/2231/2231 2232/2232/2232 2229/2229/2229
f 1945/1945/1945 2230/2230/2230 1946/1946/1946
f 2231/2231/2231 2233/2233/2233 2232/2232/2232
f 2233/2233/2233 2234/2234/2234 2232/2232/2232
f 2233/2233/2233 2235/2235/2235 2234/2234/2234
f 2235/2235/2235 2236/2236/2236 2234/2234/2234
f 2235/2235/2235 2237/2237/2237 2236/2236/2236
f 2237/2237/2237 2238/2238/2238 2236/2236/2236
f 2237/2237/2237 2239/2239/2239 2238/2238/2238
f 2240/2240/2240 2238/2238/2238 2239/2239/2239
f 2241/2241/2241 2240/2240/2240 2239/2239/2239
f 2242/2242/2242 2241/2241/2241 2239/2239/2239
f 2243/2243/2243 2242/2242/2242 2239/2239/2239
f 2244/2244/2244 2243/2243/2243 2239/2239/2239
f 2239/2239/2239 234/234/234 2244/2244/2244
f 2245/2245/2245 2244/2244/2244 234/234/234
f 2246/2246/2246 2245/2245/2245 234/234/234
f 2247/2247/2247 2246/2246/2246 234/234/234
f 2247/2247/2247 234/234/234 2248/2248/2248
f 234/234/234 2249/2249/2249 2248/2248/2248
f 2249/2249/2249 234/234/234 233/233/233
f 2250/2250/2250 2251/2251/2251 2252/2252/2252
f 2250/2250/2250 2253/2253/2253 2251/2251/2251
f 2254/2254/2254 2255/2255/2255 2256/2256/2256
f 2256/2256/2256 2255/2255/2255 2257/2257/2257
f 2256/2256/2256 2257/2257/2257 2258/2258/2258
f 2254/2254/2254 2259/2259/2259 2255/2255/2255
f 1063/1063/1063 2256/2256/2256 2258/2258/2258
f 1100/1100/1100 2254/2254/2254 2256/2256/2256
f 1063/1063/1063 1100/1100/1100 2256/2256/2256
f 1100/1100/1100 1097/1097/1097 2254/2254/2254
f 1058/1058/1058 1063/1063/1063 2258/2258/2258
f 2257/2257/2257 1058/1058/1058 2258/2258/2258
f 2257/2257/2257 2255/2255/2255 2260/2260/2260
f 2260/2260/2260 2255/2255/2255 2259/2259/2259
f 2257/2257/2257 1054/1054/1054 1058/1058/1058
f 2261/2261/2261 2259/2259/2259 2254/2254/2254
f 1097/1097/1097 2261/2261/2261 2254/2254/2254
f 2261/2261/2261 1082/1082/1082 2259/2259/2259
f 1097/1097/1097 1090/1090/1090 2261/2261/2261
f 2262/2262/2262 2259/2259/2259 1082/1082/1082
f 2260/2260/2260 2259/2259/2259 2262/2262/2262
f 1082/1082/1082 2261/2261/2261 1085/1085/1085
f 1085/1085/1085 2261/2261/2261 1090/1090/1090
f 2262/2262/2262 1082/1082/1082 1079/1079/1079
f 2263/2263/2263 2260/2260/2260 2262/2262/2262
f 2263/2263/2263 2262/2262/2262 2264/2264/2264
f 2264/2264/2264 2262/2262/2262 1079/1079/1079
f 2260/2260/2260 2263/2263/2263 2265/2265/2265
f 2265/2265/2265 2263/2263/2263 2264/2264/2264
f 2266/2266/2266 2257/2257/2257 2260/2260/2260
f 2266/2266/2266 1054/1054/1054 2257/2257/2257
f 2265/2265/2265 2267/2267/2267 2260/2260/2260
f 2267/2267/2267 2266/2266/2266 2260/2260/2260
f 2265/2265/2265 2264/2264/2264 1045/1045/1045
f 2267/2267/2267 1049/1049/1049 2266/2266/2266
f 2266/2266/2266 1049/1049/1049 1054/1054/1054
f 2265/2265/2265 1047/1047/1047 2267/2267/2267
f 2267/2267/2267 1047/1047/1047 1049/1049/1049
f 2265/2265/2265 1045/1045/1045 1047/1047/1047
f 1045/1045/1045 2264/2264/2264 1051/1051/1051
f 2264/2264/2264 1079/1079/1079 1051/1051/1051
f 2268/2268/2268 2269/2269/2269 2270/2270/2270
f 2268/2268/2268 2271/2271/2271 2269/2269/2269
f 2272/2272/2272 2273/2273/2273 2274/2274/2274
f 2272/2272/2272 2275/2275/2275 2273/2273/2273
f 2276/2276/2276 2277/2277/2277 2278/2278/2278
f 2276/2276/2276 2279/2279/2279 2277/2277/2277
f 2280/2280/2280 2281/2281/2281 2282/2282/2282
f 2280/2280/2280 2283/2283/2283 2281/2281/2281
f 2284/2284/2284 2285/2285/2285 2286/2286/2286
f 2284/2284/2284 2287/2287/2287 2285/2285/2285
f 2288/2288/2288 401/401/401 399/399/399
f 400/400/400 401/401/401 2289/2289/2289
f 2288/2288/2288 2290/2290/2290 401/401/401
f 2289/2289/2289 401/401/401 2290/2290/2290
f 2290/2290/2290 2288/2288/2288 2291/2291/2291
f 281/281/281 400/400/400 2289/2289/2289
f 282/282/282 400/400/400 281/281/281
f 2289/2289/2289 2290/2290/2290 2292/2292/2292
f 277/277/277 2289/2289/2289 2292/2292/2292
f 2293/2293/2293 2292/2292/2292 2290/2290/2290
f 2294/2294/2294 2293/2293/2293 2290/2290/2290
f 2295/2295/2295 2294/2294/2294 2290/2290/2290
f 2296/2296/2296 2295/2295/2295 2290/2290/2290
f 277/277/277 278/278/278 2289/2289/2289
f 281/281/281 2289/2289/2289 278/278/278
f 2296/2296/2296 2290/2290/2290 2297/2297/2297
f 2298/2298/2298 2296/2296/2296 2297/2297/2297
f 2299/2299/2299 2296/2296/2296 2298/2298/2298
f 2300/2300/2300 2297/2297/2297 2290/2290/2290
f 2301/2301/2301 2299/2299/2299 2298/2298/2298
f 2302/2302/2302 2301/2301/2301 2298/2298/2298
f 2301/2301/2301 2302/2302/2302 2303/2303/2303
f 2301/2301/2301 2303/2303/2303 2304/2304/2304
f 2303/2303/2303 2305/2305/2305 2304/2304/2304
f 2303/2303/2303 2306/2306/2306 2305/2305/2305
f 2306/2306/2306 2307/2307/2307 2305/2305/2305
f 2306/2306/2306 2308/2308/2308 2307/2307/2307
f 2309/2309/2309 2307/2307/2307 2308/2308/2308
f 2309/2309/2309 2310/2310/2310 2307/2307/2307
f 2311/2311/2311 2310/2310/2310 2309/2309/2309
f 2311/2311/2311 2309/2309/2309 2312/2312/2312
f 2311/2311/2311 2312/2312/2312 2313/2313/2313
f 2312/2312/2312 2314/2314/2314 2313/2313/2313
f 2313/2313/2313 2315/2315/2315 2311/2311/2311
f 2314/2314/2314 2316/2316/2316 2313/2313/2313
f 2313/2313/2313 2317/2317/2317 2315/2315/2315
f 2313/2313/2313 2318/2318/2318 2317/2317/2317
f 2319/2319/2319 2313/2313/2313 2316/2316/2316
f 2320/2320/2320 2318/2318/2318 2313/2313/2313
f 2319/2319/2319 2321/2321/2321 2313/2313/2313
f 296/296/296 2320/2320/2320 2313/2313/2313
f 296/296/296 2322/2322/2322 2320/2320/2320
f 296/296/296 297/297/297 2322/2322/2322
f 2323/2323/2323 2313/2313/2313 2321/2321/2321
f 2324/2324/2324 2321/2321/2321 2319/2319/2319
f 2319/2319/2319 2325/2325/2325 2324/2324/2324
f 2326/2326/2326 2324/2324/2324 2325/2325/2325
f 2327/2327/2327 2326/2326/2326 2325/2325/2325
f 2328/2328/2328 2326/2326/2326 2327/2327/2327
f 2329/2329/2329 2328/2328/2328 2327/2327/2327
f 2330/2330/2330 2328/2328/2328 2329/2329/2329
f 2331/2331/2331 2330/2330/2330 2329/2329/2329
f 2330/2330/2330 2331/2331/2331 2332/2332/2332
f 2330/2330/2330 2332/2332/2332 2333/2333/2333
f 2334/2334/2334 2333/2333/2333 2332/2332/2332
f 2334/2334/2334 2335/2335/2335 2333/2333/2333
f 2336/2336/2336 2335/2335/2335 2334/2334/2334
f 2336/2336/2336 2337/2337/2337 2335/2335/2335
f 2338/2338/2338 2337/2337/2337 2336/2336/2336
f 2338/2338/2338 2339/2339/2339 2337/2337/2337
f 2340/2340/2340 2339/2339/2339 2338/2338/2338
f 2340/2340/2340 2338/2338/2338 2341/2341/2341
f 2340/2340/2340 2341/2341/2341 2342/2342/2342
f 2343/2343/2343 2340/2340/2340 2342/2342/2342
f 2344/2344/2344 2343/2343/2343 2342/2342/2342
f 2344/2344/2344 2345/2345/2345 2343/2343/2343
f 2344/2344/2344 2342/2342/2342 2300/2300/2300
f 2344/2344/2344 2346/2346/2346 2345/2345/2345
f 2290/2290/2290 2344/2344/2344 2300/2300/2300
f 2344/2344/2344 2347/2347/2347 2346/2346/2346
f 2344/2344/2344 2290/2290/2290 2291/2291/2291
f 2344/2344/2344 2348/2348/2348 2347/2347/2347
f 2291/2291/2291 2349/2349/2349 2344/2344/2344
f 2350/2350/2350 2348/2348/2348 2344/2344/2344
f 2351/2351/2351 2344/2344/2344 2349/2349/2349
f 2350/2350/2350 2344/2344/2344 2351/2351/2351
f 2351/2351/2351 2349/2349/2349 2352/2352/2352
f 2353/2353/2353 2348/2348/2348 2350/2350/2350
f 2352/2352/2352 2354/2354/2354 2351/2351/2351
f 2352/2352/2352 2355/2355/2355 2354/2354/2354
f 2351/2351/2351 2356/2356/2356 2350/2350/2350
f 2351/2351/2351 2354/2354/2354 2356/2356/2356
f 2355/2355/2355 2357/2357/2357 2354/2354/2354
f 2355/2355/2355 2358/2358/2358 2357/2357/2357
f 2354/2354/2354 2359/2359/2359 2356/2356/2356
f 2354/2354/2354 2357/2357/2357 2359/2359/2359
f 2358/2358/2358 2360/2360/2360 2357/2357/2357
f 2358/2358/2358 2361/2361/2361 2360/2360/2360
f 2357/2357/2357 2362/2362/2362 2359/2359/2359
f 2357/2357/2357 2360/2360/2360 2362/2362/2362
f 2361/2361/2361 2363/2363/2363 2360/2360/2360
f 2363/2363/2363 2362/2362/2362 2360/2360/2360
f 2361/2361/2361 2364/2364/2364 2363/2363/2363
f 2364/2364/2364 2365/2365/2365 2366/2366/2366
f 2363/2363/2363 2364/2364/2364 2366/2366/2366
f 2366/2366/2366 2367/2367/2367 2363/2363/2363
f 2367/2367/2367 2368/2368/2368 2363/2363/2363
f 2363/2363/2363 2368/2368/2368 2369/2369/2369
f 2363/2363/2363 2370/2370/2370 2362/2362/2362
f 2370/2370/2370 2363/2363/2363 2369/2369/2369
f 2369/2369/2369 2371/2371/2371 2372/2372/2372
f 2372/2372/2372 2370/2370/2370 2369/2369/2369
f 2373/2373/2373 2370/2370/2370 2372/2372/2372
f 2370/2370/2370 2374/2374/2374 2362/2362/2362
f 2359/2359/2359 2362/2362/2362 2374/2374/2374
f 2373/2373/2373 2375/2375/2375 2370/2370/2370
f 2370/2370/2370 2375/2375/2375 2374/2374/2374
f 2373/2373/2373 2376/2376/2376 2375/2375/2375
f 2373/2373/2373 2377/2377/2377 2376/2376/2376
f 2378/2378/2378 2376/2376/2376 2377/2377/2377
f 2359/2359/2359 2374/2374/2374 2379/2379/2379
f 2380/2380/2380 2374/2374/2374 2375/2375/2375
f 2380/2380/2380 2375/2375/2375 2376/2376/2376
f 2379/2379/2379 2374/2374/2374 2380/2380/2380
f 2356/2356/2356 2359/2359/2359 2379/2379/2379
f 2378/2378/2378 2381/2381/2381 2376/2376/2376
f 2356/2356/2356 2379/2379/2379 2382/2382/2382
f 2350/2350/2350 2356/2356/2356 2382/2382/2382
f 2383/2383/2383 2380/2380/2380 2376/2376/2376
f 2383/2383/2383 2376/2376/2376 2381/2381/2381
f 2323/2323/2323 2381/2381/2381 2378/2378/2378
f 2384/2384/2384 2380/2380/2380 2383/2383/2383
f 2379/2379/2379 2380/2380/2380 2384/2384/2384
f 2350/2350/2350 2382/2382/2382 2385/2385/2385
f 2353/2353/2353 2350/2350/2350 2385/2385/2385
f 2386/2386/2386 2382/2382/2382 2379/2379/2379
f 2386/2386/2386 2379/2379/2379 2384/2384/2384
f 2385/2385/2385 2382/2382/2382 2386/2386/2386
f 2387/2387/2387 2353/2353/2353 2385/2385/2385
f 2385/2385/2385 2386/2386/2386 2387/2387/2387
f 2387/2387/2387 2388/2388/2388 2353/2353/2353
f 2389/2389/2389 2386/2386/2386 2384/2384/2384
f 2387/2387/2387 2386/2386/2386 2389/2389/2389
f 2390/2390/2390 2388/2388/2388 2387/2387/2387
f 2387/2387/2387 2389/2389/2389 2390/2390/2390
f 2390/2390/2390 2391/2391/2391 2388/2388/2388
f 2389/2389/2389 2384/2384/2384 2392/2392/2392
f 2384/2384/2384 2383/2383/2383 2392/2392/2392
f 2390/2390/2390 2389/2389/2389 2393/2393/2393
f 2393/2393/2393 2389/2389/2389 2392/2392/2392
f 2394/2394/2394 2391/2391/2391 2390/2390/2390
f 2390/2390/2390 2393/2393/2393 2394/2394/2394
f 2394/2394/2394 2395/2395/2395 2391/2391/2391
f 2392/2392/2392 2383/2383/2383 2396/2396/2396
f 2396/2396/2396 2383/2383/2383 2381/2381/2381
f 2393/2393/2393 2392/2392/2392 2397/2397/2397
f 2392/2392/2392 2396/2396/2396 2397/2397/2397
f 2393/2393/2393 2397/2397/2397 2394/2394/2394
f 2396/2396/2396 2381/2381/2381 2398/2398/2398
f 2396/2396/2396 2398/2398/2398 2397/2397/2397
f 2394/2394/2394 2397/2397/2397 2398/2398/2398
f 2395/2395/2395 2394/2394/2394 2398/2398/2398
f 2399/2399/2399 2395/2395/2395 2398/2398/2398
f 2323/2323/2323 2398/2398/2398 2381/2381/2381
f 2398/2398/2398 2323/2323/2323 2399/2399/2399
f 2400/2400/2400 2399/2399/2399 2323/2323/2323
f 2401/2401/2401 2400/2400/2400 2323/2323/2323
f 2321/2321/2321 2401/2401/2401 2323/2323/2323
f 2402/2402/2402 2403/2403/2403 2404/2404/2404
f 2402/2402/2402 2405/2405/2405 2403/2403/2403
f 2406/2406/2406 2407/2407/2407 2408/2408/2408
f 2409/2409/2409 2410/2410/2410 2411/2411/2411
f 2412/2412/2412 2413/2413/2413 2414/2414/2414
f 2412/2412/2412 2415/2415/2415 2413/2413/2413
f 2412/2412/2412 2414/2414/2414 2416/2416/2416
f 2412/2412/2412 2416/2416/2416 2417/2417/2417
f 2418/2418/2418 2419/2419/2419 2420/2420/2420
f 2418/2418/2418 2421/2421/2421 2419/2419/2419
f 2422/2422/2422 2423/2423/2423 2424/2424/2424
f 2422/2422/2422 2425/2425/2425 2423/2423/2423
f 2426/2426/2426 2427/2427/2427 2428/2428/2428
f 2426/2426/2426 2429/2429/2429 2427/2427/2427
f 2430/2430/2430 2431/2431/2431 2432/2432/2432
f 2430/2430/2430 2433/2433/2433 2431/2431/2431
f 2434/2434/2434 2435/2435/2435 2436/2436/2436
f 2434/2434/2434 2437/2437/2437 2435/2435/2435
f 2438/2438/2438 2439/2439/2439 2440/2440/2440
f 2438/2438/2438 2441/2441/2441 2439/2439/2439
f 2442/2442/2442 2443/2443/2443 2444/2444/2444
f 2442/2442/2442 2445/2445/2445 2443/2443/2443
f 2446/2446/2446 2447/2447/2447 2448/2448/2448
f 2446/2446/2446 2449/2449/2449 2447/2447/2447
f 2450/2450/2450 2451/2451/2451 2452/2452/2452
f 2450/2450/2450 2453/2453/2453 2451/2451/2451
f 2454/2454/2454 2455/2455/2455 2456/2456/2456
f 2454/2454/2454 2457/2457/2457 2455/2455/2455
f 2458/2458/2458 2459/2459/2459 2460/2460/2460
f 2458/2458/2458 2461/2461/2461 2459/2459/2459
f 2462/2462/2462 2463/2463/2463 2464/2464/2464
f 2462/2462/2462 2465/2465/2465 2463/2463/2463
f 2466/2466/2466 2467/2467/2467 2468/2468/2468
f 2466/2466/2466 2469/2469/2469 2467/2467/2467
f 2470/2470/2470 2471/2471/2471 2472/2472/2472
f 2470/2470/2470 2473/2473/2473 2471/2471/2471
f 2474/2474/2474 2475/2475/2475 2476/2476/2476
f 2474/2474/2474 2477/2477/2477 2475/2475/2475
f 2478/2478/2478 2477/2477/2477 2474/2474/2474
f 2476/2476/2476 2475/2475/2475 2479/2479/2479
f 2478/2478/2478 2474/2474/2474 2480/2480/2480
f 2481/2481/2481 2478/2478/2478 2480/2480/2480
f 2482/2482/2482 2474/2474/2474 2476/2476/2476
f 2480/2480/2480 2474/2474/2474 2482/2482/2482
f 2476/2476/2476 2479/2479/2479 2483/2483/2483
f 2479/2479/2479 528/528/528 2483/2483/2483
f 2479/2479/2479 2484/2484/2484 528/528/528
f 528/528/528 2484/2484/2484 523/523/523
f 2476/2476/2476 2483/2483/2483 2485/2485/2485
f 2483/2483/2483 528/528/528 2486/2486/2486
f 2483/2483/2483 2486/2486/2486 2485/2485/2485
f 2476/2476/2476 2485/2485/2485 2487/2487/2487
f 2482/2482/2482 2476/2476/2476 2487/2487/2487
f 2486/2486/2486 2488/2488/2488 2485/2485/2485
f 2488/2488/2488 2487/2487/2487 2485/2485/2485
f 2488/2488/2488 2489/2489/2489 2487/2487/2487
f 2489/2489/2489 2482/2482/2482 2487/2487/2487
f 2486/2486/2486 2490/2490/2490 2488/2488/2488
f 2489/2489/2489 2491/2491/2491 2482/2482/2482
f 2482/2482/2482 2491/2491/2491 2492/2492/2492
f 526/526/526 2490/2490/2490 2486/2486/2486
f 528/528/528 526/526/526 2486/2486/2486
f 526/526/526 525/525/525 2490/2490/2490
f 2482/2482/2482 2492/2492/2492 2493/2493/2493
f 2493/2493/2493 2492/2492/2492 2494/2494/2494
f 2480/2480/2480 2482/2482/2482 2493/2493/2493
f 2493/2493/2493 2494/2494/2494 2495/2495/2495
f 2480/2480/2480 2493/2493/2493 2495/2495/2495
f 2494/2494/2494 2496/2496/2496 2495/2495/2495
f 2480/2480/2480 2495/2495/2495 2497/2497/2497
f 2497/2497/2497 2495/2495/2495 2496/2496/2496
f 2481/2481/2481 2480/2480/2480 2497/2497/2497
f 2494/2494/2494 2498/2498/2498 2496/2496/2496
f 2499/2499/2499 2481/2481/2481 2497/2497/2497
f 2497/2497/2497 2496/2496/2496 2499/2499/2499
f 2499/2499/2499 2500/2500/2500 2481/2481/2481
f 2501/2501/2501 2500/2500/2500 2499/2499/2499
f 2498/2498/2498 2502/2502/2502 2496/2496/2496
f 2499/2499/2499 2496/2496/2496 2502/2502/2502
f 2498/2498/2498 2503/2503/2503 2502/2502/2502
f 2501/2501/2501 2499/2499/2499 2504/2504/2504
f 2499/2499/2499 2502/2502/2502 2504/2504/2504
f 2503/2503/2503 2505/2505/2505 2502/2502/2502
f 2504/2504/2504 2502/2502/2502 2505/2505/2505
f 2503/2503/2503 2506/2506/2506 2505/2505/2505
f 2507/2507/2507 2501/2501/2501 2504/2504/2504
f 2504/2504/2504 2505/2505/2505 2507/2507/2507
f 2507/2507/2507 2508/2508/2508 2501/2501/2501
f 2506/2506/2506 2509/2509/2509 2505/2505/2505
f 2507/2507/2507 2505/2505/2505 2509/2509/2509
f 2506/2506/2506 2510/2510/2510 2509/2509/2509
f 2511/2511/2511 2508/2508/2508 2507/2507/2507
f 2507/2507/2507 2509/2509/2509 2511/2511/2511
f 2511/2511/2511 2512/2512/2512 2508/2508/2508
f 2513/2513/2513 2512/2512/2512 2511/2511/2511
f 2513/2513/2513 2511/2511/2511 2514/2514/2514
f 2509/2509/2509 2514/2514/2514 2511/2511/2511
f 2515/2515/2515 2513/2513/2513 2514/2514/2514
f 2510/2510/2510 2516/2516/2516 2509/2509/2509
f 2509/2509/2509 2516/2516/2516 2514/2514/2514
f 2510/2510/2510 2517/2517/2517 2516/2516/2516
f 2516/2516/2516 2517/2517/2517 2518/2518/2518
f 2516/2516/2516 2518/2518/2518 2519/2519/2519
f 2514/2514/2514 2516/2516/2516 2519/2519/2519
f 2519/2519/2519 2518/2518/2518 2520/2520/2520
f 2515/2515/2515 2514/2514/2514 2521/2521/2521
f 2514/2514/2514 2519/2519/2519 2521/2521/2521
f 2522/2522/2522 2515/2515/2515 2521/2521/2521
f 2522/2522/2522 2521/2521/2521 2523/2523/2523
f 2519/2519/2519 2523/2523/2523 2521/2521/2521
f 2524/2524/2524 2522/2522/2522 2523/2523/2523
f 2519/2519/2519 2520/2520/2520 2525/2525/2525
f 2519/2519/2519 2525/2525/2525 2523/2523/2523
f 2525/2525/2525 2520/2520/2520 2526/2526/2526
f 2524/2524/2524 2523/2523/2523 2527/2527/2527
f 2527/2527/2527 2523/2523/2523 2525/2525/2525
f 2528/2528/2528 2524/2524/2524 2527/2527/2527
f 2528/2528/2528 2529/2529/2529 2524/2524/2524
f 2527/2527/2527 2525/2525/2525 2530/2530/2530
f 2525/2525/2525 2526/2526/2526 2530/2530/2530
f 2528/2528/2528 2527/2527/2527 2530/2530/2530
f 2530/2530/2530 2526/2526/2526 2531/2531/2531
f 2532/2532/2532 2529/2529/2529 2528/2528/2528
f 2530/2530/2530 2531/2531/2531 2533/2533/2533
f 2528/2528/2528 2530/2530/2530 2533/2533/2533
f 2533/2533/2533 2531/2531/2531 2534/2534/2534
f 2532/2532/2532 2528/2528/2528 2535/2535/2535
f 2535/2535/2535 2528/2528/2528 2533/2533/2533
f 2536/2536/2536 2532/2532/2532 2535/2535/2535
f 2536/2536/2536 2537/2537/2537 2532/2532/2532
f 2538/2538/2538 2537/2537/2537 2536/2536/2536
f 2538/2538/2538 2536/2536/2536 2539/2539/2539
f 2535/2535/2535 2533/2533/2533 2540/2540/2540
f 2536/2536/2536 2535/2535/2535 2540/2540/2540
f 2533/2533/2533 2534/2534/2534 2540/2540/2540
f 2539/2539/2539 2536/2536/2536 2541/2541/2541
f 2536/2536/2536 2540/2540/2540 2541/2541/2541
f 2534/2534/2534 2541/2541/2541 2540/2540/2540
f 2539/2539/2539 2541/2541/2541 2542/2542/2542
f 2534/2534/2534 2543/2543/2543 2541/2541/2541
f 2543/2543/2543 2542/2542/2542 2541/2541/2541
f 2543/2543/2543 2544/2544/2544 2542/2542/2542
f 2545/2545/2545 2546/2546/2546 2547/2547/2547
f 2545/2545/2545 2548/2548/2548 2546/2546/2546
f 2549/2549/2549 2550/2550/2550 2551/2551/2551
f 2549/2549/2549 2552/2552/2552 2550/2550/2550
f 2553/2553/2553 2554/2554/2554 2555/2555/2555
f 2553/2553/2553 2556/2556/2556 2554/2554/2554
f 2557/2557/2557 2558/2558/2558 2559/2559/2559
f 2557/2557/2557 2560/2560/2560 2558/2558/2558
f 2561/2561/2561 2562/2562/2562 2563/2563/2563
f 2561/2561/2561 2564/2564/2564 2562/2562/2562
f 2565/2565/2565 2566/2566/2566 2567/2567/2567
f 2565/2565/2565 2568/2568/2568 2566/2566/2566
f 2569/2569/2569 2570/2570/2570 2571/2571/2571
f 2569/2569/2569 2572/2572/2572 2570/2570/2570
f 2573/2573/2573 2574/2574/2574 2575/2575/2575
f 2573/2573/2573 2576/2576/2576 2574/2574/2574
f 2577/2577/2577 2578/2578/2578 2579/2579/2579
f 2577/2577/2577 2580/2580/2580 2578/2578/2578
f 2581/2581/2581 2582/2582/2582 2583/2583/2583
f 2581/2581/2581 2584/2584/2584 2582/2582/2582
f 2585/2585/2585 2586/2586/2586 2587/2587/2587
f 2585/2585/2585 2588/2588/2588 2586/2586/2586
f 2589/2589/2589 2590/2590/2590 2591/2591/2591
f 2589/2589/2589 2592/2592/2592 2590/2590/2590
f 2593/2593/2593 2594/2594/2594 2595/2595/2595
f 2593/2593/2593 2596/2596/2596 2594/2594/2594
f 2597/2597/2597 2598/2598/2598 2599/2599/2599
f 2597/2597/2597 2600/2600/2600 2598/2598/2598
f 2601/2601/2601 2602/2602/2602 2603/2603/2603
f 2601/2601/2601 2604/2604/2604 2602/2602/2602
f 2605/2605/2605 2606/2606/2606 2607/2607/2607
f 2605/2605/2605 2608/2608/2608 2606/2606/2606
f 2609/2609/2609 2610/2610/2610 2611/2611/2611
f 2609/2609/2609 2612/2612/2612 2610/2610/2610
f 2613/2613/2613 2614/2614/2614 2615/2615/2615
f 2613/2613/2613 2616/2616/2616 2614/2614/2614
f 2617/2617/2617 2618/2618/2618 2619/2619/2619
f 2617/2617/2617 2620/2620/2620 2618/2618/2618
f 2621/2621/2621 2622/2622/2622 2623/2623/2623
f 2621/2621/2621 2624/2624/2624 2622/2622/2622
f 2625/2625/2625 2626/2626/2626 2627/2627/2627
f 2625/2625/2625 2628/2628/2628 2626/2626/2626
f 2629/2629/2629 2630/2630/2630 2631/2631/2631
f 2629/2629/2629 2632/2632/2632 2630/2630/2630
f 2633/2633/2633 2634/2634/2634 2635/2635/2635
f 2633/2633/2633 2636/2636/2636 2634/2634/2634
f 2637/2637/2637 2638/2638/2638 2639/2639/2639
f 2637/2637/2637 2640/2640/2640 2638/2638/2638
f 2641/2641/2641 2642/2642/2642 2643/2643/2643
f 2642/2642/2642 2644/2644/2644 2643/2643/2643
f 2645/2645/2645 2642/2642/2642 2641/2641/2641
f 2646/2646/2646 2647/2647/2647 2648/2648/2648
f 2646/2646/2646 2649/2649/2649 2647/2647/2647
f 2650/2650/2650 2651/2651/2651 2652/2652/2652
f 2650/2650/2650 2653/2653/2653 2651/2651/2651
f 2654/2654/2654 2655/2655/2655 2656/2656/2656
f 2654/2654/2654 2657/2657/2657 2655/2655/2655
f 2658/2658/2658 2659/2659/2659 2660/2660/2660
f 2658/2658/2658 2661/2661/2661 2659/2659/2659
f 2662/2662/2662 2663/2663/2663 2664/2664/2664
f 2662/2662/2662 2665/2665/2665 2663/2663/2663
f 2666/2666/2666 2667/2667/2667 2668/2668/2668
f 2666/2666/2666 2669/2669/2669 2667/2667/2667
f 2670/2670/2670 2671/2671/2671 2672/2672/2672
f 2670/2670/2670 2673/2673/2673 2671/2671/2671
f 2674/2674/2674 2675/2675/2675 2676/2676/2676
f 2674/2674/2674 2677/2677/2677 2675/2675/2675
f 2678/2678/2678 2679/2679/2679 2680/2680/2680
f 2678/2678/2678 2681/2681/2681 2679/2679/2679
f 2682/2682/2682 2683/2683/2683 2684/2684/2684
f 2682/2682/2682 2685/2685/2685 2683/2683/2683
f 2686/2686/2686 2687/2687/2687 2688/2688/2688
f 2686/2686/2686 2689/2689/2689 2687/2687/2687
f 2690/2690/2690 2691/2691/2691 2692/2692/2692
f 2690/2690/2690 2693/2693/2693 2691/2691/2691
f 2694/2694/2694 2695/2695/2695 2696/2696/2696
f 2694/2694/2694 2697/2697/2697 2695/2695/2695
f 2698/2698/2698 2699/2699/2699 2700/2700/2700
f 2698/2698/2698 2701/2701/2701 2699/2699/2699
f 2702/2702/2702 2703/2703/2703 2704/2704/2704
f 2702/2702/2702 2705/2705/2705 2703/2703/2703
f 2706/2706/2706 2707/2707/2707 2708/2708/2708
f 2706/2706/2706 2709/2709/2709 2707/2707/2707
f 2710/2710/2710 2711/2711/2711 2712/2712/2712
f 2710/2710/2710 2713/2713/2713 2711/2711/2711
f 2714/2714/2714 2715/2715/2715 2716/2716/2716
f 2714/2714/2714 2717/2717/2717 2715/2715/2715
f 2718/2718/2718 2719/2719/2719 2720/2720/2720
f 2718/2718/2718 2721/2721/2721 2719/2719/2719
f 2722/2722/2722 2723/2723/2723 2724/2724/2724
f 2722/2722/2722 2725/2725/2725 2723/2723/2723
f 2726/2726/2726 2727/2727/2727 2728/2728/2728
f 2726/2726/2726 2729/2729/2729 2727/2727/2727
f 2730/2730/2730 2731/2731/2731 2732/2732/2732
f 2730/2730/2730 2733/2733/2733 2731/2731/2731
f 2734/2734/2734 2735/2735/2735 2736/2736/2736
f 2734/2734/2734 2737/2737/2737 2735/2735/2735
f 2738/2738/2738 2739/2739/2739 2740/2740/2740
f 2738/2738/2738 2741/2741/2741 2739/2739/2739
f 2742/2742/2742 2743/2743/2743 2744/2744/2744
f 2742/2742/2742 2745/2745/2745 2743/2743/2743
f 2746/2746/2746 2747/2747/2747 2748/2748/2748
f 2746/2746/2746 2749/2749/2749 2747/2747/2747
f 2750/2750/2750 2751/2751/2751 2752/2752/2752
f 2752/2752/2752 2751/2751/2751 2753/2753/2753
f 2752/2752/2752 2753/2753/2753 2754/2754/2754
f 2750/2750/2750 2755/2755/2755 2751/2751/2751
f 2756/2756/2756 2755/2755/2755 2750/2750/2750
f 2756/2756/2756 2757/2757/2757 2755/2755/2755
f 2758/2758/2758 2757/2757/2757 2756/2756/2756
f 2758/2758/2758 2759/2759/2759 2757/2757/2757
f 2760/2760/2760 2759/2759/2759 2758/2758/2758
f 2760/2760/2760 2758/2758/2758 2761/2761/2761
f 2762/2762/2762 2763/2763/2763 2764/2764/2764
f 2762/2762/2762 2765/2765/2765 2763/2763/2763
f 2766/2766/2766 2767/2767/2767 2768/2768/2768
f 2766/2766/2766 2769/2769/2769 2767/2767/2767
f 2770/2770/2770 2771/2771/2771 2772/2772/2772
f 2770/2770/2770 2773/2773/2773 2771/2771/2771
f 2774/2774/2774 2775/2775/2775 2776/2776/2776
f 2774/2774/2774 2777/2777/2777 2775/2775/2775
f 2778/2778/2778 2779/2779/2779 2780/2780/2780
f 2778/2778/2778 2781/2781/2781 2779/2779/2779
f 2782/2782/2782 2783/2783/2783 2784/2784/2784
f 2782/2782/2782 2785/2785/2785 2783/2783/2783
f 2786/2786/2786 2787/2787/2787 2788/2788/2788
f 2786/2786/2786 2789/2789/2789 2787/2787/2787
f 2790/2790/2790 2791/2791/2791 2792/2792/2792
f 2790/2790/2790 2793/2793/2793 2791/2791/2791
f 2794/2794/2794 2795/2795/2795 2796/2796/2796
f 2794/2794/2794 2797/2797/2797 2795/2795/2795
f 2798/2798/2798 2799/2799/2799 2800/2800/2800
f 2800/2800/2800 2801/2801/2801 2798/2798/2798
f 2801/2801/2801 2802/2802/2802 2798/2798/2798
f 2803/2803/2803 2804/2804/2804 2805/2805/2805
f 2803/2803/2803 2806/2806/2806 2804/2804/2804
f 2807/2807/2807 2808/2808/2808 2809/2809/2809
f 2807/2807/2807 2810/2810/2810 2808/2808/2808
f 2811/2811/2811 2812/2812/2812 2813/2813/2813
f 2811/2811/2811 2814/2814/2814 2812/2812/2812
f 2815/2815/2815 2816/2816/2816 2817/2817/2817
f 2815/2815/2815 2818/2818/2818 2816/2816/2816
f 2819/2819/2819 2820/2820/2820 2821/2821/2821
f 2819/2819/2819 2822/2822/2822 2820/2820/2820
f 2823/2823/2823 2824/2824/2824 2825/2825/2825
f 2826/2826/2826 2827/2827/2827 2828/2828/2828
f 2826/2826/2826 2829/2829/2829 2827/2827/2827
f 2830/2830/2830 2831/2831/2831 2832/2832/2832
f 2830/2830/2830 2833/2833/2833 2831/2831/2831
f 2834/2834/2834 2835/2835/2835 2836/2836/2836
f 2834/2834/2834 2837/2837/2837 2835/2835/2835
f 2838/2838/2838 2839/2839/2839 2840/2840/2840
f 2838/2838/2838 2841/2841/2841 2839/2839/2839
f 2842/2842/2842 2843/2843/2843 2844/2844/2844
f 2842/2842/2842 2845/2845/2845 2843/2843/2843
f 2846/2846/2846 2847/2847/2847 2848/2848/2848
f 2846/2846/2846 2849/2849/2849 2847/2847/2847
f 2850/2850/2850 2851/2851/2851 2852/2852/2852
f 2850/2850/2850 2853/2853/2853 2851/2851/2851
f 2854/2854/2854 2855/2855/2855 2856/2856/2856
f 2854/2854/2854 2857/2857/2857 2855/2855/2855
f 2858/2858/2858 2859/2859/2859 2860/2860/2860
f 2858/2858/2858 2861/2861/2861 2859/2859/2859
f 2862/2862/2862 2863/2863/2863 2864/2864/2864
f 2862/2862/2862 2865/2865/2865 2863/2863/2863
f 2863/2863/2863 2866/2866/2866 2864/2864/2864
f 2863/2863/2863 2867/2867/2867 2866/2866/2866
f 2868/2868/2868 2869/2869/2869 2862/2862/2862
f 2868/2868/2868 2870/2870/2870 2869/2869/2869
f 2866/2866/2866 2870/2870/2870 2868/2868/2868
f 2866/2866/2866 2871/2871/2871 2870/2870/2870
f 2872/2872/2872 2873/2873/2873 2869/2869/2869
f 2874/2874/2874 2872/2872/2872 2871/2871/2871
f 2872/2872/2872 2875/2875/2875 2873/2873/2873
f 2874/2874/2874 2875/2875/2875 2872/2872/2872
f 2876/2876/2876 2877/2877/2877 2873/2873/2873
f 2878/2878/2878 2876/2876/2876 2874/2874/2874
f 2876/2876/2876 2879/2879/2879 2877/2877/2877
f 2878/2878/2878 2879/2879/2879 2876/2876/2876
f 2880/2880/2880 2877/2877/2877 2879/2879/2879
f 2879/2879/2879 2878/2878/2878 2881/2881/2881
f 2880/2880/2880 2879/2879/2879 2882/2882/2882
f 2879/2879/2879 2881/2881/2881 2882/2882/2882
f 2883/2883/2883 2880/2880/2880 2882/2882/2882
f 2881/2881/2881 2884/2884/2884 2882/2882/2882
f 2883/2883/2883 2882/2882/2882 2884/2884/2884
f 2881/2881/2881 2885/2885/2885 2884/2884/2884
f 2886/2886/2886 2883/2883/2883 2884/2884/2884
f 2885/2885/2885 2887/2887/2887 2884/2884/2884
f 2886/2886/2886 2884/2884/2884 2887/2887/2887
f 2885/2885/2885 2888/2888/2888 2887/2887/2887
f 2889/2889/2889 2886/2886/2886 2890/2890/2890
f 2888/2888/2888 2891/2891/2891 2890/2890/2890
f 2889/2889/2889 2890/2890/2890 2891/2891/2891
f 2888/2888/2888 2892/2892/2892 2891/2891/2891
f 2893/2893/2893 2889/2889/2889 2894/2894/2894
f 2895/2895/2895 2894/2894/2894 2892/2892/2892
f 2893/2893/2893 2894/2894/2894 2896/2896/2896
f 2895/2895/2895 2896/2896/2896 2894/2894/2894
f 2897/2897/2897 2893/2893/2893 2898/2898/2898
f 2899/2899/2899 2898/2898/2898 2895/2895/2895
f 2897/2897/2897 2898/2898/2898 2900/2900/2900
f 2899/2899/2899 2900/2900/2900 2898/2898/2898
f 2901/2901/2901 2902/2902/2902 2903/2903/2903
f 2901/2901/2901 2904/2904/2904 2902/2902/2902
f 2905/2905/2905 2906/2906/2906 2907/2907/2907
f 2905/2905/2905 2908/2908/2908 2906/2906/2906
f 2909/2909/2909 2910/2910/2910 2911/2911/2911
f 2909/2909/2909 2912/2912/2912 2910/2910/2910
f 2913/2913/2913 2914/2914/2914 2915/2915/2915
f 2913/2913/2913 2916/2916/2916 2914/2914/2914
f 2917/2917/2917 2918/2918/2918 2919/2919/2919
f 2917/2917/2917 2920/2920/2920 2918/2918/2918
f 2918/2918/2918 2921/2921/2921 2919/2919/2919
f 2918/2918/2918 2922/2922/2922 2921/2921/2921
f 2923/2923/2923 2924/2924/2924 2925/2925/2925
f 2923/2923/2923 2926/2926/2926 2924/2924/2924
f 2927/2927/2927 2928/2928/2928 2929/2929/2929
f 2927/2927/2927 2930/2930/2930 2928/2928/2928
f 2931/2931/2931 2932/2932/2932 2933/2933/2933
f 2931/2931/2931 2934/2934/2934 2932/2932/2932
f 2935/2935/2935 2936/2936/2936 2937/2937/2937
f 2935/2935/2935 2938/2938/2938 2936/2936/2936
f 2939/2939/2939 2940/2940/2940 2941/2941/2941
f 2939/2939/2939 2942/2942/2942 2940/2940/2940
f 2943/2943/2943 2944/2944/2944 2945/2945/2945
f 2943/2943/2943 2946/2946/2946 2944/2944/2944
f 2947/2947/2947 2948/2948/2948 2949/2949/2949
f 2947/2947/2947 2950/2950/2950 2948/2948/2948
f 2951/2951/2951 2952/2952/2952 2953/2953/2953
f 2951/2951/2951 2954/2954/2954 2952/2952/2952
f 2955/2955/2955 2956/2956/2956 2957/2957/2957
f 2955/2955/2955 2958/2958/2958 2956/2956/2956
f 2958/2958/2958 2955/2955/2955 2959/2959/2959
f 2958/2958/2958 2959/2959/2959 2960/2960/2960
f 2961/2961/2961 2962/2962/2962 2963/2963/2963
f 2961/2961/2961 2963/2963/2963 2964/2964/2964
f 2961/2961/2961 2964/2964/2964 2965/2965/2965
f 2966/2966/2966 2962/2962/2962 2967/2967/2967
f 2967/2967/2967 2968/2968/2968 2966/2966/2966
f 2967/2967/2967 2969/2969/2969 2968/2968/2968
f 2962/2962/2962 2970/2970/2970 2971/2971/2971
f 2970/2970/2970 2972/2972/2972 2971/2971/2971
f 2970/2970/2970 2973/2973/2973 2972/2972/2972
f 2962/2962/2962 2974/2974/2974 2970/2970/2970
f 2974/2974/2974 2975/2975/2975 2970/2970/2970
f 2974/2974/2974 2976/2976/2976 2975/2975/2975
f 2977/2977/2977 2978/2978/2978 2979/2979/2979
f 2977/2977/2977 2980/2980/2980 2978/2978/2978
f 2981/2981/2981 2982/2982/2982 2962/2962/2962
f 2983/2983/2983 2981/2981/2981 2984/2984/2984
f 2983/2983/2983 2985/2985/2985 2981/2981/2981
f 2981/2981/2981 2985/2985/2985 2982/2982/2982
f 2986/2986/2986 2982/2982/2982 2987/2987/2987
f 2986/2986/2986 2987/2987/2987 2988/2988/2988
f 2986/2986/2986 2988/2988/2988 2989/2989/2989
f 2990/2990/2990 2982/2982/2982 2991/2991/2991
f 2991/2991/2991 2992/2992/2992 2990/2990/2990
f 2991/2991/2991 2993/2993/2993 2992/2992/2992
f 2994/2994/2994 2982/2982/2982 2995/2995/2995
f 2994/2994/2994 2995/2995/2995 2996/2996/2996
f 2994/2994/2994 2996/2996/2996 2997/2997/2997
f 2998/2998/2998 2982/2982/2982 2999/2999/2999
f 2998/2998/2998 2999/2999/2999 3000/3000/3000
f 3000/3000/3000 2999/2999/2999 3001/3001/3001
f 3000/3000/3000 3001/3001/3001 3002/3002/3002
f 3000/3000/3000 3003/3003/3003 2998/2998/2998
f 3000/3000/3000 3004/3004/3004 3003/3003/3003
f 3005/3005/3005 3006/3006/3006 3007/3007/3007
f 3005/3005/3005 3008/3008/3008 3006/3006/3006
f 3009/3009/3009 3010/3010/3010 3011/3011/3011
f 3009/3009/3009 3012/3012/3012 3010/3010/3010
f 3013/3013/3013 3014/3014/3014 3015/3015/3015
f 3013/3013/3013 3016/3016/3016 3014/3014/3014
f 3017/3017/3017 3018/3018/3018 3019/3019/3019
f 3017/3017/3017 3020/3020/3020 3018/3018/3018
f 3017/3017/3017 3021/3021/3021 3020/3020/3020
f 3017/3017/3017 3022/3022/3022 3021/3021/3021
f 3023/3023/3023 3024/3024/3024 2962/2962/2962
f 3025/3025/3025 3026/3026/3026 3024/3024/3024
f 3026/3026/3026 3027/3027/3027 3024/3024/3024
f 3026/3026/3026 3028/3028/3028 3027/3027/3027
f 3029/3029/3029 2962/2962/2962 3024/3024/3024
f 3029/3029/3029 3024/3024/3024 3030/3030/3030
f 3029/3029/3029 3030/3030/3030 3031/3031/3031
f 3032/3032/3032 3033/3033/3033 3034/3034/3034
f 3032/3032/3032 3035/3035/3035 3033/3033/3033
f 3036/3036/3036 3037/3037/3037 3038/3038/3038
f 3036/3036/3036 3039/3039/3039 3037/3037/3037
f 3040/3040/3040 3041/3041/3041 3042/3042/3042
f 3040/3040/3040 3043/3043/3043 3041/3041/3041
f 3044/3044/3044 3045/3045/3045 3046/3046/3046
f 3044/3044/3044 3047/3047/3047 3045/3045/3045
f 3046/3046/3046 3045/3045/3045 3048/3048/3048
f 3046/3046/3046 3048/3048/3048 3049/3049/3049
f 3050/3050/3050 3051/3051/3051 3052/3052/3052
f 3050/3050/3050 3053/3053/3053 3051/3051/3051
f 3054/3054/3054 3055/3055/3055 3056/3056/3056
f 3054/3054/3054 3057/3057/3057 3055/3055/3055
f 3055/3055/3055 3058/3058/3058 3056/3056/3056
f 3055/3055/3055 3059/3059/3059 3058/3058/3058
f 3060/3060/3060 3061/3061/3061 3062/3062/3062
f 3060/3060/3060 3063/3063/3063 3061/3061/3061
f 3064/3064/3064 3065/3065/3065 3066/3066/3066
f 3064/3064/3064 3067/3067/3067 3065/3065/3065
f 3068/3068/3068 3069/3069/3069 3070/3070/3070
f 3068/3068/3068 3071/3071/3071 3069/3069/3069
f 3072/3072/3072 3069/3069/3069 3071/3071/3071
f 3073/3073/3073 3071/3071/3071 3068/3068/3068
f 3072/3072/3072 3071/3071/3071 3073/3073/3073
f 3073/3073/3073 3068/3068/3068 3074/3074/3074
f 3072/3072/3072 3075/3075/3075 3069/3069/3069
f 3076/3076/3076 3073/3073/3073 3074/3074/3074
f 3076/3076/3076 3074/3074/3074 3077/3077/3077
f 3078/3078/3078 3073/3073/3073 3076/3076/3076
f 3072/3072/3072 3073/3073/3073 3078/3078/3078
f 3078/3078/3078 3076/3076/3076 3079/3079/3079
f 3080/3080/3080 3075/3075/3075 3072/3072/3072
f 3080/3080/3080 3072/3072/3072 3078/3078/3078
f 3080/3080/3080 3081/3081/3081 3075/3075/3075
f 3082/3082/3082 3081/3081/3081 3080/3080/3080
f 3083/3083/3083 3078/3078/3078 3079/3079/3079
f 3080/3080/3080 3078/3078/3078 3083/3083/3083
f 3083/3083/3083 3079/3079/3079 3084/3084/3084
f 3085/3085/3085 3083/3083/3083 3084/3084/3084
f 3086/3086/3086 3080/3080/3080 3083/3083/3083
f 3082/3082/3082 3080/3080/3080 3086/3086/3086
f 3085/3085/3085 3087/3087/3087 3083/3083/3083
f 3086/3086/3086 3083/3083/3083 3087/3087/3087
f 3088/3088/3088 3082/3082/3082 3086/3086/3086
f 3088/3088/3088 3086/3086/3086 3087/3087/3087
f 3088/3088/3088 3089/3089/3089 3082/3082/3082
f 3090/3090/3090 3089/3089/3089 3088/3088/3088
f 3091/3091/3091 3087/3087/3087 3085/3085/3085
f 3088/3088/3088 3087/3087/3087 3091/3091/3091
f 3091/3091/3091 3085/3085/3085 3092/3092/3092
f 3093/3093/3093 3091/3091/3091 3092/3092/3092
f 3090/3090/3090 3088/3088/3088 3094/3094/3094
f 3094/3094/3094 3088/3088/3088 3091/3091/3091
f 3095/3095/3095 3090/3090/3090 3094/3094/3094
f 3093/3093/3093 3096/3096/3096 3091/3091/3091
f 3094/3094/3094 3091/3091/3091 3096/3096/3096
f 3097/3097/3097 3096/3096/3096 3093/3093/3093
f 3095/3095/3095 3094/3094/3094 3098/3098/3098
f 3098/3098/3098 3094/3094/3094 3096/3096/3096
f 3099/3099/3099 3095/3095/3095 3098/3098/3098
f 3099/3099/3099 3100/3100/3100 3095/3095/3095
f 3098/3098/3098 3096/3096/3096 3101/3101/3101
f 3099/3099/3099 3098/3098/3098 3101/3101/3101
f 3097/3097/3097 3101/3101/3101 3096/3096/3096
f 3099/3099/3099 3101/3101/3101 3102/3102/3102
f 3102/3102/3102 3101/3101/3101 3097/3097/3097
f 3102/3102/3102 3097/3097/3097 3103/3103/3103
f 3104/3104/3104 3105/3105/3105 3106/3106/3106
f 3106/3106/3106 3107/3107/3107 3108/3108/3108
f 3106/3106/3106 3105/3105/3105 3107/3107/3107
f 3104/3104/3104 3109/3109/3109 3105/3105/3105
f 3109/3109/3109 3110/3110/3110 3105/3105/3105
f 3109/3109/3109 2897/2897/2897 3110/3110/3110
f 3105/3105/3105 3110/3110/3110 2899/2899/2899
f 3105/3105/3105 2899/2899/2899 3111/3111/3111
f 3112/3112/3112 3104/3104/3104 3113/3113/3113
f 3112/3112/3112 3113/3113/3113 3114/3114/3114
f 3114/3114/3114 3113/3113/3113 3115/3115/3115
f 3114/3114/3114 3115/3115/3115 3116/3116/3116
f 3117/3117/3117 3118/3118/3118 3112/3112/3112
f 3117/3117/3117 3112/3112/3112 3119/3119/3119
f 3119/3119/3119 3120/3120/3120 3117/3117/3117
f 3119/3119/3119 3121/3121/3121 3120/3120/3120
f 3122/3122/3122 3118/3118/3118 3123/3123/3123
f 3122/3122/3122 3123/3123/3123 3124/3124/3124
f 3124/3124/3124 3123/3123/3123 3125/3125/3125
f 3124/3124/3124 3125/3125/3125 3126/3126/3126
f 3127/3127/3127 3122/3122/3122 3128/3128/3128
f 3127/3127/3127 3128/3128/3128 3129/3129/3129
f 3128/3128/3128 3130/3130/3130 3129/3129/3129
f 3128/3128/3128 3131/3131/3131 3130/3130/3130
f 3132/3132/3132 3127/3127/3127 3133/3133/3133
f 3132/3132/3132 3133/3133/3133 3134/3134/3134
f 3134/3134/3134 3133/3133/3133 3135/3135/3135
f 3134/3134/3134 3135/3135/3135 3136/3136/3136
f 3137/3137/3137 3132/3132/3132 3138/3138/3138
f 3137/3137/3137 3138/3138/3138 3139/3139/3139
f 3137/3137/3137 3139/3139/3139 3140/3140/3140
f 3137/3137/3137 3141/3141/3141 3132/3132/3132
f 3142/3142/3142 3141/3141/3141 3143/3143/3143
f 3142/3142/3142 3143/3143/3143 3144/3144/3144
f 3142/3142/3142 3144/3144/3144 3145/3145/3145
f 3142/3142/3142 3146/3146/3146 3141/3141/3141
f 3147/3147/3147 3146/3146/3146 3148/3148/3148
f 3147/3147/3147 3148/3148/3148 3149/3149/3149
f 3147/3147/3147 3149/3149/3149 3150/3150/3150
f 3147/3147/3147 3151/3151/3151 3146/3146/3146
f 3152/3152/3152 3151/3151/3151 3153/3153/3153
f 3152/3152/3152 3154/3154/3154 3151/3151/3151
f 3153/3153/3153 3155/3155/3155 3152/3152/3152
f 3153/3153/3153 3156/3156/3156 3155/3155/3155
f 3157/3157/3157 3158/3158/3158 3154/3154/3154
f 3157/3157/3157 3154/3154/3154 3159/3159/3159
f 3157/3157/3157 3159/3159/3159 3160/3160/3160
f 3157/3157/3157 3160/3160/3160 3161/3161/3161
f 3162/3162/3162 3163/3163/3163 3164/3164/3164
f 3164/3164/3164 3165/3165/3165 3162/3162/3162
f 3162/3162/3162 3166/3166/3166 3163/3163/3163
f 3164/3164/3164 3167/3167/3167 3168/3168/3168
f 3166/3166/3166 3169/3169/3169 3163/3163/3163
f 3166/3166/3166 3170/3170/3170 3169/3169/3169
f 3169/3169/3169 3170/3170/3170 3171/3171/3171
f 3172/3172/3172 3167/3167/3167 3164/3164/3164
f 3172/3172/3172 3173/3173/3173 3167/3167/3167
f 3164/3164/3164 3163/3163/3163 3174/3174/3174
f 3164/3164/3164 3174/3174/3174 3172/3172/3172
f 3163/3163/3163 3169/3169/3169 3175/3175/3175
f 3163/3163/3163 3175/3175/3175 3174/3174/3174
f 3169/3169/3169 3171/3171/3171 3176/3176/3176
f 3175/3175/3175 3169/3169/3169 3176/3176/3176
f 3176/3176/3176 3171/3171/3171 3177/3177/3177
f 3174/3174/3174 3175/3175/3175 3178/3178/3178
f 3174/3174/3174 3178/3178/3178 3179/3179/3179
f 3180/3180/3180 3174/3174/3174 3179/3179/3179
f 3180/3180/3180 3172/3172/3172 3174/3174/3174
f 3181/3181/3181 3172/3172/3172 3180/3180/3180
f 3181/3181/3181 3182/3182/3182 3172/3172/3172
f 3178/3178/3178 3175/3175/3175 3183/3183/3183
f 3175/3175/3175 3176/3176/3176 3183/3183/3183
f 3178/3178/3178 3183/3183/3183 3184/3184/3184
f 3176/3176/3176 3177/3177/3177 3185/3185/3185
f 3183/3183/3183 3176/3176/3176 3185/3185/3185
f 3185/3185/3185 3177/3177/3177 3186/3186/3186
f 3184/3184/3184 3183/3183/3183 3187/3187/3187
f 3183/3183/3183 3185/3185/3185 3187/3187/3187
f 3184/3184/3184 3187/3187/3187 3188/3188/3188
f 3185/3185/3185 3186/3186/3186 3189/3189/3189
f 3187/3187/3187 3185/3185/3185 3189/3189/3189
f 3189/3189/3189 3186/3186/3186 3190/3190/3190
f 3188/3188/3188 3187/3187/3187 3191/3191/3191
f 3187/3187/3187 3189/3189/3189 3191/3191/3191
f 3188/3188/3188 3191/3191/3191 3192/3192/3192
f 3191/3191/3191 3193/3193/3193 3192/3192/3192
f 3189/3189/3189 3190/3190/3190 3194/3194/3194
f 3191/3191/3191 3189/3189/3189 3194/3194/3194
f 3195/3195/3195 3194/3194/3194 3190/3190/3190
f 3195/3195/3195 3196/3196/3196 3194/3194/3194
f 3191/3191/3191 3194/3194/3194 3197/3197/3197
f 3191/3191/3191 3197/3197/3197 3193/3193/3193
f 3197/3197/3197 3198/3198/3198 3193/3193/3193
f 3199/3199/3199 3197/3197/3197 3194/3194/3194
f 3199/3199/3199 3200/3200/3200 3197/3197/3197
f 3197/3197/3197 3200/3200/3200 3201/3201/3201
