# Converted from Roblox mesh format
# Vertices: 3224, Faces: 3159

v -0.909431838 -0.795546963 -0.797091675 1.000000 1.000000 1.000000
v -0.985667425 -0.729476600 -0.762142950 1.000000 1.000000 1.000000
v -0.970254513 -0.704518563 -0.797183225 1.000000 1.000000 1.000000
v -0.936128613 -0.803626063 -0.762142950 1.000000 1.000000 1.000000
v -0.970254513 -0.704518563 -0.797183225 1.000000 1.000000 1.000000
v -1.015207287 -0.614692063 -0.762139888 1.000000 1.000000 1.000000
v -0.991077038 -0.596506075 -0.797213750 1.000000 1.000000 1.000000
v -0.997521213 -0.703944163 -0.762142950 1.000000 1.000000 1.000000
v -1.022191238 -0.489834738 -0.762139888 1.000000 1.000000 1.000000
v -0.991077038 -0.596506075 -0.797213750 1.000000 1.000000 1.000000
v -1.020863338 -0.586150312 -0.762139888 1.000000 1.000000 1.000000
v -0.994836425 -0.473978275 -0.797210688 1.000000 1.000000 1.000000
v -0.994789500 -0.348334075 -0.797198488 1.000000 1.000000 1.000000
v -1.022233200 0.560732413 -0.762139888 1.000000 1.000000 1.000000
v -0.994695663 0.591650725 -0.797177125 1.000000 1.000000 1.000000
v -1.022197337 -0.336526538 -0.762139888 1.000000 1.000000 1.000000
v -0.994836425 -0.473978275 -0.797210688 1.000000 1.000000 1.000000
v -1.022196575 -0.363964600 -0.762139888 1.000000 1.000000 1.000000
v -0.994789500 -0.348334075 -0.797198488 1.000000 1.000000 1.000000
v -1.022192388 -0.462422512 -0.762139888 1.000000 1.000000 1.000000
v -0.994695663 0.591650725 -0.797177125 1.000000 1.000000 1.000000
v -1.022233200 0.560732413 -0.762139888 1.000000 1.000000 1.000000
v -0.994314963 0.591650675 -0.737609863 1.000000 1.000000 1.000000
v -1.021155925 0.464141175 -0.574478150 1.000000 1.000000 1.000000
v -0.993041988 0.523831563 -0.537893675 1.000000 1.000000 1.000000
v -0.993328100 0.523831563 -0.602334600 1.000000 1.000000 1.000000
v -0.846258925 -0.877048487 -0.762146000 1.000000 1.000000 1.000000
v -0.909431838 -0.795546963 -0.797091675 1.000000 1.000000 1.000000
v -0.820674900 -0.860462375 -0.796975713 1.000000 1.000000 1.000000
v -0.919060512 -0.828402900 -0.762142950 1.000000 1.000000 1.000000
v -0.968161013 -0.755022388 -0.491918950 1.000000 1.000000 1.000000
v -1.006600187 -0.640148400 -0.472525025 1.000000 1.000000 1.000000
v -1.006713863 -0.640178250 -0.491928100 1.000000 1.000000 1.000000
v -0.965899275 -0.753789088 -0.498104862 1.000000 1.000000 1.000000
v -1.004228212 -0.639633700 -0.498114012 1.000000 1.000000 1.000000
v -0.968078612 -0.754982238 -0.472509763 1.000000 1.000000 1.000000
v -0.965737538 -0.753798338 -0.466323850 1.000000 1.000000 1.000000
v -1.004042438 -0.639587350 -0.466339113 1.000000 1.000000 1.000000
v -0.995545963 -0.714766450 -0.840328975 1.000000 1.000000 1.000000
v -0.920458987 -0.827339938 -0.857516475 1.000000 1.000000 1.000000
v -0.920312500 -0.827357100 -0.840310675 1.000000 1.000000 1.000000
v -0.993075563 -0.713776638 -0.834140013 1.000000 1.000000 1.000000
v -0.918412013 -0.825515563 -0.834124750 1.000000 1.000000 1.000000
v -0.995695500 -0.714746613 -0.857547000 1.000000 1.000000 1.000000
v -0.918664175 -0.825485988 -0.863705450 1.000000 1.000000 1.000000
v -0.993333050 -0.713742500 -0.863732913 1.000000 1.000000 1.000000
v -1.022092063 -0.579311700 -0.840341187 1.000000 1.000000 1.000000
v -0.993075563 -0.713776638 -0.834140013 1.000000 1.000000 1.000000
v -1.019477463 -0.579071375 -0.834152225 1.000000 1.000000 1.000000
v -0.995695500 -0.714746613 -0.857547000 1.000000 1.000000 1.000000
v -1.022246938 -0.579288625 -0.857565313 1.000000 1.000000 1.000000
v -0.993333050 -0.713742500 -0.863732913 1.000000 1.000000 1.000000
v -1.019738388 -0.579031613 -0.863748175 1.000000 1.000000 1.000000
v -0.985525125 -0.729355100 -0.713659663 1.000000 1.000000 1.000000
v -0.936128613 -0.803626063 -0.762142950 1.000000 1.000000 1.000000
v -0.935929113 -0.803574375 -0.713659663 1.000000 1.000000 1.000000
v -0.985667425 -0.729476600 -0.762142950 1.000000 1.000000 1.000000
v -0.976094438 -0.742809250 -0.617385863 1.000000 1.000000 1.000000
v -1.005596163 -0.659155613 -0.617385863 1.000000 1.000000 1.000000
v -0.975864787 -0.742786362 -0.574481200 1.000000 1.000000 1.000000
v -1.005378338 -0.659007788 -0.574478150 1.000000 1.000000 1.000000
v -0.997240450 -0.703958650 -0.713659663 1.000000 1.000000 1.000000
v -1.015207287 -0.614692063 -0.762139888 1.000000 1.000000 1.000000
v -0.997521213 -0.703944163 -0.762142950 1.000000 1.000000 1.000000
v -1.014976888 -0.614563037 -0.713659663 1.000000 1.000000 1.000000
v -1.011117550 -0.631417413 -0.617385863 1.000000 1.000000 1.000000
v -1.021375650 -0.537458950 -0.617382813 1.000000 1.000000 1.000000
v -1.010861200 -0.631463000 -0.574478150 1.000000 1.000000 1.000000
v -1.021139525 -0.537348988 -0.574478150 1.000000 1.000000 1.000000
v -0.961527250 0.585141463 0.641329950 1.000000 1.000000 1.000000
v -0.969978338 0.735182575 -0.372103888 1.000000 1.000000 1.000000
v -0.969978338 0.585141750 -0.372103888 1.000000 1.000000 1.000000
v -0.972080612 0.589112712 -0.866238400 1.000000 1.000000 1.000000
v -0.972080225 0.740475700 -0.866238400 1.000000 1.000000 1.000000
v -0.961526875 0.735182288 0.641329950 1.000000 1.000000 1.000000
v -0.941622163 0.585141425 0.834982300 1.000000 1.000000 1.000000
v -0.956518937 0.859306425 -0.372103888 1.000000 1.000000 1.000000
v -0.950474925 0.854009625 -0.866241450 1.000000 1.000000 1.000000
v -0.946585463 0.853924650 0.641329950 1.000000 1.000000 1.000000
v -0.941622163 0.735182288 0.834982300 1.000000 1.000000 1.000000
v -0.915006250 0.585141463 0.905856325 1.000000 1.000000 1.000000
v -0.924040987 0.842525488 0.835006713 1.000000 1.000000 1.000000
v -0.891631313 0.950159737 -0.372103888 1.000000 1.000000 1.000000
v -0.886635588 0.949007412 -0.866238400 1.000000 1.000000 1.000000
v -0.883245850 0.940975475 0.641329950 1.000000 1.000000 1.000000
v -0.864681625 0.921973138 0.835015875 1.000000 1.000000 1.000000
v -0.897893525 0.830630013 0.905868525 1.000000 1.000000 1.000000
v -0.915006250 0.735182238 0.905856325 1.000000 1.000000 1.000000
v -0.857206725 0.585141463 0.957739263 1.000000 1.000000 1.000000
v -0.857206725 0.735182238 0.957739263 1.000000 1.000000 1.000000
v -0.783710475 0.585141463 0.976730350 1.000000 1.000000 1.000000
v -0.843424988 0.806708050 0.957742312 1.000000 1.000000 1.000000
v -0.844405750 0.901534750 0.905874638 1.000000 1.000000 1.000000
v -0.773647313 0.955204388 0.905874638 1.000000 1.000000 1.000000
v -0.775255200 0.777182775 0.976730350 1.000000 1.000000 1.000000
v -0.783710475 0.735182187 0.976730350 1.000000 1.000000 1.000000
v -0.678242112 0.840721225 0.976730350 1.000000 1.000000 1.000000
v -0.221138388 0.585141513 0.976730350 1.000000 1.000000 1.000000
v -0.751496125 0.808463575 0.976730350 1.000000 1.000000 1.000000
v -0.802970125 0.859981250 0.957745363 1.000000 1.000000 1.000000
v -0.015130037 0.840721125 0.976730350 1.000000 1.000000 1.000000
v -0.142302325 0.569460063 0.976730350 1.000000 1.000000 1.000000
v -0.075468450 0.524803063 0.976730350 1.000000 1.000000 1.000000
v -0.030811500 0.457969188 0.976730350 1.000000 1.000000 1.000000
v -0.015130037 0.379133125 0.976730350 1.000000 1.000000 1.000000
v -0.749751663 0.900502588 0.957745363 1.000000 1.000000 1.000000
v -0.720236975 0.832247825 0.976730350 1.000000 1.000000 1.000000
v -0.678242112 0.914348125 0.957742312 1.000000 1.000000 1.000000
v -0.015130037 0.914348025 0.957742312 1.000000 1.000000 1.000000
v -0.678242112 0.972504813 0.905865475 1.000000 1.000000 1.000000
v -0.015130037 0.972504813 0.905865475 1.000000 1.000000 1.000000
v -0.015130037 0.999608425 0.835000613 1.000000 1.000000 1.000000
v -0.678242112 0.999608513 0.835000613 1.000000 1.000000 1.000000
v -0.015130037 1.020819287 0.641329950 1.000000 1.000000 1.000000
v -0.785509488 0.981675338 0.835015875 1.000000 1.000000 1.000000
v -0.678242112 1.020819375 0.641329950 1.000000 1.000000 1.000000
v -0.796834950 1.005110738 0.641329950 1.000000 1.000000 1.000000
v -0.678242112 1.031656075 -0.372103888 1.000000 1.000000 1.000000
v -0.015130037 1.031655888 -0.372103888 1.000000 1.000000 1.000000
v -0.802081300 1.016669850 -0.372103888 1.000000 1.000000 1.000000
v -0.791751475 1.012988475 -0.866241450 1.000000 1.000000 1.000000
v -0.678242112 1.034726713 -0.866241450 1.000000 1.000000 1.000000
v -0.015130037 1.034726625 -0.866241450 1.000000 1.000000 1.000000
v -0.892565538 -0.850017925 -0.491906738 1.000000 1.000000 1.000000
v -0.968078612 -0.754982238 -0.472509763 1.000000 1.000000 1.000000
v -0.968161013 -0.755022388 -0.491918950 1.000000 1.000000 1.000000
v -0.890889362 -0.848036763 -0.498095700 1.000000 1.000000 1.000000
v -0.965899275 -0.753789088 -0.498104862 1.000000 1.000000 1.000000
v -0.892508700 -0.849976725 -0.472406000 1.000000 1.000000 1.000000
v -0.965737538 -0.753798338 -0.466323850 1.000000 1.000000 1.000000
v -0.890811925 -0.847994038 -0.466281125 1.000000 1.000000 1.000000
v -0.717378238 -0.894704438 -0.713659663 1.000000 1.000000 1.000000
v -0.782144550 -0.908138463 -0.617385863 1.000000 1.000000 1.000000
v -0.786039350 -0.881778338 -0.617385863 1.000000 1.000000 1.000000
v -0.709516913 -0.922509963 -0.713659663 1.000000 1.000000 1.000000
v -1.021377563 -0.411595200 -0.617382813 1.000000 1.000000 1.000000
v -1.021139913 -0.510753387 -0.574478150 1.000000 1.000000 1.000000
v -1.021141438 -0.411487338 -0.574478150 1.000000 1.000000 1.000000
v -1.021376038 -0.510682150 -0.617382813 1.000000 1.000000 1.000000
v -1.021914288 -0.489706275 -0.713659663 1.000000 1.000000 1.000000
v -1.020593637 -0.586218313 -0.713659663 1.000000 1.000000 1.000000
v -1.022191238 -0.489834738 -0.762139888 1.000000 1.000000 1.000000
v -1.020863338 -0.586150312 -0.762139888 1.000000 1.000000 1.000000
v -1.021379850 -0.285729838 -0.617382813 1.000000 1.000000 1.000000
v -1.021142200 -0.384867138 -0.574478150 1.000000 1.000000 1.000000
v -1.021143725 -0.285623975 -0.574478150 1.000000 1.000000 1.000000
v -1.021377950 -0.384794087 -0.617382813 1.000000 1.000000 1.000000
v -1.021916575 -0.363836913 -0.713659663 1.000000 1.000000 1.000000
v -1.021914675 -0.462507300 -0.713659663 1.000000 1.000000 1.000000
v -1.022196575 -0.363964600 -0.762139888 1.000000 1.000000 1.000000
v -1.022192388 -0.462422512 -0.762139888 1.000000 1.000000 1.000000
v -1.021380238 -0.258906988 -0.617382813 1.000000 1.000000 1.000000
v -1.021155925 0.464141175 -0.574478150 1.000000 1.000000 1.000000
v -1.022233200 0.560732413 -0.762139888 1.000000 1.000000 1.000000
v -1.021144100 -0.258981937 -0.574478150 1.000000 1.000000 1.000000
v -1.022197337 -0.336526538 -0.762139888 1.000000 1.000000 1.000000
v -1.021916962 -0.336614938 -0.713659663 1.000000 1.000000 1.000000
v -1.021371075 0.666455513 -0.764059450 1.000000 1.000000 1.000000
v -1.021995163 0.651082137 -0.840344237 1.000000 1.000000 1.000000
v -1.021268087 0.651081937 -0.760098263 1.000000 1.000000 1.000000
v -1.022118000 0.666285225 -0.857571413 1.000000 1.000000 1.000000
v -1.019380950 0.644895787 -0.834188838 1.000000 1.000000 1.000000
v -1.018755338 0.644895750 -0.761575313 1.000000 1.000000 1.000000
v -1.021268087 0.651081937 -0.760098263 1.000000 1.000000 1.000000
v -1.020449450 0.579165262 -0.574801638 1.000000 1.000000 1.000000
v -1.020259475 0.557600350 -0.571475225 1.000000 1.000000 1.000000
v -1.017744825 0.551414113 -0.572952275 1.000000 1.000000 1.000000
v -1.022092063 -0.579311700 -0.840341187 1.000000 1.000000 1.000000
v -1.019477463 -0.579071375 -0.834152225 1.000000 1.000000 1.000000
v -1.021995163 0.651082137 -0.840344237 1.000000 1.000000 1.000000
v -1.022246938 -0.579288625 -0.857565313 1.000000 1.000000 1.000000
v -1.019738388 -0.579031613 -0.863748175 1.000000 1.000000 1.000000
v -1.022118000 0.666285225 -0.857571413 1.000000 1.000000 1.000000
v -1.019608688 0.672461225 -0.863766475 1.000000 1.000000 1.000000
v -1.018743900 0.672644850 -0.762719725 1.000000 1.000000 1.000000
v -1.019608688 0.672461225 -0.863766475 1.000000 1.000000 1.000000
v -1.021371075 0.666455513 -0.764059450 1.000000 1.000000 1.000000
v -1.017827988 0.585354613 -0.573461913 1.000000 1.000000 1.000000
v -1.018743900 0.672644850 -0.762719725 1.000000 1.000000 1.000000
v -1.020449450 0.579165262 -0.574801638 1.000000 1.000000 1.000000
v -1.019527813 0.579342462 -0.472546387 1.000000 1.000000 1.000000
v -1.020449450 0.579165262 -0.574801638 1.000000 1.000000 1.000000
v -1.016912463 0.585540388 -0.466366575 1.000000 1.000000 1.000000
v -1.019652175 0.557600450 -0.491943363 1.000000 1.000000 1.000000
v -1.020449450 0.579165262 -0.574801638 1.000000 1.000000 1.000000
v -1.017141725 0.551410725 -0.498156738 1.000000 1.000000 1.000000
v -1.017744825 0.551414113 -0.572952275 1.000000 1.000000 1.000000
v -1.019786838 -0.519619125 -0.491937250 1.000000 1.000000 1.000000
v -1.017264175 -0.519484663 -0.498153687 1.000000 1.000000 1.000000
v -1.019652175 0.557600450 -0.491943363 1.000000 1.000000 1.000000
v -1.019646838 -0.519605400 -0.472540288 1.000000 1.000000 1.000000
v -1.019527813 0.579342462 -0.472546387 1.000000 1.000000 1.000000
v -1.017039875 -0.519462925 -0.466351313 1.000000 1.000000 1.000000
v -1.016912463 0.585540388 -0.466366575 1.000000 1.000000 1.000000
v -1.004042438 -0.639587350 -0.466339113 1.000000 1.000000 1.000000
v -1.017039875 -0.519462925 -0.466351313 1.000000 1.000000 1.000000
v -1.006600187 -0.640148400 -0.472525025 1.000000 1.000000 1.000000
v -1.019786838 -0.519619125 -0.491937250 1.000000 1.000000 1.000000
v -1.006713863 -0.640178250 -0.491928100 1.000000 1.000000 1.000000
v -1.004228212 -0.639633700 -0.498114012 1.000000 1.000000 1.000000
v -1.017264175 -0.519484663 -0.498153687 1.000000 1.000000 1.000000
v -0.918991850 -0.828340525 -0.713659663 1.000000 1.000000 1.000000
v -0.846258925 -0.877048487 -0.762146000 1.000000 1.000000 1.000000
v -0.846173100 -0.876997563 -0.713659663 1.000000 1.000000 1.000000
v -0.919060512 -0.828402900 -0.762142950 1.000000 1.000000 1.000000
v -0.906946562 -0.836176688 -0.617385863 1.000000 1.000000 1.000000
v -0.960175700 -0.766562037 -0.617385863 1.000000 1.000000 1.000000
v -0.906829838 -0.836126713 -0.574481200 1.000000 1.000000 1.000000
v -0.960037237 -0.766402963 -0.574481200 1.000000 1.000000 1.000000
v -0.598758700 -0.904858400 -0.713659663 1.000000 1.000000 1.000000
v -0.664746100 -0.930158425 -0.617385863 1.000000 1.000000 1.000000
v -0.675070575 -0.903193088 -0.617385863 1.000000 1.000000 1.000000
v -0.588285450 -0.930059238 -0.713659663 1.000000 1.000000 1.000000
v -1.019608688 0.672461225 -0.863766475 1.000000 1.000000 1.000000
v -1.012530137 0.675208475 -0.762188725 1.000000 1.000000 1.000000
v -1.013443750 0.675019363 -0.866351312 1.000000 1.000000 1.000000
v -1.018743900 0.672644850 -0.762719725 1.000000 1.000000 1.000000
v -1.013573450 -0.578427750 -0.866308600 1.000000 1.000000 1.000000
v -1.019608688 0.672461225 -0.863766475 1.000000 1.000000 1.000000
v -1.013443750 0.675019363 -0.866351312 1.000000 1.000000 1.000000
v -1.019738388 -0.579031613 -0.863748175 1.000000 1.000000 1.000000
v -1.022233200 0.560732413 -0.762139888 1.000000 1.000000 1.000000
v -0.993328100 0.523831563 -0.602334600 1.000000 1.000000 1.000000
v -0.994314963 0.591650675 -0.737609863 1.000000 1.000000 1.000000
v -1.021155925 0.464141175 -0.574478150 1.000000 1.000000 1.000000
v -0.717176438 -0.893123050 -0.796899413 1.000000 1.000000 1.000000
v -0.821397788 -0.861615175 -0.831677250 1.000000 1.000000 1.000000
v -0.669584650 -0.902330013 -0.831582638 1.000000 1.000000 1.000000
v -0.820674900 -0.860462375 -0.796975713 1.000000 1.000000 1.000000
v -0.909431838 -0.795546963 -0.797091675 1.000000 1.000000 1.000000
v -0.909595488 -0.795694688 -0.831799312 1.000000 1.000000 1.000000
v -0.970254513 -0.704518563 -0.797183225 1.000000 1.000000 1.000000
v -0.970541763 -0.704512737 -0.831900025 1.000000 1.000000 1.000000
v -0.991077038 -0.596506075 -0.797213750 1.000000 1.000000 1.000000
v -0.995186613 -0.576725150 -0.831942750 1.000000 1.000000 1.000000
v -0.994836425 -0.473978275 -0.797210688 1.000000 1.000000 1.000000
v -0.994789500 -0.348334075 -0.797198488 1.000000 1.000000 1.000000
v -0.994966888 0.642341325 -0.831903075 1.000000 1.000000 1.000000
v -0.994695663 0.591650725 -0.797177125 1.000000 1.000000 1.000000
v -0.994383238 0.642341325 -0.762451175 1.000000 1.000000 1.000000
v -0.994314963 0.591650675 -0.737609863 1.000000 1.000000 1.000000
v -0.993372350 0.548859600 -0.573828125 1.000000 1.000000 1.000000
v -0.993328100 0.523831563 -0.602334600 1.000000 1.000000 1.000000
v -0.993041988 0.523831563 -0.537893675 1.000000 1.000000 1.000000
v -0.992715075 0.548787400 -0.500982663 1.000000 1.000000 1.000000
v -0.993156438 -0.270339638 -0.537884525 1.000000 1.000000 1.000000
v -0.993011475 -0.519611788 -0.500976562 1.000000 1.000000 1.000000
v -0.993194575 -0.395950463 -0.537881475 1.000000 1.000000 1.000000
v -0.993232350 -0.521561675 -0.537878413 1.000000 1.000000 1.000000
v -0.979003138 -0.631019638 -0.500927737 1.000000 1.000000 1.000000
v -0.977514263 -0.638345575 -0.537844850 1.000000 1.000000 1.000000
v -0.943091963 -0.737379025 -0.500878900 1.000000 1.000000 1.000000
v -0.942808150 -0.737910800 -0.537799075 1.000000 1.000000 1.000000
v -0.876375963 -0.822870825 -0.537725825 1.000000 1.000000 1.000000
v -0.822002413 -0.861638263 -0.713659663 1.000000 1.000000 1.000000
v -0.883109663 -0.852074050 -0.617385863 1.000000 1.000000 1.000000
v -0.877832800 -0.824346925 -0.617385863 1.000000 1.000000 1.000000
v -0.822578812 -0.892722513 -0.713659663 1.000000 1.000000 1.000000
v -0.736165238 -0.917214200 -0.762146000 1.000000 1.000000 1.000000
v -0.820674900 -0.860462375 -0.796975713 1.000000 1.000000 1.000000
v -0.717176438 -0.893123050 -0.796899413 1.000000 1.000000 1.000000
v -0.822626875 -0.892839050 -0.762146000 1.000000 1.000000 1.000000
v -0.473598475 -0.904756163 -0.713659663 1.000000 1.000000 1.000000
v -0.540218737 -0.930167013 -0.617385863 1.000000 1.000000 1.000000
v -0.550955588 -0.904753688 -0.617385863 1.000000 1.000000 1.000000
v -0.462619400 -0.930068013 -0.713659663 1.000000 1.000000 1.000000
v -1.016912463 0.585540388 -0.466366575 1.000000 1.000000 1.000000
v -1.011616513 0.587918375 -0.572930913 1.000000 1.000000 1.000000
v -1.017827988 0.585354613 -0.573461913 1.000000 1.000000 1.000000
v -1.010703662 0.588107687 -0.463815312 1.000000 1.000000 1.000000
v -0.787141800 -0.909175300 -0.491900638 1.000000 1.000000 1.000000
v -0.892508700 -0.849976725 -0.472406000 1.000000 1.000000 1.000000
v -0.892565538 -0.850017925 -0.491906738 1.000000 1.000000 1.000000
v -0.890889362 -0.848036763 -0.498095700 1.000000 1.000000 1.000000
v -0.786284250 -0.906725888 -0.498089600 1.000000 1.000000 1.000000
v -0.787117000 -0.909153363 -0.472396850 1.000000 1.000000 1.000000
v -0.890811925 -0.847994038 -0.466281125 1.000000 1.000000 1.000000
v -0.786248400 -0.906714250 -0.466271975 1.000000 1.000000 1.000000
v -0.717378238 -0.894704438 -0.713659663 1.000000 1.000000 1.000000
v -0.709570700 -0.922486300 -0.762146000 1.000000 1.000000 1.000000
v -0.709516913 -0.922509963 -0.713659663 1.000000 1.000000 1.000000
v -0.717176438 -0.893123050 -0.796899413 1.000000 1.000000 1.000000
v -0.675070575 -0.903193088 -0.617385863 1.000000 1.000000 1.000000
v -0.664686963 -0.930202863 -0.574484250 1.000000 1.000000 1.000000
v -0.674636075 -0.901166150 -0.537603763 1.000000 1.000000 1.000000
v -0.664746100 -0.930158425 -0.617385863 1.000000 1.000000 1.000000
v -0.786039350 -0.881778338 -0.617385863 1.000000 1.000000 1.000000
v -0.782104488 -0.908123588 -0.574484250 1.000000 1.000000 1.000000
v -0.784065625 -0.880176162 -0.537646487 1.000000 1.000000 1.000000
v -0.782144550 -0.908138463 -0.617385863 1.000000 1.000000 1.000000
v -0.015130037 -0.684985500 0.976730350 1.000000 1.000000 1.000000
v 0.176852800 -0.427700375 0.976730350 1.000000 1.000000 1.000000
v 0.145901675 -0.419569350 0.976730350 1.000000 1.000000 1.000000
v 0.121099288 -0.394766287 0.976730350 1.000000 1.000000 1.000000
v 0.112037088 -0.360947375 0.976730350 1.000000 1.000000 1.000000
v -0.015130037 0.379133125 0.976730350 1.000000 1.000000 1.000000
v -0.015130037 0.840721125 0.976730350 1.000000 1.000000 1.000000
v 0.121099288 0.553126575 0.976730350 1.000000 1.000000 1.000000
v 0.145810700 0.577838275 0.976730350 1.000000 1.000000 1.000000
v 0.176706888 0.586278863 0.976730350 1.000000 1.000000 1.000000
v 0.647982213 0.840721125 0.976730350 1.000000 1.000000 1.000000
v -0.015130037 0.914348025 0.957742312 1.000000 1.000000 1.000000
v 0.753450588 0.586282450 0.976730350 1.000000 1.000000 1.000000
v 0.647982213 0.914348025 0.957742312 1.000000 1.000000 1.000000
v -0.015130037 0.972504813 0.905865475 1.000000 1.000000 1.000000
v 0.753450588 0.735182100 0.976730350 1.000000 1.000000 1.000000
v 0.826946638 0.586293463 0.957739263 1.000000 1.000000 1.000000
v 0.647982213 0.972504713 0.905865475 1.000000 1.000000 1.000000
v 0.647982213 0.999608425 0.835000613 1.000000 1.000000 1.000000
v 0.690061950 0.832219600 0.976730350 1.000000 1.000000 1.000000
v 0.743553163 0.955149750 0.905874638 1.000000 1.000000 1.000000
v 0.755486113 0.981600187 0.835015875 1.000000 1.000000 1.000000
v 0.834501650 0.922059825 0.835015875 1.000000 1.000000 1.000000
v 0.719606013 0.900464250 0.957745363 1.000000 1.000000 1.000000
v 0.814200787 0.901593213 0.905874638 1.000000 1.000000 1.000000
v 0.772747988 0.860019875 0.957745363 1.000000 1.000000 1.000000
v 0.721264650 0.808492088 0.976730350 1.000000 1.000000 1.000000
v 0.867577550 0.830801775 0.905868525 1.000000 1.000000 1.000000
v 0.893703650 0.842774862 0.835006713 1.000000 1.000000 1.000000
v 0.813126375 0.806823725 0.957742312 1.000000 1.000000 1.000000
v 0.744967075 0.777268025 0.976730350 1.000000 1.000000 1.000000
v 0.826946638 0.735182100 0.957739263 1.000000 1.000000 1.000000
v 0.884746363 0.586312863 0.905856325 1.000000 1.000000 1.000000
v 0.884746363 0.735182100 0.905856325 1.000000 1.000000 1.000000
v 0.911362463 0.586342150 0.834982300 1.000000 1.000000 1.000000
v 0.911362463 0.735182100 0.834982300 1.000000 1.000000 1.000000
v 0.931266975 0.735182187 0.641329950 1.000000 1.000000 1.000000
v 0.647982213 1.020819287 0.641329950 1.000000 1.000000 1.000000
v -0.015130037 0.999608425 0.835000613 1.000000 1.000000 1.000000
v -0.015130037 1.020819287 0.641329950 1.000000 1.000000 1.000000
v -0.015130037 1.031655888 -0.372103888 1.000000 1.000000 1.000000
v 0.647982213 1.031655888 -0.372103888 1.000000 1.000000 1.000000
v -0.015130037 1.034726625 -0.866241450 1.000000 1.000000 1.000000
v 0.647982213 1.034726525 -0.866241450 1.000000 1.000000 1.000000
v 0.761537175 1.012975975 -0.866241450 1.000000 1.000000 1.000000
v 0.767015463 1.004986950 0.641329950 1.000000 1.000000 1.000000
v 0.772347075 1.016528225 -0.372103888 1.000000 1.000000 1.000000
v 0.856391713 0.949028013 -0.866238400 1.000000 1.000000 1.000000
v 0.861555863 0.950395588 -0.372103888 1.000000 1.000000 1.000000
v 0.920201688 0.854063038 -0.866241450 1.000000 1.000000 1.000000
v 0.853141212 0.941152763 0.641329950 1.000000 1.000000 1.000000
v 0.926104163 0.859917738 -0.372103888 1.000000 1.000000 1.000000
v 0.941820337 0.740475700 -0.866238400 1.000000 1.000000 1.000000
v 0.939718250 0.735182475 -0.372103888 1.000000 1.000000 1.000000
v 0.916195300 0.854403300 0.641329950 1.000000 1.000000 1.000000
v 0.941820337 0.586384013 -0.866238400 1.000000 1.000000 1.000000
v 0.932001688 0.586383862 -0.372103888 1.000000 1.000000 1.000000
v 0.859173775 -0.849254413 -0.762149050 1.000000 1.000000 1.000000
v 0.784381863 -0.899212650 -0.762146000 1.000000 1.000000 1.000000
v 0.772495275 -0.889467625 -0.781164550 1.000000 1.000000 1.000000
v 0.852993963 -0.820852850 -0.797015375 1.000000 1.000000 1.000000
v 0.761041263 -0.879165838 -0.797128300 1.000000 1.000000 1.000000
v -0.822578812 -0.892722513 -0.713659663 1.000000 1.000000 1.000000
v -0.809326550 -0.901158900 -0.617385863 1.000000 1.000000 1.000000
v -0.883109663 -0.852074050 -0.617385863 1.000000 1.000000 1.000000
v -0.883043675 -0.851950650 -0.574481200 1.000000 1.000000 1.000000
v -0.809210963 -0.901068500 -0.574484250 1.000000 1.000000 1.000000
v -0.736161800 -0.917227938 -0.713659663 1.000000 1.000000 1.000000
v -0.736165238 -0.917214200 -0.762146000 1.000000 1.000000 1.000000
v -0.822626875 -0.892839050 -0.762146000 1.000000 1.000000 1.000000
v 0.934740825 -0.762628700 -0.762149050 1.000000 1.000000 1.000000
v 0.852993963 -0.820852850 -0.797015375 1.000000 1.000000 1.000000
v 0.921741675 -0.740871188 -0.796923825 1.000000 1.000000 1.000000
v 0.881550213 -0.834307675 -0.762149050 1.000000 1.000000 1.000000
v -0.348439413 -0.904671863 -0.713659663 1.000000 1.000000 1.000000
v -0.414551550 -0.930175775 -0.617385863 1.000000 1.000000 1.000000
v -0.425797275 -0.904657938 -0.617385863 1.000000 1.000000 1.000000
v -0.336955638 -0.930076600 -0.713659663 1.000000 1.000000 1.000000
v -0.598758700 -0.904858400 -0.713659663 1.000000 1.000000 1.000000
v -0.588356400 -0.930006025 -0.762146000 1.000000 1.000000 1.000000
v -0.588285450 -0.930059238 -0.713659663 1.000000 1.000000 1.000000
v -0.598949050 -0.902396200 -0.796954350 1.000000 1.000000 1.000000
v -0.822002413 -0.861638263 -0.713659663 1.000000 1.000000 1.000000
v -0.822626875 -0.892839050 -0.762146000 1.000000 1.000000 1.000000
v -0.822578812 -0.892722513 -0.713659663 1.000000 1.000000 1.000000
v -0.820674900 -0.860462375 -0.796975713 1.000000 1.000000 1.000000
v -0.613648987 -0.930004125 -0.762146000 1.000000 1.000000 1.000000
v -0.717176438 -0.893123050 -0.796899413 1.000000 1.000000 1.000000
v -0.598949050 -0.902396200 -0.796954350 1.000000 1.000000 1.000000
v -0.709570700 -0.922486300 -0.762146000 1.000000 1.000000 1.000000
v -0.920312500 -0.827357100 -0.840310675 1.000000 1.000000 1.000000
v -0.807867438 -0.902576825 -0.857492063 1.000000 1.000000 1.000000
v -0.807722850 -0.902593225 -0.840295413 1.000000 1.000000 1.000000
v -0.920458987 -0.827339938 -0.857516475 1.000000 1.000000 1.000000
v -0.918412013 -0.825515563 -0.834124750 1.000000 1.000000 1.000000
v -0.806674200 -0.900182913 -0.834109500 1.000000 1.000000 1.000000
v -0.806922150 -0.900155263 -0.863684088 1.000000 1.000000 1.000000
v -0.918664175 -0.825485988 -0.863705450 1.000000 1.000000 1.000000
v -0.672431187 -0.929131125 -0.857528687 1.000000 1.000000 1.000000
v -0.806922150 -0.900155263 -0.863684088 1.000000 1.000000 1.000000
v -0.672234725 -0.926568225 -0.863723750 1.000000 1.000000 1.000000
v -0.672283938 -0.929153250 -0.840316775 1.000000 1.000000 1.000000
v -0.806674200 -0.900182913 -0.834109500 1.000000 1.000000 1.000000
v -0.671981812 -0.926596263 -0.834133913 1.000000 1.000000 1.000000
v 0.761041263 -0.879165838 -0.797128300 1.000000 1.000000 1.000000
v 0.667613025 -0.925176050 -0.762146000 1.000000 1.000000 1.000000
v 0.651143838 -0.900333600 -0.797189325 1.000000 1.000000 1.000000
v 0.758841700 -0.907106975 -0.762146000 1.000000 1.000000 1.000000
v 0.854809375 0.420888663 0.941708375 1.000000 1.000000 1.000000
v 0.829018212 0.372669338 0.964993288 1.000000 1.000000 1.000000
v 0.854809375 0.370802375 0.941708375 1.000000 1.000000 1.000000
v 0.873690037 0.369435687 0.924664313 1.000000 1.000000 1.000000
v 0.877002913 0.375545475 0.912808225 1.000000 1.000000 1.000000
v 0.855846600 0.431439113 0.931799312 1.000000 1.000000 1.000000
v 0.884746363 0.298642800 0.905856325 1.000000 1.000000 1.000000
v 0.829018212 0.439215038 0.964993288 1.000000 1.000000 1.000000
v 0.826946638 0.451347163 0.957739263 1.000000 1.000000 1.000000
v 0.753450588 0.451347163 0.976730350 1.000000 1.000000 1.000000
v 0.880600738 0.298642800 0.918426512 1.000000 1.000000 1.000000
v 0.873690037 0.227849913 0.924664313 1.000000 1.000000 1.000000
v 0.877002913 0.221740125 0.912808225 1.000000 1.000000 1.000000
v 0.854809375 0.226483938 0.941708375 1.000000 1.000000 1.000000
v 0.854809375 0.176396900 0.941708375 1.000000 1.000000 1.000000
v 0.855846600 0.165846438 0.931799312 1.000000 1.000000 1.000000
v 0.829018212 0.224617988 0.964993288 1.000000 1.000000 1.000000
v 0.829018212 0.158070513 0.964993288 1.000000 1.000000 1.000000
v 0.826946638 0.145938400 0.957739263 1.000000 1.000000 1.000000
v 0.753450388 0.145938400 0.976730350 1.000000 1.000000 1.000000
v 0.754616925 0.219760250 0.983660888 1.000000 1.000000 1.000000
v 0.754616925 0.158070513 0.983660888 1.000000 1.000000 1.000000
v 0.496080975 0.158070513 0.983477788 1.000000 1.000000 1.000000
v 0.445193863 0.145938400 0.976730350 1.000000 1.000000 1.000000
v 0.572874450 0.208389825 0.983477788 1.000000 1.000000 1.000000
v 0.613246913 0.267543725 0.983477788 1.000000 1.000000 1.000000
v 0.613246913 0.329741813 0.983477788 1.000000 1.000000 1.000000
v 0.754616925 0.377527288 0.983660888 1.000000 1.000000 1.000000
v 0.572874450 0.388895700 0.983477788 1.000000 1.000000 1.000000
v 0.754616925 0.439214988 0.983660888 1.000000 1.000000 1.000000
v 0.496081163 0.439214988 0.983477788 1.000000 1.000000 1.000000
v 0.445194050 0.451347163 0.976730350 1.000000 1.000000 1.000000
v 0.829018212 -0.003283925 0.964993288 1.000000 1.000000 1.000000
v 0.754616925 -0.064973688 0.983660888 1.000000 1.000000 1.000000
v 0.829018212 -0.069831375 0.964993288 1.000000 1.000000 1.000000
v 0.855846600 -0.011059813 0.931799312 1.000000 1.000000 1.000000
v 0.826946638 0.008848188 0.957739263 1.000000 1.000000 1.000000
v 0.753450588 0.008848188 0.976730350 1.000000 1.000000 1.000000
v 0.854809375 -0.021610313 0.941708375 1.000000 1.000000 1.000000
v 0.877002913 -0.066953463 0.912808225 1.000000 1.000000 1.000000
v 0.873690037 -0.073063275 0.924664313 1.000000 1.000000 1.000000
v 0.754616925 -0.003283925 0.983660888 1.000000 1.000000 1.000000
v 0.496081163 -0.003283925 0.983477788 1.000000 1.000000 1.000000
v 0.445194050 0.008848188 0.976730350 1.000000 1.000000 1.000000
v 0.572874450 -0.053603263 0.983477788 1.000000 1.000000 1.000000
v 0.613246913 -0.112757163 0.983477788 1.000000 1.000000 1.000000
v 0.884746363 -0.143856150 0.905856325 1.000000 1.000000 1.000000
v 0.754616925 -0.222737550 0.983660888 1.000000 1.000000 1.000000
v 0.613246913 -0.174955225 0.983477788 1.000000 1.000000 1.000000
v 0.572874450 -0.234109063 0.983477788 1.000000 1.000000 1.000000
v 0.754616925 -0.284428450 0.983660888 1.000000 1.000000 1.000000
v 0.496080975 -0.284428450 0.983477788 1.000000 1.000000 1.000000
v 0.753450388 -0.296560525 0.976730350 1.000000 1.000000 1.000000
v 0.445193863 -0.296560525 0.976730350 1.000000 1.000000 1.000000
v 0.829018212 -0.284428450 0.964993288 1.000000 1.000000 1.000000
v 0.826946638 -0.296560525 0.957739263 1.000000 1.000000 1.000000
v 0.855846600 -0.276652475 0.931799312 1.000000 1.000000 1.000000
v 0.829018212 -0.217879912 0.964993288 1.000000 1.000000 1.000000
v 0.854809375 -0.266102075 0.941708375 1.000000 1.000000 1.000000
v 0.877002913 -0.220758863 0.912808225 1.000000 1.000000 1.000000
v 0.854809375 -0.071697325 0.941708375 1.000000 1.000000 1.000000
v 0.854809375 -0.216014625 0.941708375 1.000000 1.000000 1.000000
v 0.873690037 -0.214649063 0.924664313 1.000000 1.000000 1.000000
v 0.880600738 -0.143856150 0.918426512 1.000000 1.000000 1.000000
v 0.978375250 -0.655011700 -0.762152100 1.000000 1.000000 1.000000
v 0.921741675 -0.740871188 -0.796923825 1.000000 1.000000 1.000000
v 0.958347700 -0.635530525 -0.796878050 1.000000 1.000000 1.000000
v 0.949067875 -0.741187337 -0.762149050 1.000000 1.000000 1.000000
v -0.550955588 -0.904753688 -0.617385863 1.000000 1.000000 1.000000
v -0.540173725 -0.930172925 -0.574484250 1.000000 1.000000 1.000000
v -0.550901037 -0.901725775 -0.537759400 1.000000 1.000000 1.000000
v -0.540218737 -0.930167013 -0.617385863 1.000000 1.000000 1.000000
v -0.908290488 -0.797477100 -0.713659663 1.000000 1.000000 1.000000
v -0.960175700 -0.766562037 -0.617385863 1.000000 1.000000 1.000000
v -0.945118337 -0.741300063 -0.617385863 1.000000 1.000000 1.000000
v -0.918991850 -0.828340525 -0.713659663 1.000000 1.000000 1.000000
v 0.871298975 0.666852375 0.925451663 1.000000 1.000000 1.000000
v 0.855846787 0.619152688 0.931799312 1.000000 1.000000 1.000000
v 0.877002913 0.662979125 0.912808225 1.000000 1.000000 1.000000
v 0.878545187 0.710918900 0.918948363 1.000000 1.000000 1.000000
v 0.852215388 0.710918900 0.942584225 1.000000 1.000000 1.000000
v 0.884746363 0.710918900 0.905856325 1.000000 1.000000 1.000000
v 0.877002913 0.771218588 0.912808225 1.000000 1.000000 1.000000
v 0.871298975 0.767345338 0.925451663 1.000000 1.000000 1.000000
v 0.852453425 0.767345338 0.942370600 1.000000 1.000000 1.000000
v 0.826766775 0.767345338 0.965087888 1.000000 1.000000 1.000000
v 0.852616687 0.806046675 0.927951050 1.000000 1.000000 1.000000
v 0.855846600 0.815045075 0.917526250 1.000000 1.000000 1.000000
v 0.826946638 0.830655100 0.950915525 1.000000 1.000000 1.000000
v 0.827191538 0.819054413 0.957904050 1.000000 1.000000 1.000000
v 0.754085738 0.830655100 0.970159912 1.000000 1.000000 1.000000
v 0.754085738 0.819053462 0.975726312 1.000000 1.000000 1.000000
v 0.754085738 0.767345425 0.982293700 1.000000 1.000000 1.000000
v 0.692831037 0.830655100 0.976730350 1.000000 1.000000 1.000000
v 0.692830850 0.819053075 0.982296750 1.000000 1.000000 1.000000
v 0.549963575 0.830655100 0.976730350 1.000000 1.000000 1.000000
v 0.549963763 0.819052125 0.982302862 1.000000 1.000000 1.000000
v 0.492412762 0.830655100 0.976730350 1.000000 1.000000 1.000000
v 0.580489163 0.772883700 0.982330325 1.000000 1.000000 1.000000
v 0.492412762 0.819051738 0.982305913 1.000000 1.000000 1.000000
v 0.545381737 0.782694250 0.982330325 1.000000 1.000000 1.000000
v 0.572624775 0.762901738 0.976730350 1.000000 1.000000 1.000000
v 0.543331913 0.771087362 0.976730350 1.000000 1.000000 1.000000
v 0.240630725 0.830655100 0.976730350 1.000000 1.000000 1.000000
v 0.487830738 0.782694250 0.982330325 1.000000 1.000000 1.000000
v 0.489606288 0.771087362 0.976730350 1.000000 1.000000 1.000000
v 0.461031725 0.764212800 0.976730350 1.000000 1.000000 1.000000
v 0.454958150 0.774785713 0.982330325 1.000000 1.000000 1.000000
v 0.436624713 0.747303388 0.976730350 1.000000 1.000000 1.000000
v 0.240630725 0.819050125 0.982318113 1.000000 1.000000 1.000000
v 0.426341250 0.754959625 0.982330325 1.000000 1.000000 1.000000
v 0.422350312 0.724491738 0.976730350 1.000000 1.000000 1.000000
v 0.409973525 0.728802588 0.982330325 1.000000 1.000000 1.000000
v 0.367271800 0.599397900 0.982330325 1.000000 1.000000 1.000000
v 0.377510263 0.587791063 0.976730350 1.000000 1.000000 1.000000
v 0.258587450 0.747765875 0.982330325 1.000000 1.000000 1.000000
v 0.261262125 0.715376325 0.982330325 1.000000 1.000000 1.000000
v 0.222346875 0.599397900 0.982330325 1.000000 1.000000 1.000000
v 0.377510263 0.587791063 0.976730350 1.000000 1.000000 1.000000
v 0.247930713 0.716436200 0.976730350 1.000000 1.000000 1.000000
v 0.205290413 0.587791063 0.976730350 1.000000 1.000000 1.000000
v 0.245706175 0.743375163 0.976730350 1.000000 1.000000 1.000000
v 0.236049075 0.772883700 0.982330325 1.000000 1.000000 1.000000
v 0.228184888 0.762901738 0.976730350 1.000000 1.000000 1.000000
v 0.200941850 0.782694250 0.982330325 1.000000 1.000000 1.000000
v 0.198892025 0.771087362 0.976730350 1.000000 1.000000 1.000000
v 0.205523488 0.819050025 0.982318113 1.000000 1.000000 1.000000
v 0.204888350 0.830655100 0.976730350 1.000000 1.000000 1.000000
v -0.053776938 0.819048313 0.982330325 1.000000 1.000000 1.000000
v -0.064191813 0.830655100 0.976730350 1.000000 1.000000 1.000000
v -0.062942700 0.782694250 0.982330325 1.000000 1.000000 1.000000
v -0.079695888 0.771087362 0.976730350 1.000000 1.000000 1.000000
v -0.064191813 0.830655100 0.976730350 1.000000 1.000000 1.000000
v -0.079695888 0.771087362 0.976730350 1.000000 1.000000 1.000000
v 0.542528537 -0.930085375 -0.762146000 1.000000 1.000000 1.000000
v 0.651143838 -0.900333600 -0.797189325 1.000000 1.000000 1.000000
v 0.641220288 -0.930092425 -0.762146000 1.000000 1.000000 1.000000
v 0.527744288 -0.902435300 -0.797033688 1.000000 1.000000 1.000000
v 0.527744288 -0.902435300 -0.797033688 1.000000 1.000000 1.000000
v 0.416888812 -0.930076600 -0.762146000 1.000000 1.000000 1.000000
v 0.402556038 -0.902430913 -0.797024538 1.000000 1.000000 1.000000
v 0.516898350 -0.930083663 -0.762146000 1.000000 1.000000 1.000000
v 0.402556038 -0.902430913 -0.797024538 1.000000 1.000000 1.000000
v 0.291245075 -0.930067825 -0.762146000 1.000000 1.000000 1.000000
v 0.277367975 -0.902426525 -0.797015375 1.000000 1.000000 1.000000
v 0.391259388 -0.930074888 -0.762146000 1.000000 1.000000 1.000000
v 0.277367975 -0.902426525 -0.797015375 1.000000 1.000000 1.000000
v 0.165597150 -0.930059050 -0.762146000 1.000000 1.000000 1.000000
v 0.152179913 -0.902422137 -0.797006225 1.000000 1.000000 1.000000
v 0.265625388 -0.930065912 -0.762146000 1.000000 1.000000 1.000000
v 0.152179913 -0.902422137 -0.797006225 1.000000 1.000000 1.000000
v 0.039945600 -0.930050087 -0.762146000 1.000000 1.000000 1.000000
v 0.026991650 -0.902417750 -0.796997075 1.000000 1.000000 1.000000
v 0.139996525 -0.930057150 -0.762146000 1.000000 1.000000 1.000000
v 0.014373212 -0.930048375 -0.762146000 1.000000 1.000000 1.000000
v -0.098196412 -0.902413563 -0.796987913 1.000000 1.000000 1.000000
v 0.026991650 -0.902417750 -0.796997075 1.000000 1.000000 1.000000
v -0.085709375 -0.930041313 -0.762146000 1.000000 1.000000 1.000000
v -0.111244200 -0.930039400 -0.762146000 1.000000 1.000000 1.000000
v -0.223384475 -0.902408987 -0.796981812 1.000000 1.000000 1.000000
v -0.098196412 -0.902413563 -0.796987913 1.000000 1.000000 1.000000
v -0.211367413 -0.930032538 -0.762146000 1.000000 1.000000 1.000000
v -0.236855700 -0.930030638 -0.762146000 1.000000 1.000000 1.000000
v -0.348572925 -0.902404788 -0.796972650 1.000000 1.000000 1.000000
v -0.223384475 -0.902408987 -0.796981812 1.000000 1.000000 1.000000
v -0.337028125 -0.930023575 -0.762146000 1.000000 1.000000 1.000000
v -0.362460713 -0.930021862 -0.762146000 1.000000 1.000000 1.000000
v -0.473760988 -0.902400400 -0.796963500 1.000000 1.000000 1.000000
v -0.348572925 -0.902404788 -0.796972650 1.000000 1.000000 1.000000
v -0.462691113 -0.930014800 -0.762146000 1.000000 1.000000 1.000000
v -0.488058475 -0.930012888 -0.762146000 1.000000 1.000000 1.000000
v -0.598949050 -0.902396200 -0.796954350 1.000000 1.000000 1.000000
v -0.473760988 -0.902400400 -0.796963500 1.000000 1.000000 1.000000
v -0.588356400 -0.930006025 -0.762146000 1.000000 1.000000 1.000000
v 0.982795712 0.504720975 -0.860812375 1.000000 1.000000 1.000000
v 0.662248425 0.523411175 -0.841223150 1.000000 1.000000 1.000000
v 0.982918163 0.523411125 -0.842431638 1.000000 1.000000 1.000000
v 0.662153438 0.504721025 -0.859625250 1.000000 1.000000 1.000000
v 0.988998800 0.503419250 -0.858520513 1.000000 1.000000 1.000000
v 0.989114950 0.521169712 -0.841064450 1.000000 1.000000 1.000000
v 0.982754900 0.479203125 -0.867276000 1.000000 1.000000 1.000000
v 0.662120825 0.479203125 -0.866110225 1.000000 1.000000 1.000000
v 0.988998800 0.503419250 -0.858520513 1.000000 1.000000 1.000000
v 0.988959700 0.478884025 -0.864727788 1.000000 1.000000 1.000000
v -0.223281475 -0.904605675 -0.713659663 1.000000 1.000000 1.000000
v -0.288898088 -0.930159000 -0.617385863 1.000000 1.000000 1.000000
v -0.300639725 -0.904580313 -0.617385863 1.000000 1.000000 1.000000
v -0.211294175 -0.930085375 -0.713659663 1.000000 1.000000 1.000000
v 0.692831037 0.767345425 0.982302862 1.000000 1.000000 1.000000
v 0.605702213 0.715376325 0.982330325 1.000000 1.000000 1.000000
v 0.692831037 0.710918900 0.982305913 1.000000 1.000000 1.000000
v 0.603027538 0.747765825 0.982330325 1.000000 1.000000 1.000000
v 0.590146250 0.743375112 0.976730350 1.000000 1.000000 1.000000
v 0.592370800 0.716436200 0.976730350 1.000000 1.000000 1.000000
v 0.566786963 0.599397900 0.982330325 1.000000 1.000000 1.000000
v 0.549730488 0.587791063 0.976730350 1.000000 1.000000 1.000000
v 0.692831037 0.599400475 0.982312013 1.000000 1.000000 1.000000
v 0.692831037 0.587791063 0.976730350 1.000000 1.000000 1.000000
v 0.549730488 0.587791063 0.976730350 1.000000 1.000000 1.000000
v 0.753450588 0.587791012 0.976730350 1.000000 1.000000 1.000000
v 0.754085738 0.599403000 0.982293700 1.000000 1.000000 1.000000
v 0.754085738 0.710918900 0.982293700 1.000000 1.000000 1.000000
v 0.825286287 0.599404812 0.966342163 1.000000 1.000000 1.000000
v 0.826946638 0.587791063 0.957739263 1.000000 1.000000 1.000000
v 0.826303488 0.710918900 0.965481562 1.000000 1.000000 1.000000
v 0.851806838 0.626473425 0.942950438 1.000000 1.000000 1.000000
v 0.909967238 0.041386225 0.642559813 1.000000 1.000000 1.000000
v 0.911362463 0.038404088 0.834982300 1.000000 1.000000 1.000000
v 0.931266975 0.038404088 0.641329950 1.000000 1.000000 1.000000
v 0.917392725 0.030909350 0.836401363 1.000000 1.000000 1.000000
v 0.909811588 0.046959688 0.621841425 1.000000 1.000000 1.000000
v 0.890586850 0.041384463 0.830099488 1.000000 1.000000 1.000000
v 0.937456900 0.030902050 0.640573125 1.000000 1.000000 1.000000
v 0.899634738 0.055714413 0.643597413 1.000000 1.000000 1.000000
v 0.867148775 0.041360188 0.893862913 1.000000 1.000000 1.000000
v 0.880565450 0.055714175 0.827758788 1.000000 1.000000 1.000000
v 0.858599663 0.055714125 0.888052363 1.000000 1.000000 1.000000
v 0.880565450 0.105712700 0.827758788 1.000000 1.000000 1.000000
v 0.899635888 0.059589100 0.629138188 1.000000 1.000000 1.000000
v 0.884746550 0.038403988 0.905856325 1.000000 1.000000 1.000000
v 0.826946638 0.038403938 0.957739263 1.000000 1.000000 1.000000
v 0.899635888 0.101838162 0.629138188 1.000000 1.000000 1.000000
v 0.816901775 0.041360425 0.938961788 1.000000 1.000000 1.000000
v 0.829875188 0.030875588 0.963198850 1.000000 1.000000 1.000000
v 0.812039375 0.055714125 0.929840088 1.000000 1.000000 1.000000
v 0.889861300 0.030875687 0.909350588 1.000000 1.000000 1.000000
v 0.754232025 0.030875588 0.982876588 1.000000 1.000000 1.000000
v 0.753450388 0.038403938 0.976730350 1.000000 1.000000 1.000000
v 0.750783925 0.041384312 0.955557250 1.000000 1.000000 1.000000
v 0.179675288 0.038514663 0.976730350 1.000000 1.000000 1.000000
v 0.754234313 0.021263125 0.982876588 1.000000 1.000000 1.000000
v 0.749510000 0.055714275 0.945346075 1.000000 1.000000 1.000000
v 0.829876900 0.021251675 0.963198850 1.000000 1.000000 1.000000
v 0.889862825 0.021231700 0.909347538 1.000000 1.000000 1.000000
v 0.884746363 0.013703488 0.905856325 1.000000 1.000000 1.000000
v 0.826946638 0.013723513 0.957739263 1.000000 1.000000 1.000000
v 0.917393488 0.021235087 0.836398313 1.000000 1.000000 1.000000
v 0.911362463 0.013673213 0.834982300 1.000000 1.000000 1.000000
v 0.753450388 0.013734912 0.976730350 1.000000 1.000000 1.000000
v 0.937449450 0.021199650 0.642727663 1.000000 1.000000 1.000000
v 0.932001688 0.013630250 0.641329950 1.000000 1.000000 1.000000
v 0.937462050 0.029845100 0.610449225 1.000000 1.000000 1.000000
v 0.932001688 0.023107675 0.606539913 1.000000 1.000000 1.000000
v 0.177825925 0.021377950 0.982925413 1.000000 1.000000 1.000000
v 0.176852613 0.013849925 0.976730350 1.000000 1.000000 1.000000
v 0.178702163 0.030986550 0.982925413 1.000000 1.000000 1.000000
v 0.149784662 0.028744513 0.982925413 1.000000 1.000000 1.000000
v 0.145901675 0.021980900 0.976730350 1.000000 1.000000 1.000000
v 0.121099288 0.046783925 0.976730350 1.000000 1.000000 1.000000
v 0.154692838 0.037293912 0.982925413 1.000000 1.000000 1.000000
v 0.127849012 0.050680825 0.982925413 1.000000 1.000000 1.000000
v 0.119830900 0.080602887 0.982925413 1.000000 1.000000 1.000000
v 0.112037088 0.080602887 0.976730350 1.000000 1.000000 1.000000
v 0.121099288 0.114422088 0.976730350 1.000000 1.000000 1.000000
v 0.158575825 0.044057563 0.976730350 1.000000 1.000000 1.000000
v 0.127849012 0.110525175 0.982925413 1.000000 1.000000 1.000000
v 0.145810700 0.139133837 0.976730350 1.000000 1.000000 1.000000
v 0.129682538 0.080602938 0.982925413 1.000000 1.000000 1.000000
v 0.136380575 0.055606650 0.982925413 1.000000 1.000000 1.000000
v 0.137476350 0.080602938 0.976730350 1.000000 1.000000 1.000000
v 0.149721525 0.132398075 0.982925413 1.000000 1.000000 1.000000
v 0.143130300 0.059503550 0.976730350 1.000000 1.000000 1.000000
v 0.136380575 0.105599350 0.982925413 1.000000 1.000000 1.000000
v 0.176706888 0.147574375 0.976730350 1.000000 1.000000 1.000000
v 0.160187913 0.046959588 0.955276487 1.000000 1.000000 1.000000
v 0.145922475 0.061225838 0.955276487 1.000000 1.000000 1.000000
v 0.177716825 0.140046162 0.982925413 1.000000 1.000000 1.000000
v 0.753450588 0.147578000 0.976730350 1.000000 1.000000 1.000000
v 0.180062488 0.041447163 0.955358888 1.000000 1.000000 1.000000
v 0.754233550 0.140049837 0.982876588 1.000000 1.000000 1.000000
v 0.181943325 0.055714375 0.945098875 1.000000 1.000000 1.000000
v 0.826946638 0.147589013 0.957739263 1.000000 1.000000 1.000000
v 0.167482375 0.059589000 0.945098875 1.000000 1.000000 1.000000
v 0.158554263 0.068517250 0.945101925 1.000000 1.000000 1.000000
v 0.181943325 0.105712800 0.945098875 1.000000 1.000000 1.000000
v 0.167482375 0.101838063 0.945098875 1.000000 1.000000 1.000000
v 0.749510000 0.105712750 0.945346075 1.000000 1.000000 1.000000
v 0.812039375 0.105712650 0.929840088 1.000000 1.000000 1.000000
v 0.750783925 0.120042750 0.955557250 1.000000 1.000000 1.000000
v 0.180062488 0.119979900 0.955358888 1.000000 1.000000 1.000000
v 0.858599663 0.105712750 0.888052363 1.000000 1.000000 1.000000
v 0.816901775 0.120066400 0.938961788 1.000000 1.000000 1.000000
v 0.179675100 0.122912413 0.976730350 1.000000 1.000000 1.000000
v 0.160188100 0.114467475 0.955276487 1.000000 1.000000 1.000000
v 0.158554263 0.092909813 0.945101925 1.000000 1.000000 1.000000
v -0.877832800 -0.824346925 -0.617385863 1.000000 1.000000 1.000000
v -0.883043675 -0.851950650 -0.574481200 1.000000 1.000000 1.000000
v -0.876375963 -0.822870825 -0.537725825 1.000000 1.000000 1.000000
v -0.883109663 -0.852074050 -0.617385863 1.000000 1.000000 1.000000
v -0.473598475 -0.904756163 -0.713659663 1.000000 1.000000 1.000000
v -0.462691113 -0.930014800 -0.762146000 1.000000 1.000000 1.000000
v -0.462619400 -0.930068013 -0.713659663 1.000000 1.000000 1.000000
v -0.473760988 -0.902400400 -0.796963500 1.000000 1.000000 1.000000
v 0.937462050 -0.385832925 0.598034663 1.000000 1.000000 1.000000
v 0.931266975 -0.360836750 0.599130250 1.000000 1.000000 1.000000
v 0.931266975 -0.381936025 0.604785150 1.000000 1.000000 1.000000
v 0.937462050 -0.404118112 0.616317750 1.000000 1.000000 1.000000
v 0.931266975 -0.397382025 0.620230100 1.000000 1.000000 1.000000
v 0.937456700 -0.410648200 0.640573125 1.000000 1.000000 1.000000
v 0.931266975 -0.403146225 0.641329950 1.000000 1.000000 1.000000
v 0.937462050 -0.411705163 0.610449225 1.000000 1.000000 1.000000
v 0.937462050 -0.360836750 0.591336063 1.000000 1.000000 1.000000
v 0.937462050 -0.335840275 0.598034663 1.000000 1.000000 1.000000
v 0.937462050 -0.390758750 0.589501950 1.000000 1.000000 1.000000
v 0.937462050 -0.330914450 0.589501950 1.000000 1.000000 1.000000
v 0.932001688 -0.418442587 0.606539913 1.000000 1.000000 1.000000
v 0.932001688 -0.427920100 0.641329950 1.000000 1.000000 1.000000
v 0.932001688 -0.394655663 0.582754513 1.000000 1.000000 1.000000
v 0.937449450 -0.420350600 0.642727663 1.000000 1.000000 1.000000
v 0.911362463 -0.427877088 0.834982300 1.000000 1.000000 1.000000
v 0.937462050 -0.360836750 0.581484987 1.000000 1.000000 1.000000
v 0.932001688 -0.360836750 0.573690800 1.000000 1.000000 1.000000
v 0.932001688 -0.327017550 0.582754513 1.000000 1.000000 1.000000
v 0.937462050 -0.309895087 0.610522463 1.000000 1.000000 1.000000
v 0.932001688 -0.303143738 0.606625362 1.000000 1.000000 1.000000
v 0.932001688 -0.293871163 0.641329950 1.000000 1.000000 1.000000
v 0.937462050 -0.317541363 0.616333013 1.000000 1.000000 1.000000
v 0.931266975 -0.324291375 0.620230100 1.000000 1.000000 1.000000
v 0.937449650 -0.301439713 0.642706300 1.000000 1.000000 1.000000
v 0.911362463 -0.293912650 0.834982300 1.000000 1.000000 1.000000
v 0.937456700 -0.311135438 0.640594488 1.000000 1.000000 1.000000
v 0.917393488 -0.301473950 0.836398313 1.000000 1.000000 1.000000
v 0.884746363 -0.293941837 0.905856325 1.000000 1.000000 1.000000
v 0.917392725 -0.311142488 0.836401363 1.000000 1.000000 1.000000
v 0.931266975 -0.318637900 0.641329950 1.000000 1.000000 1.000000
v 0.909811588 -0.327082688 0.621841425 1.000000 1.000000 1.000000
v 0.909967238 -0.321509600 0.642556763 1.000000 1.000000 1.000000
v 0.911362463 -0.318637800 0.834982300 1.000000 1.000000 1.000000
v 0.890586850 -0.321507888 0.830099488 1.000000 1.000000 1.000000
v 0.889862825 -0.301470138 0.909347538 1.000000 1.000000 1.000000
v 0.829876900 -0.301489400 0.963198850 1.000000 1.000000 1.000000
v 0.826946638 -0.293961288 0.957739263 1.000000 1.000000 1.000000
v 0.889861300 -0.311109500 0.909350588 1.000000 1.000000 1.000000
v 0.884746550 -0.318637900 0.905856325 1.000000 1.000000 1.000000
v 0.867148775 -0.321483563 0.893862913 1.000000 1.000000 1.000000
v 0.858599663 -0.335837512 0.888052363 1.000000 1.000000 1.000000
v 0.754233550 -0.301500463 0.982876588 1.000000 1.000000 1.000000
v 0.829875188 -0.311109400 0.963198850 1.000000 1.000000 1.000000
v 0.753450588 -0.293972250 0.976730350 1.000000 1.000000 1.000000
v 0.826946638 -0.318637900 0.957739263 1.000000 1.000000 1.000000
v 0.754232975 -0.311109500 0.982876588 1.000000 1.000000 1.000000
v 0.177716825 -0.301504088 0.982925413 1.000000 1.000000 1.000000
v 0.176706888 -0.293975875 0.976730350 1.000000 1.000000 1.000000
v 0.178665350 -0.311109588 0.982925413 1.000000 1.000000 1.000000
v 0.816901775 -0.321483850 0.938961788 1.000000 1.000000 1.000000
v 0.753450588 -0.318637900 0.976730350 1.000000 1.000000 1.000000
v 0.179675100 -0.318637900 0.976730350 1.000000 1.000000 1.000000
v 0.750783925 -0.321507500 0.955557250 1.000000 1.000000 1.000000
v 0.812039375 -0.335837600 0.929840088 1.000000 1.000000 1.000000
v 0.858599663 -0.385836175 0.888052363 1.000000 1.000000 1.000000
v 0.749510000 -0.335837512 0.945346075 1.000000 1.000000 1.000000
v 0.812039375 -0.385836175 0.929840088 1.000000 1.000000 1.000000
v 0.181943325 -0.335837512 0.945098875 1.000000 1.000000 1.000000
v 0.749510000 -0.385835988 0.945346075 1.000000 1.000000 1.000000
v 0.750783925 -0.400165987 0.955557250 1.000000 1.000000 1.000000
v 0.816901775 -0.400189825 0.938961788 1.000000 1.000000 1.000000
v 0.867148775 -0.400190113 0.893862913 1.000000 1.000000 1.000000
v 0.890586850 -0.400165800 0.830099488 1.000000 1.000000 1.000000
v 0.911362463 -0.403146125 0.834982300 1.000000 1.000000 1.000000
v 0.909967238 -0.400164075 0.642556763 1.000000 1.000000 1.000000
v 0.917392725 -0.410640863 0.836401363 1.000000 1.000000 1.000000
v 0.884746550 -0.403146313 0.905856325 1.000000 1.000000 1.000000
v 0.826946638 -0.403146313 0.957739263 1.000000 1.000000 1.000000
v 0.889861300 -0.410674713 0.909350588 1.000000 1.000000 1.000000
v 0.917393488 -0.420315213 0.836398313 1.000000 1.000000 1.000000
v 0.884746363 -0.427846863 0.905856325 1.000000 1.000000 1.000000
v 0.889862825 -0.420318650 0.909347538 1.000000 1.000000 1.000000
v 0.829876900 -0.420298625 0.963198850 1.000000 1.000000 1.000000
v 0.826946638 -0.427826738 0.957739263 1.000000 1.000000 1.000000
v 0.829874988 -0.410674713 0.963198850 1.000000 1.000000 1.000000
v 0.754234313 -0.420287088 0.982876588 1.000000 1.000000 1.000000
v 0.753450388 -0.427815300 0.976730350 1.000000 1.000000 1.000000
v 0.754232025 -0.410674625 0.982876588 1.000000 1.000000 1.000000
v 0.753450388 -0.403146313 0.976730350 1.000000 1.000000 1.000000
v 0.179675288 -0.403035688 0.976730350 1.000000 1.000000 1.000000
v 0.178702163 -0.410563800 0.982925413 1.000000 1.000000 1.000000
v 0.177825925 -0.420172363 0.982925413 1.000000 1.000000 1.000000
v 0.176852800 -0.427700375 0.976730350 1.000000 1.000000 1.000000
v 0.149784662 -0.412805700 0.982925413 1.000000 1.000000 1.000000
v 0.145901675 -0.419569350 0.976730350 1.000000 1.000000 1.000000
v 0.121099288 -0.394766287 0.976730350 1.000000 1.000000 1.000000
v 0.154692838 -0.404256388 0.982925413 1.000000 1.000000 1.000000
v 0.127849012 -0.390869375 0.982925413 1.000000 1.000000 1.000000
v 0.119830900 -0.360947375 0.982925413 1.000000 1.000000 1.000000
v 0.112037088 -0.360947375 0.976730350 1.000000 1.000000 1.000000
v 0.121099288 -0.327128175 0.976730350 1.000000 1.000000 1.000000
v 0.158575825 -0.397492738 0.976730350 1.000000 1.000000 1.000000
v 0.136380575 -0.385943650 0.982925413 1.000000 1.000000 1.000000
v 0.129682538 -0.360947375 0.982925413 1.000000 1.000000 1.000000
v 0.127849012 -0.331025075 0.982925413 1.000000 1.000000 1.000000
v 0.145810700 -0.302416463 0.976730350 1.000000 1.000000 1.000000
v 0.137476350 -0.360947375 0.976730350 1.000000 1.000000 1.000000
v 0.149721525 -0.309152175 0.982925413 1.000000 1.000000 1.000000
v 0.136380575 -0.335950900 0.982925413 1.000000 1.000000 1.000000
v 0.154664988 -0.317666288 0.982925413 1.000000 1.000000 1.000000
v 0.143130300 -0.339847800 0.976730350 1.000000 1.000000 1.000000
v 0.158575825 -0.324402000 0.976730350 1.000000 1.000000 1.000000
v 0.143130300 -0.382046750 0.976730350 1.000000 1.000000 1.000000
v 0.160187913 -0.394590613 0.955276487 1.000000 1.000000 1.000000
v 0.145922475 -0.380324413 0.955276487 1.000000 1.000000 1.000000
v 0.140700525 -0.360836750 0.955276487 1.000000 1.000000 1.000000
v 0.180062488 -0.400103138 0.955358888 1.000000 1.000000 1.000000
v 0.145922475 -0.341348987 0.955276487 1.000000 1.000000 1.000000
v 0.155286213 -0.360836750 0.945101925 1.000000 1.000000 1.000000
v 0.181943325 -0.385835888 0.945098875 1.000000 1.000000 1.000000
v 0.167482375 -0.381961300 0.945098875 1.000000 1.000000 1.000000
v 0.158554263 -0.373033000 0.945101925 1.000000 1.000000 1.000000
v 0.167482375 -0.339712187 0.945098875 1.000000 1.000000 1.000000
v 0.158554263 -0.348640487 0.945101925 1.000000 1.000000 1.000000
v 0.180062488 -0.321570350 0.955358888 1.000000 1.000000 1.000000
v 0.160188100 -0.327082775 0.955276487 1.000000 1.000000 1.000000
v 0.991803550 -0.533481262 -0.762152100 1.000000 1.000000 1.000000
v 0.958347700 -0.635530525 -0.796878050 1.000000 1.000000 1.000000
v 0.965374563 -0.519725463 -0.796862788 1.000000 1.000000 1.000000
v 0.983215900 -0.630586000 -0.762152100 1.000000 1.000000 1.000000
v 0.937461850 0.544414475 0.598034663 1.000000 1.000000 1.000000
v 0.931266975 0.540517525 0.604785150 1.000000 1.000000 1.000000
v 0.931266975 0.519418000 0.599130250 1.000000 1.000000 1.000000
v 0.931266975 0.555963375 0.620230100 1.000000 1.000000 1.000000
v 0.937462050 0.494421763 0.598034663 1.000000 1.000000 1.000000
v 0.931266975 0.498318675 0.604785150 1.000000 1.000000 1.000000
v 0.931266975 0.482872725 0.620230100 1.000000 1.000000 1.000000
v 0.937461850 0.519418000 0.591336063 1.000000 1.000000 1.000000
v 0.937462050 0.562713438 0.616333013 1.000000 1.000000 1.000000
v 0.937462050 0.476122663 0.616333013 1.000000 1.000000 1.000000
v 0.937456700 0.469716788 0.640594488 1.000000 1.000000 1.000000
v 0.931266975 0.477219200 0.641329950 1.000000 1.000000 1.000000
v 0.937462050 0.468476488 0.610522463 1.000000 1.000000 1.000000
v 0.937462050 0.489495988 0.589501950 1.000000 1.000000 1.000000
v 0.937462050 0.549340250 0.589501950 1.000000 1.000000 1.000000
v 0.917392725 0.469723038 0.836401363 1.000000 1.000000 1.000000
v 0.937462050 0.570359713 0.610522463 1.000000 1.000000 1.000000
v 0.937462050 0.519418000 0.581484987 1.000000 1.000000 1.000000
v 0.932001688 0.553237150 0.582754513 1.000000 1.000000 1.000000
v 0.932001688 0.519418000 0.573690800 1.000000 1.000000 1.000000
v 0.932001688 0.485599088 0.582754513 1.000000 1.000000 1.000000
v 0.932001688 0.461725138 0.606625362 1.000000 1.000000 1.000000
v 0.932001688 0.577111000 0.606628413 1.000000 1.000000 1.000000
v 0.932001688 0.452452475 0.641329950 1.000000 1.000000 1.000000
v 0.932001688 0.586383575 0.641329950 1.000000 1.000000 1.000000
v 0.937449650 0.460020925 0.642709350 1.000000 1.000000 1.000000
v 0.911362463 0.452493900 0.834982300 1.000000 1.000000 1.000000
v 0.917393488 0.460054350 0.836398313 1.000000 1.000000 1.000000
v 0.884746363 0.452523138 0.905856325 1.000000 1.000000 1.000000
v 0.937449650 0.578815025 0.642709350 1.000000 1.000000 1.000000
v 0.911362463 0.586342150 0.834982300 1.000000 1.000000 1.000000
v 0.937456700 0.569119212 0.640594488 1.000000 1.000000 1.000000
v 0.917393488 0.578780837 0.836398313 1.000000 1.000000 1.000000
v 0.884746363 0.586312863 0.905856325 1.000000 1.000000 1.000000
v 0.917392725 0.569112163 0.836401363 1.000000 1.000000 1.000000
v 0.931266975 0.561616850 0.641329950 1.000000 1.000000 1.000000
v 0.909811588 0.553172063 0.621841425 1.000000 1.000000 1.000000
v 0.909967238 0.558745150 0.642559813 1.000000 1.000000 1.000000
v 0.911362463 0.561616900 0.834982300 1.000000 1.000000 1.000000
v 0.890586850 0.558746862 0.830099488 1.000000 1.000000 1.000000
v 0.889862825 0.578784613 0.909350588 1.000000 1.000000 1.000000
v 0.829876900 0.578765350 0.963198850 1.000000 1.000000 1.000000
v 0.826946638 0.586293463 0.957739263 1.000000 1.000000 1.000000
v 0.889861300 0.569145200 0.909350588 1.000000 1.000000 1.000000
v 0.884746550 0.561616850 0.905856325 1.000000 1.000000 1.000000
v 0.867148775 0.558771137 0.893862913 1.000000 1.000000 1.000000
v 0.858599663 0.544417188 0.888052363 1.000000 1.000000 1.000000
v 0.754233550 0.578754237 0.982876588 1.000000 1.000000 1.000000
v 0.829875188 0.569145300 0.963198850 1.000000 1.000000 1.000000
v 0.753450588 0.586282450 0.976730350 1.000000 1.000000 1.000000
v 0.826946638 0.561616850 0.957739263 1.000000 1.000000 1.000000
v 0.754232975 0.569145200 0.982876588 1.000000 1.000000 1.000000
v 0.177716825 0.578750613 0.982925413 1.000000 1.000000 1.000000
v 0.176706888 0.586278863 0.976730350 1.000000 1.000000 1.000000
v 0.178665350 0.569145150 0.982925413 1.000000 1.000000 1.000000
v 0.816901775 0.558770850 0.938961788 1.000000 1.000000 1.000000
v 0.753450588 0.561616850 0.976730350 1.000000 1.000000 1.000000
v 0.179675100 0.561616900 0.976730350 1.000000 1.000000 1.000000
v 0.750783925 0.558747200 0.955557250 1.000000 1.000000 1.000000
v 0.812039375 0.544417100 0.929840088 1.000000 1.000000 1.000000
v 0.858599663 0.494418575 0.888052363 1.000000 1.000000 1.000000
v 0.749510000 0.544417188 0.945346075 1.000000 1.000000 1.000000
v 0.812039375 0.494418575 0.929840088 1.000000 1.000000 1.000000
v 0.181943325 0.544417238 0.945098875 1.000000 1.000000 1.000000
v 0.749510000 0.494418713 0.945346075 1.000000 1.000000 1.000000
v 0.750783925 0.480088762 0.955557250 1.000000 1.000000 1.000000
v 0.816901775 0.480064875 0.938961788 1.000000 1.000000 1.000000
v 0.867148775 0.480064625 0.893862913 1.000000 1.000000 1.000000
v 0.890586850 0.480088900 0.830099488 1.000000 1.000000 1.000000
v 0.826946638 0.477108475 0.957739263 1.000000 1.000000 1.000000
v 0.911362463 0.477219150 0.834982300 1.000000 1.000000 1.000000
v 0.909967238 0.480090662 0.642559813 1.000000 1.000000 1.000000
v 0.884746363 0.477219100 0.905856325 1.000000 1.000000 1.000000
v 0.889866062 0.469689938 0.909347538 1.000000 1.000000 1.000000
v 0.753450588 0.477108388 0.976730350 1.000000 1.000000 1.000000
v 0.829880713 0.469580937 0.963195800 1.000000 1.000000 1.000000
v 0.889857863 0.460050538 0.909353637 1.000000 1.000000 1.000000
v 0.754232025 0.469580838 0.982876588 1.000000 1.000000 1.000000
v 0.829871363 0.459960837 0.963201900 1.000000 1.000000 1.000000
v 0.826946638 0.452431775 0.957739263 1.000000 1.000000 1.000000
v 0.179675288 0.477219150 0.976730350 1.000000 1.000000 1.000000
v 0.754234500 0.459971900 0.982876588 1.000000 1.000000 1.000000
v 0.753450588 0.452442838 0.976730350 1.000000 1.000000 1.000000
v 0.178702163 0.469690988 0.982925413 1.000000 1.000000 1.000000
v 0.177813338 0.460085675 0.982925413 1.000000 1.000000 1.000000
v 0.176840213 0.452557663 0.976730350 1.000000 1.000000 1.000000
v 0.149784662 0.467449000 0.982925413 1.000000 1.000000 1.000000
v 0.145901675 0.460685350 0.976730350 1.000000 1.000000 1.000000
v 0.121099288 0.485488413 0.976730350 1.000000 1.000000 1.000000
v 0.154692838 0.475998400 0.982925413 1.000000 1.000000 1.000000
v 0.127849012 0.489385325 0.982925413 1.000000 1.000000 1.000000
v 0.119830900 0.519307325 0.982925413 1.000000 1.000000 1.000000
v 0.112037088 0.519307325 0.976730350 1.000000 1.000000 1.000000
v 0.121099288 0.553126575 0.976730350 1.000000 1.000000 1.000000
v 0.158575825 0.482762050 0.976730350 1.000000 1.000000 1.000000
v 0.136380575 0.494311100 0.982925413 1.000000 1.000000 1.000000
v 0.129682538 0.519307375 0.982925413 1.000000 1.000000 1.000000
v 0.127849012 0.549229675 0.982925413 1.000000 1.000000 1.000000
v 0.145810700 0.577838275 0.976730350 1.000000 1.000000 1.000000
v 0.137476350 0.519307375 0.976730350 1.000000 1.000000 1.000000
v 0.149721525 0.571102575 0.982925413 1.000000 1.000000 1.000000
v 0.136380575 0.544303800 0.982925413 1.000000 1.000000 1.000000
v 0.154664988 0.562588450 0.982925413 1.000000 1.000000 1.000000
v 0.143130300 0.540406900 0.976730350 1.000000 1.000000 1.000000
v 0.158575825 0.555852700 0.976730350 1.000000 1.000000 1.000000
v 0.143130300 0.498208000 0.976730350 1.000000 1.000000 1.000000
v 0.160187913 0.485664088 0.955276487 1.000000 1.000000 1.000000
v 0.145922475 0.499930288 0.955276487 1.000000 1.000000 1.000000
v 0.140700525 0.519417950 0.955276487 1.000000 1.000000 1.000000
v 0.180062488 0.480151600 0.955358888 1.000000 1.000000 1.000000
v 0.145922475 0.538905712 0.955276487 1.000000 1.000000 1.000000
v 0.155286213 0.519417950 0.945101925 1.000000 1.000000 1.000000
v 0.181943325 0.494418813 0.945098875 1.000000 1.000000 1.000000
v 0.167482375 0.498293500 0.945098875 1.000000 1.000000 1.000000
v 0.158554263 0.507221750 0.945101925 1.000000 1.000000 1.000000
v 0.167482375 0.540542512 0.945098875 1.000000 1.000000 1.000000
v 0.158554263 0.531614250 0.945101925 1.000000 1.000000 1.000000
v 0.180062488 0.558684400 0.955358888 1.000000 1.000000 1.000000
v 0.160188100 0.553171963 0.955276487 1.000000 1.000000 1.000000
v -0.230750650 -0.879111288 -0.642041013 1.000000 1.000000 1.000000
v -0.236356738 -0.879223250 -0.514886475 1.000000 1.000000 1.000000
v -0.678242112 -0.875919338 -0.372103888 1.000000 1.000000 1.000000
v -0.215083700 -0.878851887 -0.389227300 1.000000 1.000000 1.000000
v -0.678242112 -0.879137038 -0.866241450 1.000000 1.000000 1.000000
v -0.207770925 -0.879648775 -0.866241450 1.000000 1.000000 1.000000
v -0.156323625 -0.879276463 -0.276940913 1.000000 1.000000 1.000000
v -0.791797263 -0.857386775 -0.866241450 1.000000 1.000000 1.000000
v -0.802606963 -0.860791775 -0.372103888 1.000000 1.000000 1.000000
v -0.886651613 -0.793438488 -0.866238400 1.000000 1.000000 1.000000
v -0.678242112 -0.865083313 0.641329950 1.000000 1.000000 1.000000
v -0.012523275 -0.879285425 -0.212966925 1.000000 1.000000 1.000000
v -0.015130037 -0.865083500 0.641329950 1.000000 1.000000 1.000000
v -0.015130037 -0.843872638 0.835000613 1.000000 1.000000 1.000000
v -0.891815950 -0.794659188 -0.372103888 1.000000 1.000000 1.000000
v -0.797275538 -0.849250988 0.641329950 1.000000 1.000000 1.000000
v -0.950461575 -0.698473600 -0.866241450 1.000000 1.000000 1.000000
v -0.678242112 -0.843872638 0.835000613 1.000000 1.000000 1.000000
v -0.015130037 -0.816769025 0.905865475 1.000000 1.000000 1.000000
v -0.785746000 -0.825864600 0.835015875 1.000000 1.000000 1.000000
v -0.883401113 -0.785416838 0.641329950 1.000000 1.000000 1.000000
v -0.956364438 -0.704181338 -0.372103888 1.000000 1.000000 1.000000
v -0.972080612 -0.584886125 -0.866238400 1.000000 1.000000 1.000000
v -0.864761737 -0.766324088 0.835015875 1.000000 1.000000 1.000000
v -0.969978338 -0.579445988 -0.372103888 1.000000 1.000000 1.000000
v -0.946455388 -0.698667475 0.641329950 1.000000 1.000000 1.000000
v -0.972080612 -0.433635662 -0.866238400 1.000000 1.000000 1.000000
v -0.969978338 -0.429324012 -0.372103888 1.000000 1.000000 1.000000
v -0.972080612 0.589112712 -0.866238400 1.000000 1.000000 1.000000
v -0.969978338 0.585141750 -0.372103888 1.000000 1.000000 1.000000
v -0.961527250 -0.579446263 0.641329950 1.000000 1.000000 1.000000
v -0.961527250 -0.429324288 0.641329950 1.000000 1.000000 1.000000
v -0.961527250 0.585141463 0.641329950 1.000000 1.000000 1.000000
v -0.923963925 -0.687039138 0.835006713 1.000000 1.000000 1.000000
v -0.941622538 -0.579446263 0.834982300 1.000000 1.000000 1.000000
v -0.941622538 -0.429324388 0.834982300 1.000000 1.000000 1.000000
v -0.941622163 0.585141425 0.834982300 1.000000 1.000000 1.000000
v -0.897837825 -0.675066137 0.905868525 1.000000 1.000000 1.000000
v -0.915006637 -0.579446363 0.905856325 1.000000 1.000000 1.000000
v -0.915006637 -0.429324288 0.905856325 1.000000 1.000000 1.000000
v -0.915006250 0.585141463 0.905856325 1.000000 1.000000 1.000000
v -0.857206725 0.585141463 0.957739263 1.000000 1.000000 1.000000
v -0.857206725 -0.429324288 0.957739263 1.000000 1.000000 1.000000
v -0.783710475 0.585141463 0.976730350 1.000000 1.000000 1.000000
v -0.843386463 -0.651088000 0.957742312 1.000000 1.000000 1.000000
v -0.857206725 -0.579446363 0.957739263 1.000000 1.000000 1.000000
v -0.844461062 -0.745857475 0.905874638 1.000000 1.000000 1.000000
v -0.775227350 -0.621532300 0.976730350 1.000000 1.000000 1.000000
v -0.783710475 -0.579446363 0.976730350 1.000000 1.000000 1.000000
v -0.783710475 -0.429324288 0.976730350 1.000000 1.000000 1.000000
v -0.015130037 0.379133125 0.976730350 1.000000 1.000000 1.000000
v -0.221138388 0.585141513 0.976730350 1.000000 1.000000 1.000000
v -0.142302325 0.569460063 0.976730350 1.000000 1.000000 1.000000
v -0.030811500 0.457969188 0.976730350 1.000000 1.000000 1.000000
v -0.075468450 0.524803063 0.976730350 1.000000 1.000000 1.000000
v -0.015130037 -0.684985500 0.976730350 1.000000 1.000000 1.000000
v -0.678242112 -0.684985400 0.976730350 1.000000 1.000000 1.000000
v -0.015130037 -0.758612300 0.957742312 1.000000 1.000000 1.000000
v -0.751524738 -0.652756450 0.976730350 1.000000 1.000000 1.000000
v -0.678242112 -0.758612200 0.957742312 1.000000 1.000000 1.000000
v -0.720322038 -0.676483875 0.976730350 1.000000 1.000000 1.000000
v -0.803007887 -0.704284138 0.957745363 1.000000 1.000000 1.000000
v -0.749866100 -0.744728425 0.957745363 1.000000 1.000000 1.000000
v -0.678242112 -0.816768837 0.905865475 1.000000 1.000000 1.000000
v -0.773813250 -0.799414013 0.905874638 1.000000 1.000000 1.000000
v 0.993270300 -0.281918100 -0.762152100 1.000000 1.000000 1.000000
v 0.965346337 -0.394113013 -0.796862788 1.000000 1.000000 1.000000
v 0.965318112 -0.268501038 -0.796865850 1.000000 1.000000 1.000000
v 0.993286512 -0.384367613 -0.762152100 1.000000 1.000000 1.000000
v 0.993290325 -0.407761913 -0.762152100 1.000000 1.000000 1.000000
v 0.965374563 -0.519725463 -0.796862788 1.000000 1.000000 1.000000
v 0.965346337 -0.394113013 -0.796862788 1.000000 1.000000 1.000000
v 0.993306538 -0.510214663 -0.762152100 1.000000 1.000000 1.000000
v 0.649098013 1.046496862 -0.921380613 1.000000 1.000000 1.000000
v 0.764943500 1.023435025 -0.921487425 1.000000 1.000000 1.000000
v 0.760505863 1.012637325 -0.947155763 1.000000 1.000000 1.000000
v 0.649091150 1.046259113 -0.891940313 1.000000 1.000000 1.000000
v 0.647982213 1.035019488 -0.947155763 1.000000 1.000000 1.000000
v 0.647982213 1.034726525 -0.866241450 1.000000 1.000000 1.000000
v 0.761537175 1.012975975 -0.866241450 1.000000 1.000000 1.000000
v -0.015129850 1.046497063 -0.921380613 1.000000 1.000000 1.000000
v -0.015130037 1.035019488 -0.947155763 1.000000 1.000000 1.000000
v -0.015129850 1.046259113 -0.891940313 1.000000 1.000000 1.000000
v -0.015130037 1.034726625 -0.866241450 1.000000 1.000000 1.000000
v -0.678242112 1.035019588 -0.947155763 1.000000 1.000000 1.000000
v -0.678242112 1.034726713 -0.866241450 1.000000 1.000000 1.000000
v -0.679351038 1.046259113 -0.891940313 1.000000 1.000000 1.000000
v -0.791751475 1.012988475 -0.866241450 1.000000 1.000000 1.000000
v -0.679357912 1.046497150 -0.921380613 1.000000 1.000000 1.000000
v -0.790766150 1.012637138 -0.947155763 1.000000 1.000000 1.000000
v -0.795204163 1.023431488 -0.921487425 1.000000 1.000000 1.000000
v -0.796144100 1.023557850 -0.892050175 1.000000 1.000000 1.000000
v -0.894686888 0.957035350 -0.892095950 1.000000 1.000000 1.000000
v -0.886635588 0.949007412 -0.866238400 1.000000 1.000000 1.000000
v -0.894459538 0.957209013 -0.921539313 1.000000 1.000000 1.000000
v -0.886159137 0.948897650 -0.947155763 1.000000 1.000000 1.000000
v -0.950474925 0.854009625 -0.866241450 1.000000 1.000000 1.000000
v -0.960697175 0.857961850 -0.921493525 1.000000 1.000000 1.000000
v -0.949898913 0.853504463 -0.947155763 1.000000 1.000000 1.000000
v -0.961046600 0.858368300 -0.892053225 1.000000 1.000000 1.000000
v -0.983589938 0.741567138 -0.891952513 1.000000 1.000000 1.000000
v -0.983782200 0.742107200 -0.921395875 1.000000 1.000000 1.000000
v -0.972281263 0.740980625 -0.947155763 1.000000 1.000000 1.000000
v -0.972080225 0.740475700 -0.866238400 1.000000 1.000000 1.000000
v -0.983781813 0.590360638 -0.921395875 1.000000 1.000000 1.000000
v -0.972281263 0.589491563 -0.947155763 1.000000 1.000000 1.000000
v -0.983590313 0.589955050 -0.891952513 1.000000 1.000000 1.000000
v -0.972080612 0.589112712 -0.866238400 1.000000 1.000000 1.000000
v -0.972281263 -0.434046988 -0.947155763 1.000000 1.000000 1.000000
v -0.983590700 -0.434477763 -0.891952513 1.000000 1.000000 1.000000
v -0.972080612 -0.433635662 -0.866238400 1.000000 1.000000 1.000000
v -0.972080612 -0.584886125 -0.866238400 1.000000 1.000000 1.000000
v -0.983781813 -0.434916738 -0.921392825 1.000000 1.000000 1.000000
v -0.972281263 -0.585405113 -0.947158813 1.000000 1.000000 1.000000
v -0.983591075 -0.585977413 -0.891949463 1.000000 1.000000 1.000000
v -0.950461575 -0.698473600 -0.866241450 1.000000 1.000000 1.000000
v -0.983781438 -0.586531875 -0.921392825 1.000000 1.000000 1.000000
v -0.949898525 -0.697929050 -0.947155763 1.000000 1.000000 1.000000
v -0.961031338 -0.702832838 -0.892053225 1.000000 1.000000 1.000000
v -0.894700625 -0.801463700 -0.892099000 1.000000 1.000000 1.000000
v -0.886651613 -0.793438488 -0.866238400 1.000000 1.000000 1.000000
v -0.960699087 -0.702385663 -0.921493525 1.000000 1.000000 1.000000
v -0.886159137 -0.793322225 -0.947158813 1.000000 1.000000 1.000000
v -0.791797263 -0.857386775 -0.866241450 1.000000 1.000000 1.000000
v -0.894462200 -0.801636125 -0.921542362 1.000000 1.000000 1.000000
v -0.790766150 -0.857061963 -0.947158813 1.000000 1.000000 1.000000
v -0.796191788 -0.867956350 -0.892047125 1.000000 1.000000 1.000000
v -0.679356762 -0.890659338 -0.891961675 1.000000 1.000000 1.000000
v -0.678242112 -0.879137038 -0.866241450 1.000000 1.000000 1.000000
v -0.207770925 -0.879648775 -0.866241450 1.000000 1.000000 1.000000
v -0.179269988 -0.891318513 -0.891946412 1.000000 1.000000 1.000000
v -0.795201875 -0.867856025 -0.921484375 1.000000 1.000000 1.000000
v -0.679362488 -0.890930363 -0.921401975 1.000000 1.000000 1.000000
v -0.146655275 -0.891306300 -0.921386725 1.000000 1.000000 1.000000
v -0.678242112 -0.879443737 -0.947158813 1.000000 1.000000 1.000000
v -0.118134688 -0.879858775 -0.947158813 1.000000 1.000000 1.000000
v 0.994244763 0.448229788 -0.750634763 1.000000 1.000000 1.000000
v 0.965233613 0.021631863 -0.796875000 1.000000 1.000000 1.000000
v 0.965041537 0.483040475 -0.796890263 1.000000 1.000000 1.000000
v 0.994408987 0.008581587 -0.746200562 1.000000 1.000000 1.000000
v 0.965318112 -0.268501038 -0.796865850 1.000000 1.000000 1.000000
v 0.993266675 -0.258521800 -0.762152100 1.000000 1.000000 1.000000
v -0.425797275 -0.904657938 -0.617385863 1.000000 1.000000 1.000000
v -0.414523313 -0.930142788 -0.574484250 1.000000 1.000000 1.000000
v -0.425704575 -0.901756862 -0.537768550 1.000000 1.000000 1.000000
v -0.414551550 -0.930175775 -0.617385863 1.000000 1.000000 1.000000
v -0.098123938 -0.904557800 -0.713659663 1.000000 1.000000 1.000000
v -0.163254550 -0.930128863 -0.617385863 1.000000 1.000000 1.000000
v -0.175483137 -0.904521175 -0.617385863 1.000000 1.000000 1.000000
v -0.085635188 -0.930093950 -0.713659663 1.000000 1.000000 1.000000
v -0.908290488 -0.797477100 -0.713659663 1.000000 1.000000 1.000000
v -0.919060512 -0.828402900 -0.762142950 1.000000 1.000000 1.000000
v -0.918991850 -0.828340525 -0.713659663 1.000000 1.000000 1.000000
v -0.909431838 -0.795546963 -0.797091675 1.000000 1.000000 1.000000
v 0.538565450 0.396684975 0.976730350 1.000000 1.000000 1.000000
v 0.496081163 0.439214988 0.983477788 1.000000 1.000000 1.000000
v 0.445194050 0.451347163 0.976730350 1.000000 1.000000 1.000000
v 0.572874450 0.388895700 0.983477788 1.000000 1.000000 1.000000
v 0.587653350 0.332425837 0.976730350 1.000000 1.000000 1.000000
v 0.613246913 0.329741813 0.983477788 1.000000 1.000000 1.000000
v 0.587653350 0.264859725 0.976730350 1.000000 1.000000 1.000000
v 0.613246913 0.267543725 0.983477788 1.000000 1.000000 1.000000
v 0.572874450 0.208389825 0.983477788 1.000000 1.000000 1.000000
v 0.538565450 0.200600525 0.976730350 1.000000 1.000000 1.000000
v 0.496080975 0.158070513 0.983477788 1.000000 1.000000 1.000000
v 0.445193863 0.145938400 0.976730350 1.000000 1.000000 1.000000
v 0.538565450 -0.045813988 0.976730350 1.000000 1.000000 1.000000
v 0.496081163 -0.003283925 0.983477788 1.000000 1.000000 1.000000
v 0.445194050 0.008848188 0.976730350 1.000000 1.000000 1.000000
v 0.572874450 -0.053603263 0.983477788 1.000000 1.000000 1.000000
v 0.587653350 -0.110073138 0.976730350 1.000000 1.000000 1.000000
v 0.613246913 -0.112757163 0.983477788 1.000000 1.000000 1.000000
v 0.587653350 -0.177639250 0.976730350 1.000000 1.000000 1.000000
v 0.613246913 -0.174955225 0.983477788 1.000000 1.000000 1.000000
v 0.572874450 -0.234109063 0.983477788 1.000000 1.000000 1.000000
v 0.538565450 -0.241898388 0.976730350 1.000000 1.000000 1.000000
v 0.496080975 -0.284428450 0.983477788 1.000000 1.000000 1.000000
v 0.445193863 -0.296560525 0.976730350 1.000000 1.000000 1.000000
v -1.018743900 0.672644850 -0.762719725 1.000000 1.000000 1.000000
v -1.011616513 0.587918375 -0.572930913 1.000000 1.000000 1.000000
v -1.012530137 0.675208475 -0.762188725 1.000000 1.000000 1.000000
v -1.017827988 0.585354613 -0.573461913 1.000000 1.000000 1.000000
v 0.060025975 -0.842753988 -0.947155763 1.000000 1.000000 1.000000
v -0.090285487 -0.842753988 -0.947155763 1.000000 1.000000 1.000000
v -0.015130037 1.035019488 -0.947155763 1.000000 1.000000 1.000000
v 0.942020987 0.300007363 -0.947155763 1.000000 1.000000 1.000000
v 0.942020987 -0.427919525 -0.947155763 1.000000 1.000000 1.000000
v 0.942020987 0.586384013 -0.947155763 1.000000 1.000000 1.000000
v 0.079718212 -0.853453063 -0.947155763 1.000000 1.000000 1.000000
v 0.647982025 -0.879444125 -0.947158813 1.000000 1.000000 1.000000
v 0.087874988 -0.879858588 -0.947158813 1.000000 1.000000 1.000000
v 0.942020987 -0.585405212 -0.947158813 1.000000 1.000000 1.000000
v 0.760505863 -0.857061963 -0.947158813 1.000000 1.000000 1.000000
v 0.919638637 -0.697929050 -0.947155763 1.000000 1.000000 1.000000
v 0.855899050 -0.793322138 -0.947158813 1.000000 1.000000 1.000000
v 0.647982213 1.035019488 -0.947155763 1.000000 1.000000 1.000000
v 0.942020987 0.740980625 -0.947155763 1.000000 1.000000 1.000000
v 0.760505863 1.012637325 -0.947155763 1.000000 1.000000 1.000000
v 0.919638637 0.853504463 -0.947155763 1.000000 1.000000 1.000000
v 0.855899050 0.948897550 -0.947155763 1.000000 1.000000 1.000000
v -0.678242112 1.035019588 -0.947155763 1.000000 1.000000 1.000000
v -0.972281263 0.589491563 -0.947155763 1.000000 1.000000 1.000000
v -0.972281263 0.740980625 -0.947155763 1.000000 1.000000 1.000000
v -0.790766150 1.012637138 -0.947155763 1.000000 1.000000 1.000000
v -0.949898913 0.853504463 -0.947155763 1.000000 1.000000 1.000000
v -0.886159137 0.948897650 -0.947155763 1.000000 1.000000 1.000000
v -0.972281263 -0.434046988 -0.947155763 1.000000 1.000000 1.000000
v -0.109977912 -0.853452687 -0.947155763 1.000000 1.000000 1.000000
v -0.678242112 -0.879443737 -0.947158813 1.000000 1.000000 1.000000
v -0.118134688 -0.879858775 -0.947158813 1.000000 1.000000 1.000000
v -0.972281263 -0.585405113 -0.947158813 1.000000 1.000000 1.000000
v -0.790766150 -0.857061963 -0.947158813 1.000000 1.000000 1.000000
v -0.949898525 -0.697929050 -0.947155763 1.000000 1.000000 1.000000
v -0.886159137 -0.793322225 -0.947158813 1.000000 1.000000 1.000000
v -0.348439413 -0.904671863 -0.713659663 1.000000 1.000000 1.000000
v -0.337028125 -0.930023575 -0.762146000 1.000000 1.000000 1.000000
v -0.336955638 -0.930076600 -0.713659663 1.000000 1.000000 1.000000
v -0.348572925 -0.902404788 -0.796972650 1.000000 1.000000 1.000000
v 0.993347738 0.362520550 -0.723638913 1.000000 1.000000 1.000000
v 0.985607725 0.094961738 -0.717745975 1.000000 1.000000 1.000000
v 0.985524938 0.366972763 -0.727575688 1.000000 1.000000 1.000000
v 0.993428987 0.098302275 -0.714093013 1.000000 1.000000 1.000000
v -0.709516913 -0.922509963 -0.713659663 1.000000 1.000000 1.000000
v -0.613648987 -0.930004125 -0.762146000 1.000000 1.000000 1.000000
v -0.613664250 -0.930057338 -0.713659663 1.000000 1.000000 1.000000
v -0.709570700 -0.922486300 -0.762146000 1.000000 1.000000 1.000000
v -0.691279988 -0.926028637 -0.617385863 1.000000 1.000000 1.000000
v -0.782144550 -0.908138463 -0.617385863 1.000000 1.000000 1.000000
v -0.782104488 -0.908123588 -0.574484250 1.000000 1.000000 1.000000
v -0.691249088 -0.926001925 -0.574484250 1.000000 1.000000 1.000000
v 0.881550213 -0.834307675 -0.762149050 1.000000 1.000000 1.000000
v 0.934879875 -0.762834788 -0.713659663 1.000000 1.000000 1.000000
v 0.881702038 -0.834339712 -0.713659663 1.000000 1.000000 1.000000
v 0.934740825 -0.762628700 -0.762149050 1.000000 1.000000 1.000000
v 0.894235225 -0.824494550 -0.617385863 1.000000 1.000000 1.000000
v 0.821322250 -0.875062563 -0.617385863 1.000000 1.000000 1.000000
v 0.821422575 -0.875090975 -0.574484250 1.000000 1.000000 1.000000
v 0.894329837 -0.824721337 -0.574487300 1.000000 1.000000 1.000000
v -0.804536825 -0.894320112 -0.866253663 1.000000 1.000000 1.000000
v -0.914225388 -0.821022600 -0.866268925 1.000000 1.000000 1.000000
v -0.669338225 -0.879858588 -0.866143800 1.000000 1.000000 1.000000
v -0.918664175 -0.825485988 -0.863705450 1.000000 1.000000 1.000000
v -0.806922150 -0.900155263 -0.863684088 1.000000 1.000000 1.000000
v 0.893991850 -0.806234738 -0.492648313 1.000000 1.000000 1.000000
v 0.803803450 -0.873618888 -0.473626713 1.000000 1.000000 1.000000
v 0.803789713 -0.873594288 -0.492660525 1.000000 1.000000 1.000000
v 0.802586175 -0.871270937 -0.498846438 1.000000 1.000000 1.000000
v 0.892174913 -0.804354288 -0.498837275 1.000000 1.000000 1.000000
v 0.894052700 -0.806295200 -0.473608400 1.000000 1.000000 1.000000
v 0.802617075 -0.871318050 -0.467434688 1.000000 1.000000 1.000000
v 0.892275425 -0.804447175 -0.467419438 1.000000 1.000000 1.000000
v 0.957857138 -0.637233300 -0.713659663 1.000000 1.000000 1.000000
v 0.969754225 -0.702747775 -0.617385863 1.000000 1.000000 1.000000
v 0.944874187 -0.705862475 -0.617385863 1.000000 1.000000 1.000000
v 0.983511538 -0.630501313 -0.713659663 1.000000 1.000000 1.000000
v -0.081600575 -1.003090288 0.346173100 1.000000 1.000000 1.000000
v -0.037157625 -0.868213088 0.321829225 1.000000 1.000000 1.000000
v -0.087425238 -1.001456638 0.340408325 1.000000 1.000000 1.000000
v -0.032919500 -0.867481612 0.328848262 1.000000 1.000000 1.000000
v -0.083440975 -1.015800663 0.347286988 1.000000 1.000000 1.000000
v -0.085557363 -1.008778575 -0.182614137 1.000000 1.000000 1.000000
v -0.035400963 -0.875099188 -0.186004638 1.000000 1.000000 1.000000
v -0.079652212 -1.010725588 -0.187771613 1.000000 1.000000 1.000000
v -0.031043813 -0.874787900 -0.192913813 1.000000 1.000000 1.000000
v -0.081492613 -1.023435975 -0.186654663 1.000000 1.000000 1.000000
v -0.087593650 -1.024177550 -0.181259150 1.000000 1.000000 1.000000
v -0.076109125 -1.034412763 -0.185531613 1.000000 1.000000 1.000000
v -0.089461513 -1.016855425 0.341763300 1.000000 1.000000 1.000000
v -0.080596925 -1.038471988 -0.179794312 1.000000 1.000000 1.000000
v -0.064994050 -1.040702625 -0.184698488 1.000000 1.000000 1.000000
v -0.082464788 -1.031150050 0.343228150 1.000000 1.000000 1.000000
v -0.078057288 -1.026777650 0.348413087 1.000000 1.000000 1.000000
v -0.066516500 -1.046497150 -0.178735350 1.000000 1.000000 1.000000
v -0.052234463 -1.040390400 -0.184432988 1.000000 1.000000 1.000000
v -0.068384363 -1.039175413 0.344287112 1.000000 1.000000 1.000000
v -0.066942025 -1.033067700 0.349243163 1.000000 1.000000 1.000000
v -0.054182238 -1.032755475 0.349511725 1.000000 1.000000 1.000000
v -0.050325775 -1.046051025 -0.178399663 1.000000 1.000000 1.000000
v -0.052193638 -1.038729100 0.344622800 1.000000 1.000000 1.000000
v -0.044283488 -1.025605200 0.349090575 1.000000 1.000000 1.000000
v -0.039316175 -1.029412075 0.344073487 1.000000 1.000000 1.000000
v -0.037448312 -1.036734012 -0.178948975 1.000000 1.000000 1.000000
v -0.042336088 -1.033240512 -0.184854125 1.000000 1.000000 1.000000
v -0.033896250 -1.014878088 0.342874150 1.000000 1.000000 1.000000
v -0.039948463 -1.013524250 0.348089600 1.000000 1.000000 1.000000
v -0.017362600 -0.873205000 0.322744750 1.000000 1.000000 1.000000
v -0.020980650 -0.870472150 0.329403688 1.000000 1.000000 1.000000
v -0.032028387 -1.022200200 -0.180148313 1.000000 1.000000 1.000000
v -0.038001063 -1.021159550 -0.185852050 1.000000 1.000000 1.000000
v -0.015605925 -0.880091287 -0.185092163 1.000000 1.000000 1.000000
v -0.019106675 -0.877781863 -0.192364500 1.000000 1.000000 1.000000
v 0.967660337 -0.714673188 -0.492633063 1.000000 1.000000 1.000000
v 0.894052700 -0.806295200 -0.473608400 1.000000 1.000000 1.000000
v 0.893991850 -0.806234738 -0.492648313 1.000000 1.000000 1.000000
v 0.965250975 -0.713516575 -0.498822025 1.000000 1.000000 1.000000
v 0.892174913 -0.804354288 -0.498837275 1.000000 1.000000 1.000000
v 0.967769437 -0.714719913 -0.473583988 1.000000 1.000000 1.000000
v 0.965430838 -0.713588288 -0.467398075 1.000000 1.000000 1.000000
v 0.892275425 -0.804447175 -0.467419438 1.000000 1.000000 1.000000
v 0.027033612 -0.904528050 -0.713659663 1.000000 1.000000 1.000000
v -0.037615587 -0.930098725 -0.617385863 1.000000 1.000000 1.000000
v -0.050326925 -0.904480363 -0.617385863 1.000000 1.000000 1.000000
v 0.040020750 -0.930102725 -0.713659663 1.000000 1.000000 1.000000
v 0.784539225 -0.899297525 -0.713659663 1.000000 1.000000 1.000000
v 0.859173775 -0.849254413 -0.762149050 1.000000 1.000000 1.000000
v 0.859221838 -0.849412150 -0.713659663 1.000000 1.000000 1.000000
v 0.784381863 -0.899212650 -0.762146000 1.000000 1.000000 1.000000
v 0.798957062 -0.890047838 -0.617385863 1.000000 1.000000 1.000000
v 0.712555125 -0.916332812 -0.617385863 1.000000 1.000000 1.000000
v 0.712586400 -0.916315075 -0.574484250 1.000000 1.000000 1.000000
v 0.798975375 -0.890151600 -0.574484250 1.000000 1.000000 1.000000
v 0.994044113 0.338035963 -0.575628663 1.000000 1.000000 1.000000
v 0.986148075 0.345101475 -0.600778200 1.000000 1.000000 1.000000
v 0.986267475 0.341090513 -0.572210688 1.000000 1.000000 1.000000
v 0.993941500 0.341412163 -0.599676512 1.000000 1.000000 1.000000
v 0.993909838 0.333828350 -0.608087163 1.000000 1.000000 1.000000
v 0.986107825 0.335331938 -0.611611938 1.000000 1.000000 1.000000
v 0.986129950 0.297547338 -0.610247800 1.000000 1.000000 1.000000
v 0.993931200 0.298942013 -0.606826788 1.000000 1.000000 1.000000
v 0.993971063 0.286842400 -0.595962525 1.000000 1.000000 1.000000
v 0.986176300 0.283560775 -0.597686762 1.000000 1.000000 1.000000
v 0.994039537 0.283626988 -0.573693850 1.000000 1.000000 1.000000
v 0.986264612 0.279565713 -0.570022588 1.000000 1.000000 1.000000
v 0.970053863 -0.519720700 -0.713659663 1.000000 1.000000 1.000000
v 0.992889400 -0.585542438 -0.617382813 1.000000 1.000000 1.000000
v 0.966303825 -0.594968838 -0.617382813 1.000000 1.000000 1.000000
v 0.993578338 -0.510100800 -0.713659663 1.000000 1.000000 1.000000
v 0.662151913 -0.880197913 -0.867477413 1.000000 1.000000 1.000000
v 0.641002850 -0.920655825 -0.867318725 1.000000 1.000000 1.000000
v 0.641623875 -0.926840787 -0.864773562 1.000000 1.000000 1.000000
v -0.672234725 -0.926568225 -0.863723750 1.000000 1.000000 1.000000
v -0.671654888 -0.920381350 -0.866302488 1.000000 1.000000 1.000000
v -0.671654888 -0.920381350 -0.866302488 1.000000 1.000000 1.000000
v -0.804536825 -0.894320112 -0.866253663 1.000000 1.000000 1.000000
v -0.672234725 -0.926568225 -0.863723750 1.000000 1.000000 1.000000
v -0.806922150 -0.900155263 -0.863684088 1.000000 1.000000 1.000000
v -0.987522125 -0.711332750 -0.866293338 1.000000 1.000000 1.000000
v -1.013573450 -0.578427750 -0.866308600 1.000000 1.000000 1.000000
v -1.019738388 -0.579031613 -0.863748175 1.000000 1.000000 1.000000
v -0.993333050 -0.713742500 -0.863732913 1.000000 1.000000 1.000000
v -0.914225388 -0.821022600 -0.866268925 1.000000 1.000000 1.000000
v -0.987522125 -0.711332750 -0.866293338 1.000000 1.000000 1.000000
v -0.993333050 -0.713742500 -0.863732913 1.000000 1.000000 1.000000
v -0.918664175 -0.825485988 -0.863705450 1.000000 1.000000 1.000000
v -0.300639725 -0.904580313 -0.617385863 1.000000 1.000000 1.000000
v -0.288876725 -0.930112650 -0.574484250 1.000000 1.000000 1.000000
v -0.300508112 -0.901787950 -0.537774663 1.000000 1.000000 1.000000
v -0.288898088 -0.930159000 -0.617385863 1.000000 1.000000 1.000000
v 0.909777638 -0.801529688 -0.574487300 1.000000 1.000000 1.000000
v 0.959989737 -0.725851875 -0.617385863 1.000000 1.000000 1.000000
v 0.960099412 -0.725983000 -0.574487300 1.000000 1.000000 1.000000
v 0.909594150 -0.801509475 -0.617385863 1.000000 1.000000 1.000000
v 0.949341775 -0.741183612 -0.713659663 1.000000 1.000000 1.000000
v 0.978614813 -0.655209488 -0.713659663 1.000000 1.000000 1.000000
v 0.949067875 -0.741187337 -0.762149050 1.000000 1.000000 1.000000
v 0.978375250 -0.655011700 -0.762152100 1.000000 1.000000 1.000000
v -0.990872575 -0.596660188 -0.713659663 1.000000 1.000000 1.000000
v -1.020863338 -0.586150312 -0.762139888 1.000000 1.000000 1.000000
v -0.991077038 -0.596506075 -0.797213750 1.000000 1.000000 1.000000
v -1.020593637 -0.586218313 -0.713659663 1.000000 1.000000 1.000000
v -0.669305038 0.675019363 -0.867587275 1.000000 1.000000 1.000000
v -1.012530137 0.675208475 -0.762188725 1.000000 1.000000 1.000000
v -0.668607325 0.675208663 -0.763888550 1.000000 1.000000 1.000000
v -0.669305038 0.675019363 -0.867587275 1.000000 1.000000 1.000000
v -1.013443750 0.675019363 -0.866351312 1.000000 1.000000 1.000000
v -1.012530137 0.675208475 -0.762188725 1.000000 1.000000 1.000000
v 0.944330600 -0.754133750 -0.841021725 1.000000 1.000000 1.000000
v 0.983484838 -0.641917375 -0.858566288 1.000000 1.000000 1.000000
v 0.983636850 -0.641905075 -0.841009525 1.000000 1.000000 1.000000
v 0.942123225 -0.752826925 -0.834832763 1.000000 1.000000 1.000000
v 0.981155962 -0.641381688 -0.834823613 1.000000 1.000000 1.000000
v 0.991699787 -0.519724700 -0.858554075 1.000000 1.000000 1.000000
v 0.991855625 -0.519725375 -0.841000362 1.000000 1.000000 1.000000
v 0.981155962 -0.641381688 -0.834823613 1.000000 1.000000 1.000000
v 0.989346500 -0.519639538 -0.834783938 1.000000 1.000000 1.000000
v 0.980897525 -0.641402863 -0.864755250 1.000000 1.000000 1.000000
v 0.989085575 -0.519639063 -0.864743038 1.000000 1.000000 1.000000
v 0.941867638 -0.752859925 -0.864770513 1.000000 1.000000 1.000000
v 0.980897525 -0.641402863 -0.864755250 1.000000 1.000000 1.000000
v 0.944181438 -0.754153200 -0.858584600 1.000000 1.000000 1.000000
v 0.870151900 -0.840979762 -0.841036988 1.000000 1.000000 1.000000
v 0.942123225 -0.752826925 -0.834832763 1.000000 1.000000 1.000000
v 0.868507000 -0.839014625 -0.834848025 1.000000 1.000000 1.000000
v 0.870004275 -0.840997313 -0.858605963 1.000000 1.000000 1.000000
v 0.941867638 -0.752859925 -0.864770513 1.000000 1.000000 1.000000
v 0.868255037 -0.839043812 -0.864791875 1.000000 1.000000 1.000000
v 0.868507000 -0.839014625 -0.834848025 1.000000 1.000000 1.000000
v 0.769005963 -0.901918025 -0.834860225 1.000000 1.000000 1.000000
v 0.769918063 -0.904346275 -0.841049200 1.000000 1.000000 1.000000
v 0.870004275 -0.840997313 -0.858605963 1.000000 1.000000 1.000000
v 0.769772338 -0.904362675 -0.858624263 1.000000 1.000000 1.000000
v 0.868255037 -0.839043812 -0.864791875 1.000000 1.000000 1.000000
v 0.768757250 -0.901945500 -0.864810175 1.000000 1.000000 1.000000
v 0.641924288 -0.929397963 -0.858593750 1.000000 1.000000 1.000000
v 0.768757250 -0.901945500 -0.864810175 1.000000 1.000000 1.000000
v 0.641623875 -0.926840787 -0.864773562 1.000000 1.000000 1.000000
v 0.642073250 -0.929375650 -0.841027838 1.000000 1.000000 1.000000
v 0.769918063 -0.904346275 -0.841049200 1.000000 1.000000 1.000000
v 0.769005963 -0.901918025 -0.834860225 1.000000 1.000000 1.000000
v 0.641876987 -0.926812750 -0.834835813 1.000000 1.000000 1.000000
v 1.010559850 0.675650787 -0.943011475 1.000000 1.000000 1.000000
v 0.957384300 0.667428775 -0.855862425 1.000000 1.000000 1.000000
v 0.947953600 0.675650787 -0.829214475 1.000000 1.000000 1.000000
v 1.004168125 0.667428825 -0.945474238 1.000000 1.000000 1.000000
v 1.006698612 0.667428825 -0.955081175 1.000000 1.000000 1.000000
v 1.013533975 0.675650787 -0.955535887 1.000000 1.000000 1.000000
v 1.009139825 0.675650787 -0.966995237 1.000000 1.000000 1.000000
v 1.003752512 0.667428825 -0.962762450 1.000000 1.000000 1.000000
v 0.998554800 0.675650787 -0.974319463 1.000000 1.000000 1.000000
v 0.996299175 0.667428825 -0.967852788 1.000000 1.000000 1.000000
v 0.987298200 0.667428825 -0.968502813 1.000000 1.000000 1.000000
v 0.985710150 0.675650787 -0.975164800 1.000000 1.000000 1.000000
v 0.980212788 0.667428825 -0.964315800 1.000000 1.000000 1.000000
v 0.975142675 0.675650787 -0.968923950 1.000000 1.000000 1.000000
v 0.969684225 0.675650787 -0.957266238 1.000000 1.000000 1.000000
v 0.976222612 0.667428825 -0.955221563 1.000000 1.000000 1.000000
v 0.957384300 0.667428775 -0.855862425 1.000000 1.000000 1.000000
v 0.947953600 0.675650787 -0.829214475 1.000000 1.000000 1.000000
v 0.696848113 -0.908149525 -0.492648313 1.000000 1.000000 1.000000
v 0.803803450 -0.873618888 -0.473626713 1.000000 1.000000 1.000000
v 0.696859738 -0.908166700 -0.473519900 1.000000 1.000000 1.000000
v 0.802617075 -0.871318050 -0.467434688 1.000000 1.000000 1.000000
v 0.696074675 -0.905731388 -0.467401125 1.000000 1.000000 1.000000
v 0.803789713 -0.873594288 -0.492660525 1.000000 1.000000 1.000000
v 0.802586175 -0.871270937 -0.498846438 1.000000 1.000000 1.000000
v 0.696227075 -0.905647663 -0.498831175 1.000000 1.000000 1.000000
v 0.662137037 0.020973350 -0.866827388 1.000000 1.000000 1.000000
v 0.982754900 0.479203125 -0.867276000 1.000000 1.000000 1.000000
v 0.982819750 0.020971587 -0.867294312 1.000000 1.000000 1.000000
v 0.988959700 0.478884025 -0.864727788 1.000000 1.000000 1.000000
v 0.989026263 0.020972300 -0.864736938 1.000000 1.000000 1.000000
v 0.982877163 -0.519431263 -0.867309575 1.000000 1.000000 1.000000
v 0.989085575 -0.519639063 -0.864743038 1.000000 1.000000 1.000000
v 0.982819750 0.020971587 -0.867294312 1.000000 1.000000 1.000000
v 0.936388775 -0.749724813 -0.867333988 1.000000 1.000000 1.000000
v 0.864136500 -0.834316637 -0.867355350 1.000000 1.000000 1.000000
v 0.868255037 -0.839043812 -0.864791875 1.000000 1.000000 1.000000
v 0.941867638 -0.752859925 -0.864770513 1.000000 1.000000 1.000000
v 0.864136500 -0.834316637 -0.867355350 1.000000 1.000000 1.000000
v 0.766409688 -0.896098713 -0.867364500 1.000000 1.000000 1.000000
v 0.868255037 -0.839043812 -0.864791875 1.000000 1.000000 1.000000
v 0.768757250 -0.901945500 -0.864810175 1.000000 1.000000 1.000000
v 0.766409688 -0.896098713 -0.867364500 1.000000 1.000000 1.000000
v 0.641002850 -0.920655825 -0.867318725 1.000000 1.000000 1.000000
v 0.641623875 -0.926840787 -0.864773562 1.000000 1.000000 1.000000
v 0.768757250 -0.901945500 -0.864810175 1.000000 1.000000 1.000000
v 0.982877163 -0.519431263 -0.867309575 1.000000 1.000000 1.000000
v 0.936388775 -0.749724813 -0.867333988 1.000000 1.000000 1.000000
v 0.974758337 -0.640152025 -0.867318725 1.000000 1.000000 1.000000
v 0.989085575 -0.519639063 -0.864743038 1.000000 1.000000 1.000000
v 0.980897525 -0.641402863 -0.864755250 1.000000 1.000000 1.000000
v 0.980897525 -0.641402863 -0.864755250 1.000000 1.000000 1.000000
v 0.941867638 -0.752859925 -0.864770513 1.000000 1.000000 1.000000
v -0.669305038 0.675019363 -0.867587275 1.000000 1.000000 1.000000
v -1.013573450 -0.578427750 -0.866308600 1.000000 1.000000 1.000000
v -1.013443750 0.675019363 -0.866351312 1.000000 1.000000 1.000000
v -0.669338225 -0.879858588 -0.866143800 1.000000 1.000000 1.000000
v -0.968977350 -0.707315588 -0.713659663 1.000000 1.000000 1.000000
v -1.005596163 -0.659155613 -0.617385863 1.000000 1.000000 1.000000
v -0.982314300 -0.638901950 -0.617385863 1.000000 1.000000 1.000000
v -0.985525125 -0.729355100 -0.713659663 1.000000 1.000000 1.000000
v -0.994752500 -0.521566063 -0.617382813 1.000000 1.000000 1.000000
v -1.021139913 -0.510753387 -0.574478150 1.000000 1.000000 1.000000
v -1.021376038 -0.510682150 -0.617382813 1.000000 1.000000 1.000000
v -0.993232350 -0.521561675 -0.537878413 1.000000 1.000000 1.000000
v 0.667679975 -0.925200275 -0.713659663 1.000000 1.000000 1.000000
v 0.758841700 -0.907106975 -0.762146000 1.000000 1.000000 1.000000
v 0.758856963 -0.907119750 -0.713659663 1.000000 1.000000 1.000000
v 0.667613025 -0.925176050 -0.762146000 1.000000 1.000000 1.000000
v 0.686206438 -0.921590238 -0.617385863 1.000000 1.000000 1.000000
v 0.590504075 -0.929948050 -0.617385863 1.000000 1.000000 1.000000
v 0.590519337 -0.929900938 -0.574484250 1.000000 1.000000 1.000000
v 0.686225513 -0.921574975 -0.574484250 1.000000 1.000000 1.000000
v -0.223281475 -0.904605675 -0.713659663 1.000000 1.000000 1.000000
v -0.211367413 -0.930032538 -0.762146000 1.000000 1.000000 1.000000
v -0.211294175 -0.930085375 -0.713659663 1.000000 1.000000 1.000000
v -0.223384475 -0.902408987 -0.796981812 1.000000 1.000000 1.000000
v 0.961349675 0.628913263 -0.959869388 1.000000 1.000000 1.000000
v 0.942661662 0.568581725 -0.810794062 1.000000 1.000000 1.000000
v 0.942661662 0.628913213 -0.810794062 1.000000 1.000000 1.000000
v 0.947953600 0.675650787 -0.829214475 1.000000 1.000000 1.000000
v 0.969684225 0.675650787 -0.957266238 1.000000 1.000000 1.000000
v 0.975142675 0.675650787 -0.968923950 1.000000 1.000000 1.000000
v 0.961349675 0.568581725 -0.959869388 1.000000 1.000000 1.000000
v 0.947953600 0.521844200 -0.829214475 1.000000 1.000000 1.000000
v 0.969684225 0.521844200 -0.957266238 1.000000 1.000000 1.000000
v 0.975142675 0.521844200 -0.968923950 1.000000 1.000000 1.000000
v 0.968679813 0.568581775 -0.974795538 1.000000 1.000000 1.000000
v 0.968679813 0.628913263 -0.974795538 1.000000 1.000000 1.000000
v 0.983685875 0.568581775 -0.983660888 1.000000 1.000000 1.000000
v 0.985710150 0.521844200 -0.975164800 1.000000 1.000000 1.000000
v 0.983685875 0.628913263 -0.983660888 1.000000 1.000000 1.000000
v 0.985710150 0.675650787 -0.975164800 1.000000 1.000000 1.000000
v 1.001430125 0.568581775 -0.982565313 1.000000 1.000000 1.000000
v 0.998554800 0.521844200 -0.974319463 1.000000 1.000000 1.000000
v 1.009139825 0.521844200 -0.966995237 1.000000 1.000000 1.000000
v 1.001430125 0.628913263 -0.982565313 1.000000 1.000000 1.000000
v 0.998554800 0.675650787 -0.974319463 1.000000 1.000000 1.000000
v 1.009139825 0.675650787 -0.966995237 1.000000 1.000000 1.000000
v 1.016007237 0.568581775 -0.972387700 1.000000 1.000000 1.000000
v 1.013533975 0.521844200 -0.955535887 1.000000 1.000000 1.000000
v 1.016007237 0.628913263 -0.972387700 1.000000 1.000000 1.000000
v 1.013533975 0.675650787 -0.955535887 1.000000 1.000000 1.000000
v 1.022247125 0.568581725 -0.956115725 1.000000 1.000000 1.000000
v 1.018707462 0.568581725 -0.939868163 1.000000 1.000000 1.000000
v 1.010559850 0.521844200 -0.943011475 1.000000 1.000000 1.000000
v 0.947953600 0.521844200 -0.829214475 1.000000 1.000000 1.000000
v 0.942661662 0.568581725 -0.810794062 1.000000 1.000000 1.000000
v 1.022247125 0.628913263 -0.956115725 1.000000 1.000000 1.000000
v 1.018707462 0.628913263 -0.939868163 1.000000 1.000000 1.000000
v 1.010559850 0.675650787 -0.943011475 1.000000 1.000000 1.000000
v 0.942661662 0.628913213 -0.810794062 1.000000 1.000000 1.000000
v 0.947953600 0.675650787 -0.829214475 1.000000 1.000000 1.000000
v -0.994862363 -0.473665950 -0.713659663 1.000000 1.000000 1.000000
v -1.022192388 -0.462422512 -0.762139888 1.000000 1.000000 1.000000
v -0.994836425 -0.473978275 -0.797210688 1.000000 1.000000 1.000000
v -1.021914675 -0.462507300 -0.713659663 1.000000 1.000000 1.000000
v -0.994818500 -0.348053975 -0.713659663 1.000000 1.000000 1.000000
v -1.021379850 -0.285729838 -0.617382813 1.000000 1.000000 1.000000
v -0.994666287 -0.270343538 -0.617382813 1.000000 1.000000 1.000000
v -1.021916575 -0.363836913 -0.713659663 1.000000 1.000000 1.000000
v 0.994244763 0.448229788 -0.750634763 1.000000 1.000000 1.000000
v 0.966732413 0.412146000 -0.480154425 1.000000 1.000000 1.000000
v 0.994180875 0.397960563 -0.527874750 1.000000 1.000000 1.000000
v 0.965041537 0.483040475 -0.796890263 1.000000 1.000000 1.000000
v 0.921109013 -0.739898438 -0.713659663 1.000000 1.000000 1.000000
v 0.909594150 -0.801509475 -0.617385863 1.000000 1.000000 1.000000
v 0.884148025 -0.795984988 -0.617385863 1.000000 1.000000 1.000000
v 0.949341775 -0.741183612 -0.713659663 1.000000 1.000000 1.000000
v 0.986028287 0.350959187 -0.622827150 1.000000 1.000000 1.000000
v 0.993900875 0.278939463 -0.616931150 1.000000 1.000000 1.000000
v 0.986089513 0.275174425 -0.620086675 1.000000 1.000000 1.000000
v 0.993860438 0.355099725 -0.619641113 1.000000 1.000000 1.000000
v 0.152190975 -0.904516413 -0.713659663 1.000000 1.000000 1.000000
v 0.088019175 -0.930068587 -0.617385863 1.000000 1.000000 1.000000
v 0.074829100 -0.904457288 -0.617385863 1.000000 1.000000 1.000000
v 0.165673063 -0.930111500 -0.713659663 1.000000 1.000000 1.000000
v 0.970008088 -0.394108625 -0.713659663 1.000000 1.000000 1.000000
v 0.994107625 -0.461876913 -0.617382813 1.000000 1.000000 1.000000
v 0.970036125 -0.471808963 -0.617382813 1.000000 1.000000 1.000000
v 0.993564800 -0.384248500 -0.713659663 1.000000 1.000000 1.000000
v -0.945118337 -0.741300063 -0.617385863 1.000000 1.000000 1.000000
v -0.960037237 -0.766402963 -0.574481200 1.000000 1.000000 1.000000
v -0.942808150 -0.737910800 -0.537799075 1.000000 1.000000 1.000000
v -0.960175700 -0.766562037 -0.617385863 1.000000 1.000000 1.000000
v 0.967660337 -0.714673188 -0.492633063 1.000000 1.000000 1.000000
v 0.994307713 -0.596315238 -0.473568725 1.000000 1.000000 1.000000
v 0.967769437 -0.714719913 -0.473583988 1.000000 1.000000 1.000000
v 0.965430838 -0.713588288 -0.467398075 1.000000 1.000000 1.000000
v 0.991786000 -0.596035238 -0.467382813 1.000000 1.000000 1.000000
v 0.994166563 -0.596300750 -0.492623900 1.000000 1.000000 1.000000
v 0.965250975 -0.713516575 -0.498822025 1.000000 1.000000 1.000000
v 0.991558650 -0.596013213 -0.498812863 1.000000 1.000000 1.000000
v -0.588285450 -0.930059238 -0.713659663 1.000000 1.000000 1.000000
v -0.488058475 -0.930012888 -0.762146000 1.000000 1.000000 1.000000
v -0.488072588 -0.930066113 -0.713659663 1.000000 1.000000 1.000000
v -0.588356400 -0.930006025 -0.762146000 1.000000 1.000000 1.000000
v -0.565795900 -0.930165288 -0.617385863 1.000000 1.000000 1.000000
v -0.664746100 -0.930158425 -0.617385863 1.000000 1.000000 1.000000
v -0.664686963 -0.930202863 -0.574484250 1.000000 1.000000 1.000000
v -0.565790175 -0.930179213 -0.574484250 1.000000 1.000000 1.000000
v -0.462619400 -0.930068013 -0.713659663 1.000000 1.000000 1.000000
v -0.362460713 -0.930021862 -0.762146000 1.000000 1.000000 1.000000
v -0.362473675 -0.930074888 -0.713659663 1.000000 1.000000 1.000000
v -0.462691113 -0.930014800 -0.762146000 1.000000 1.000000 1.000000
v -0.440199275 -0.930174063 -0.617385863 1.000000 1.000000 1.000000
v -0.540218737 -0.930167013 -0.617385863 1.000000 1.000000 1.000000
v -0.540173725 -0.930172925 -0.574484250 1.000000 1.000000 1.000000
v -0.440171050 -0.930148888 -0.574484250 1.000000 1.000000 1.000000
v -0.336955638 -0.930076600 -0.713659663 1.000000 1.000000 1.000000
v -0.236855700 -0.930030638 -0.762146000 1.000000 1.000000 1.000000
v -0.236867900 -0.930083663 -0.713659663 1.000000 1.000000 1.000000
v -0.337028125 -0.930023575 -0.762146000 1.000000 1.000000 1.000000
v -0.314586262 -0.930165100 -0.617385863 1.000000 1.000000 1.000000
v -0.414551550 -0.930175775 -0.617385863 1.000000 1.000000 1.000000
v -0.414523313 -0.930142788 -0.574484250 1.000000 1.000000 1.000000
v -0.314546588 -0.930118750 -0.574484250 1.000000 1.000000 1.000000
v -0.211294175 -0.930085375 -0.713659663 1.000000 1.000000 1.000000
v -0.111244200 -0.930039400 -0.762146000 1.000000 1.000000 1.000000
v -0.111255263 -0.930092238 -0.713659663 1.000000 1.000000 1.000000
v -0.211367413 -0.930032538 -0.762146000 1.000000 1.000000 1.000000
v -0.188955688 -0.930134963 -0.617385863 1.000000 1.000000 1.000000
v -0.288898088 -0.930159000 -0.617385863 1.000000 1.000000 1.000000
v -0.288876725 -0.930112650 -0.574484250 1.000000 1.000000 1.000000
v -0.188916975 -0.930088613 -0.574484250 1.000000 1.000000 1.000000
v -0.085635188 -0.930093950 -0.713659663 1.000000 1.000000 1.000000
v 0.014373212 -0.930048375 -0.762146000 1.000000 1.000000 1.000000
v 0.014363288 -0.930101012 -0.713659663 1.000000 1.000000 1.000000
v -0.085709375 -0.930041313 -0.762146000 1.000000 1.000000 1.000000
v -0.063320162 -0.930104825 -0.617385863 1.000000 1.000000 1.000000
v -0.163254550 -0.930128863 -0.617385863 1.000000 1.000000 1.000000
v -0.163234138 -0.930082325 -0.574484250 1.000000 1.000000 1.000000
v -0.063282200 -0.930058288 -0.574484250 1.000000 1.000000 1.000000
v 0.040020750 -0.930102725 -0.713659663 1.000000 1.000000 1.000000
v 0.139996525 -0.930057150 -0.762146000 1.000000 1.000000 1.000000
v 0.139987750 -0.930109788 -0.713659663 1.000000 1.000000 1.000000
v 0.039945600 -0.930050087 -0.762146000 1.000000 1.000000 1.000000
v 0.062319750 -0.930074687 -0.617385863 1.000000 1.000000 1.000000
v -0.037615587 -0.930098725 -0.617385863 1.000000 1.000000 1.000000
v -0.037595750 -0.930052000 -0.574484250 1.000000 1.000000 1.000000
v 0.062356762 -0.930028150 -0.574484250 1.000000 1.000000 1.000000
v 0.899634738 0.544417287 0.643597413 1.000000 1.000000 1.000000
v 0.880565450 0.544417137 0.827758788 1.000000 1.000000 1.000000
v 0.899634738 0.494418913 0.643597413 1.000000 1.000000 1.000000
v 0.880565450 0.494418625 0.827758788 1.000000 1.000000 1.000000
v 0.899635888 0.540542600 0.629138188 1.000000 1.000000 1.000000
v 0.899635888 0.498293588 0.629138188 1.000000 1.000000 1.000000
v 0.899637038 0.531614350 0.620208738 1.000000 1.000000 1.000000
v 0.899637038 0.507221838 0.620208738 1.000000 1.000000 1.000000
v 0.909811588 0.485664175 0.621841425 1.000000 1.000000 1.000000
v 0.899637413 0.519418050 0.616940313 1.000000 1.000000 1.000000
v 0.909811588 0.538905813 0.607577513 1.000000 1.000000 1.000000
v 0.909811588 0.499930388 0.607577513 1.000000 1.000000 1.000000
v 0.909811588 0.519418050 0.602355963 1.000000 1.000000 1.000000
v -0.672283938 -0.929153250 -0.840316775 1.000000 1.000000 1.000000
v 0.641924288 -0.929397963 -0.858593750 1.000000 1.000000 1.000000
v 0.642073250 -0.929375650 -0.841027838 1.000000 1.000000 1.000000
v -0.671981812 -0.926596263 -0.834133913 1.000000 1.000000 1.000000
v 0.641876987 -0.926812750 -0.834835813 1.000000 1.000000 1.000000
v -0.672431187 -0.929131125 -0.857528687 1.000000 1.000000 1.000000
v 0.641623875 -0.926840787 -0.864773562 1.000000 1.000000 1.000000
v -0.672234725 -0.926568225 -0.863723750 1.000000 1.000000 1.000000
v 0.165673063 -0.930111500 -0.713659663 1.000000 1.000000 1.000000
v 0.265625388 -0.930065912 -0.762146000 1.000000 1.000000 1.000000
v 0.265617563 -0.930118563 -0.713659663 1.000000 1.000000 1.000000
v 0.165597150 -0.930059050 -0.762146000 1.000000 1.000000 1.000000
v 0.187964063 -0.930044550 -0.617385863 1.000000 1.000000 1.000000
v 0.088019175 -0.930068587 -0.617385863 1.000000 1.000000 1.000000
v 0.088037875 -0.930021862 -0.574484250 1.000000 1.000000 1.000000
v 0.188000300 -0.929997825 -0.574484250 1.000000 1.000000 1.000000
v 0.291321750 -0.930120275 -0.713659663 1.000000 1.000000 1.000000
v 0.391259388 -0.930074888 -0.762146000 1.000000 1.000000 1.000000
v 0.391264338 -0.930100438 -0.713659663 1.000000 1.000000 1.000000
v 0.291245075 -0.930067825 -0.762146000 1.000000 1.000000 1.000000
v 0.313612175 -0.930014425 -0.617385863 1.000000 1.000000 1.000000
v 0.213648600 -0.930038450 -0.617385863 1.000000 1.000000 1.000000
v 0.213666538 -0.929991725 -0.574484250 1.000000 1.000000 1.000000
v 0.313647650 -0.929967500 -0.574484250 1.000000 1.000000 1.000000
v 0.416946988 -0.930094337 -0.713659663 1.000000 1.000000 1.000000
v 0.516898350 -0.930083663 -0.762146000 1.000000 1.000000 1.000000
v 0.516919900 -0.930070300 -0.713659663 1.000000 1.000000 1.000000
v 0.416888812 -0.930076600 -0.762146000 1.000000 1.000000 1.000000
v 0.439263725 -0.929984475 -0.617385863 1.000000 1.000000 1.000000
v 0.339272875 -0.930008313 -0.617385863 1.000000 1.000000 1.000000
v 0.339290050 -0.929961400 -0.574484250 1.000000 1.000000 1.000000
v 0.439298438 -0.929937363 -0.574484250 1.000000 1.000000 1.000000
v 0.542563825 -0.930064200 -0.713659663 1.000000 1.000000 1.000000
v 0.641220288 -0.930092425 -0.762146000 1.000000 1.000000 1.000000
v 0.641256713 -0.930040550 -0.713659663 1.000000 1.000000 1.000000
v 0.542528537 -0.930085375 -0.762146000 1.000000 1.000000 1.000000
v 0.564918713 -0.929954150 -0.617385863 1.000000 1.000000 1.000000
v 0.464891625 -0.929978375 -0.617385863 1.000000 1.000000 1.000000
v 0.464907838 -0.929931263 -0.574484250 1.000000 1.000000 1.000000
v 0.564952475 -0.929907225 -0.574484250 1.000000 1.000000 1.000000
v -0.667232138 -0.929412650 -0.491925050 1.000000 1.000000 1.000000
v 0.575867463 -0.929131125 -0.473498538 1.000000 1.000000 1.000000
v -0.667226413 -0.929412463 -0.472433475 1.000000 1.000000 1.000000
v 0.575867838 -0.929129225 -0.492636113 1.000000 1.000000 1.000000
v 0.575648875 -0.926593975 -0.467382813 1.000000 1.000000 1.000000
v -0.667011262 -0.926870725 -0.466305538 1.000000 1.000000 1.000000
v 0.575646587 -0.926562888 -0.498822025 1.000000 1.000000 1.000000
v -0.667019650 -0.926849750 -0.498117062 1.000000 1.000000 1.000000
v -0.667011262 -0.926870725 -0.466305538 1.000000 1.000000 1.000000
v -0.786248400 -0.906714250 -0.466271975 1.000000 1.000000 1.000000
v -0.787117000 -0.909153363 -0.472396850 1.000000 1.000000 1.000000
v -0.667232138 -0.929412650 -0.491925050 1.000000 1.000000 1.000000
v -0.787141800 -0.909175300 -0.491900638 1.000000 1.000000 1.000000
v -0.786284250 -0.906725888 -0.498089600 1.000000 1.000000 1.000000
v -0.667019650 -0.926849750 -0.498117062 1.000000 1.000000 1.000000
v 0.696848113 -0.908149525 -0.492648313 1.000000 1.000000 1.000000
v 0.575646587 -0.926562888 -0.498822025 1.000000 1.000000 1.000000
v 0.696227075 -0.905647663 -0.498831175 1.000000 1.000000 1.000000
v 0.575867463 -0.929131125 -0.473498538 1.000000 1.000000 1.000000
v 0.696859738 -0.908166700 -0.473519900 1.000000 1.000000 1.000000
v 0.696074675 -0.905731388 -0.467401125 1.000000 1.000000 1.000000
v 0.575648875 -0.926593975 -0.467382813 1.000000 1.000000 1.000000
v 0.118352313 -0.853453063 -0.535311888 1.000000 1.000000 1.000000
v 0.119699475 -0.879282762 -0.636468500 1.000000 1.000000 1.000000
v 0.126433188 -0.879282575 -0.532690425 1.000000 1.000000 1.000000
v 0.116393275 -0.891307063 -0.921386725 1.000000 1.000000 1.000000
v 0.087874988 -0.879858588 -0.947158813 1.000000 1.000000 1.000000
v 0.111557575 -0.853453063 -0.636410525 1.000000 1.000000 1.000000
v 0.079718212 -0.853453063 -0.947155763 1.000000 1.000000 1.000000
v 0.092143062 -0.842754175 -0.634252925 1.000000 1.000000 1.000000
v 0.060025975 -0.842753988 -0.947155763 1.000000 1.000000 1.000000
v 0.098738863 -0.842754175 -0.540576175 1.000000 1.000000 1.000000
v 0.087204363 -0.842754175 -0.447103887 1.000000 1.000000 1.000000
v 0.145356750 -0.890814588 -0.638601688 1.000000 1.000000 1.000000
v 0.149005700 -0.891317562 -0.891943363 1.000000 1.000000 1.000000
v 0.104448313 -0.853453250 -0.434780888 1.000000 1.000000 1.000000
v 0.044075588 -0.842754175 -0.363870238 1.000000 1.000000 1.000000
v 0.174703025 -0.890704538 -0.641043088 1.000000 1.000000 1.000000
v 0.177505113 -0.879648588 -0.866241450 1.000000 1.000000 1.000000
v 0.200352288 -0.879118725 -0.643191525 1.000000 1.000000 1.000000
v 0.152288438 -0.890792088 -0.526971438 1.000000 1.000000 1.000000
v 0.180455013 -0.890844350 -0.522238162 1.000000 1.000000 1.000000
v 0.206163788 -0.879224775 -0.516522212 1.000000 1.000000 1.000000
v 0.111607363 -0.879282950 -0.429617313 1.000000 1.000000 1.000000
v 0.134739500 -0.890766338 -0.416500850 1.000000 1.000000 1.000000
v 0.162485888 -0.890488050 -0.404339600 1.000000 1.000000 1.000000
v 0.185557938 -0.878853413 -0.391198725 1.000000 1.000000 1.000000
v 0.057121088 -0.853453063 -0.345309450 1.000000 1.000000 1.000000
v -0.015138050 -0.842754175 -0.336904913 1.000000 1.000000 1.000000
v -0.015009875 -0.853453063 -0.312377925 1.000000 1.000000 1.000000
v 0.062967113 -0.879282950 -0.337814325 1.000000 1.000000 1.000000
v -0.013432887 -0.879282762 -0.301937862 1.000000 1.000000 1.000000
v 0.081590650 -0.890800100 -0.318124387 1.000000 1.000000 1.000000
v -0.013144112 -0.890841675 -0.273654175 1.000000 1.000000 1.000000
v -0.012813188 -0.890843962 -0.241281125 1.000000 1.000000 1.000000
v 0.109319500 -0.890883637 -0.298614500 1.000000 1.000000 1.000000
v 0.127878950 -0.879283525 -0.278900150 1.000000 1.000000 1.000000
v -0.012523275 -0.879285425 -0.212966925 1.000000 1.000000 1.000000
v -0.982314300 -0.638901950 -0.617385863 1.000000 1.000000 1.000000
v -1.010861200 -0.631463000 -0.574478150 1.000000 1.000000 1.000000
v -1.011117550 -0.631417413 -0.617385863 1.000000 1.000000 1.000000
v -0.977514263 -0.638345575 -0.537844850 1.000000 1.000000 1.000000
v 0.899634738 -0.335837413 0.643597413 1.000000 1.000000 1.000000
v 0.880565450 -0.335837600 0.827758788 1.000000 1.000000 1.000000
v 0.899634738 -0.385835888 0.643597413 1.000000 1.000000 1.000000
v 0.880565450 -0.385836075 0.827758788 1.000000 1.000000 1.000000
v 0.899635888 -0.339712100 0.629138188 1.000000 1.000000 1.000000
v 0.899635888 -0.381961200 0.629138188 1.000000 1.000000 1.000000
v 0.899637038 -0.348640400 0.620208738 1.000000 1.000000 1.000000
v 0.899637038 -0.373032900 0.620208738 1.000000 1.000000 1.000000
v 0.909811588 -0.394590613 0.621841425 1.000000 1.000000 1.000000
v 0.899637413 -0.360836650 0.616940313 1.000000 1.000000 1.000000
v 0.909811588 -0.341348888 0.607577513 1.000000 1.000000 1.000000
v 0.909811588 -0.380324312 0.607577513 1.000000 1.000000 1.000000
v 0.909811588 -0.360836650 0.602355963 1.000000 1.000000 1.000000
v 0.931266975 -0.339737175 0.604785150 1.000000 1.000000 1.000000
v -0.667910000 0.587918375 -0.574661250 1.000000 1.000000 1.000000
v -1.010703662 0.588107687 -0.463815312 1.000000 1.000000 1.000000
v -0.667212675 0.588107687 -0.465081788 1.000000 1.000000 1.000000
v -0.667910000 0.587918375 -0.574661250 1.000000 1.000000 1.000000
v -1.011616513 0.587918375 -0.572930913 1.000000 1.000000 1.000000
v -1.010703662 0.588107687 -0.463815312 1.000000 1.000000 1.000000
v 0.983511538 -0.630501313 -0.713659663 1.000000 1.000000 1.000000
v 0.991803550 -0.533481262 -0.762152100 1.000000 1.000000 1.000000
v 0.993579487 -0.533761650 -0.713659663 1.000000 1.000000 1.000000
v 0.983215900 -0.630586000 -0.762152100 1.000000 1.000000 1.000000
v 0.987884713 -0.610917425 -0.617382813 1.000000 1.000000 1.000000
v 0.969754225 -0.702747775 -0.617385863 1.000000 1.000000 1.000000
v 0.988080975 -0.611058288 -0.574490363 1.000000 1.000000 1.000000
v 0.970005225 -0.702705625 -0.574487300 1.000000 1.000000 1.000000
v 0.986264612 0.279565713 -0.570022588 1.000000 1.000000 1.000000
v 0.994068338 0.344147450 -0.568847650 1.000000 1.000000 1.000000
v 0.994067188 0.275506850 -0.566406250 1.000000 1.000000 1.000000
v 0.986267475 0.341090513 -0.572210688 1.000000 1.000000 1.000000
v 0.986319538 0.277562663 -0.555050663 1.000000 1.000000 1.000000
v 0.994128800 0.342008400 -0.553613275 1.000000 1.000000 1.000000
v 0.994119262 0.273308063 -0.551181025 1.000000 1.000000 1.000000
v 0.986323162 0.338833050 -0.557223513 1.000000 1.000000 1.000000
v -0.175483137 -0.904521175 -0.617385863 1.000000 1.000000 1.000000
v -0.163234138 -0.930082325 -0.574484250 1.000000 1.000000 1.000000
v -0.175311475 -0.901819038 -0.537783813 1.000000 1.000000 1.000000
v -0.163254550 -0.930128863 -0.617385863 1.000000 1.000000 1.000000
v 0.986327550 0.078440138 -0.544079588 1.000000 1.000000 1.000000
v 0.994133188 0.268869500 -0.547198488 1.000000 1.000000 1.000000
v 0.994150163 0.074304200 -0.540167238 1.000000 1.000000 1.000000
v 0.986312100 0.265844988 -0.550851437 1.000000 1.000000 1.000000
v -1.021141438 -0.411487338 -0.574478150 1.000000 1.000000 1.000000
v -0.993232350 -0.521561675 -0.537878413 1.000000 1.000000 1.000000
v -0.993194575 -0.395950463 -0.537881475 1.000000 1.000000 1.000000
v -1.021139913 -0.510753387 -0.574478150 1.000000 1.000000 1.000000
v -1.021143725 -0.285623975 -0.574478150 1.000000 1.000000 1.000000
v -0.993194575 -0.395950463 -0.537881475 1.000000 1.000000 1.000000
v -0.993156438 -0.270339638 -0.537884525 1.000000 1.000000 1.000000
v -1.021142200 -0.384867138 -0.574478150 1.000000 1.000000 1.000000
v -1.021155925 0.464141175 -0.574478150 1.000000 1.000000 1.000000
v -0.993156438 -0.270339638 -0.537884525 1.000000 1.000000 1.000000
v -0.993041988 0.523831563 -0.537893675 1.000000 1.000000 1.000000
v -1.021144100 -0.258981937 -0.574478150 1.000000 1.000000 1.000000
v -0.968977350 -0.707315588 -0.713659663 1.000000 1.000000 1.000000
v -0.985667425 -0.729476600 -0.762142950 1.000000 1.000000 1.000000
v -0.985525125 -0.729355100 -0.713659663 1.000000 1.000000 1.000000
v -0.970254513 -0.704518563 -0.797183225 1.000000 1.000000 1.000000
v -0.994706725 -0.395954663 -0.617382813 1.000000 1.000000 1.000000
v -1.021142200 -0.384867138 -0.574478150 1.000000 1.000000 1.000000
v -1.021377950 -0.384794087 -0.617382813 1.000000 1.000000 1.000000
v -0.993194575 -0.395950463 -0.537881475 1.000000 1.000000 1.000000
v -0.994862363 -0.473665950 -0.713659663 1.000000 1.000000 1.000000
v -1.021377563 -0.411595200 -0.617382813 1.000000 1.000000 1.000000
v -0.994706725 -0.395954663 -0.617382813 1.000000 1.000000 1.000000
v -1.021914288 -0.489706275 -0.713659663 1.000000 1.000000 1.000000
v -1.021139525 -0.537348988 -0.574478150 1.000000 1.000000 1.000000
v -0.977514263 -0.638345575 -0.537844850 1.000000 1.000000 1.000000
v -0.993232350 -0.521561675 -0.537878413 1.000000 1.000000 1.000000
v -1.010861200 -0.631463000 -0.574478150 1.000000 1.000000 1.000000
v 0.277348712 -0.904522900 -0.713659663 1.000000 1.000000 1.000000
v 0.213648600 -0.930038450 -0.617385863 1.000000 1.000000 1.000000
v 0.199985500 -0.904452900 -0.617385863 1.000000 1.000000 1.000000
v 0.291321750 -0.930120275 -0.713659663 1.000000 1.000000 1.000000
v 0.991635700 0.020972588 -0.858551025 1.000000 1.000000 1.000000
v 0.991855625 -0.519725375 -0.841000362 1.000000 1.000000 1.000000
v 0.991699787 -0.519724700 -0.858554075 1.000000 1.000000 1.000000
v 0.989085575 -0.519639063 -0.864743038 1.000000 1.000000 1.000000
v 0.989026263 0.020972300 -0.864736938 1.000000 1.000000 1.000000
v 0.991775325 0.021638875 -0.840997313 1.000000 1.000000 1.000000
v 0.989346500 -0.519639538 -0.834783938 1.000000 1.000000 1.000000
v 0.989264113 0.021638388 -0.834780888 1.000000 1.000000 1.000000
v 0.988959700 0.478884025 -0.864727788 1.000000 1.000000 1.000000
v 0.991565325 0.478113750 -0.858547975 1.000000 1.000000 1.000000
v 0.991635700 0.020972588 -0.858551025 1.000000 1.000000 1.000000
v 0.991775325 0.021638875 -0.840997313 1.000000 1.000000 1.000000
v 0.991694450 0.481580925 -0.840997313 1.000000 1.000000 1.000000
v 0.989174075 0.480811163 -0.834780888 1.000000 1.000000 1.000000
v 0.989195637 0.494764375 -0.831253050 1.000000 1.000000 1.000000
v 0.991694450 0.481580925 -0.840997313 1.000000 1.000000 1.000000
v 0.991720575 0.497912163 -0.836868287 1.000000 1.000000 1.000000
v 0.991599850 0.500276713 -0.852941900 1.000000 1.000000 1.000000
v 0.991565325 0.478113750 -0.858547975 1.000000 1.000000 1.000000
v 0.988959700 0.478884025 -0.864727788 1.000000 1.000000 1.000000
v 0.988998800 0.503419250 -0.858520513 1.000000 1.000000 1.000000
v 0.991801838 0.510589075 -0.824359125 1.000000 1.000000 1.000000
v 0.989262388 0.505166100 -0.820989987 1.000000 1.000000 1.000000
v 0.991720575 0.497912163 -0.836868287 1.000000 1.000000 1.000000
v 0.991701125 0.515758900 -0.837719725 1.000000 1.000000 1.000000
v 0.991599850 0.500276713 -0.852941900 1.000000 1.000000 1.000000
v 0.989114950 0.521169712 -0.841064450 1.000000 1.000000 1.000000
v 0.988998800 0.503419250 -0.858520513 1.000000 1.000000 1.000000
v 0.994013788 -0.000481363 -0.419757075 1.000000 1.000000 1.000000
v 0.994302563 -0.063541275 -0.473565675 1.000000 1.000000 1.000000
v 0.994032288 -0.070868775 -0.492620850 1.000000 1.000000 1.000000
v 0.991451450 0.002054600 -0.426022338 1.000000 1.000000 1.000000
v 0.991469950 -0.068217800 -0.498779300 1.000000 1.000000 1.000000
v 0.994285775 0.006565425 -0.400982662 1.000000 1.000000 1.000000
v 0.991739275 -0.066167550 -0.467370600 1.000000 1.000000 1.000000
v 0.991722488 0.004035850 -0.394686888 1.000000 1.000000 1.000000
v 0.993306538 -0.510214663 -0.762152100 1.000000 1.000000 1.000000
v 0.993568613 -0.407922225 -0.713659663 1.000000 1.000000 1.000000
v 0.993578338 -0.510100800 -0.713659663 1.000000 1.000000 1.000000
v 0.993290325 -0.407761913 -0.762152100 1.000000 1.000000 1.000000
v 0.994108963 -0.486079650 -0.617382813 1.000000 1.000000 1.000000
v 0.992889400 -0.585542438 -0.617382813 1.000000 1.000000 1.000000
v 0.994349863 -0.486219738 -0.574490363 1.000000 1.000000 1.000000
v 0.993131063 -0.585453363 -0.574490363 1.000000 1.000000 1.000000
v 0.823060038 0.731917713 -0.791268925 1.000000 1.000000 1.000000
v 0.958331300 0.682617375 -0.470440675 1.000000 1.000000 1.000000
v 0.957141300 0.731833988 -0.792495725 1.000000 1.000000 1.000000
v 0.824250225 0.682701013 -0.469192500 1.000000 1.000000 1.000000
v 0.822915263 0.731759638 -0.822927862 1.000000 1.000000 1.000000
v 0.958445925 0.673117825 -0.444482425 1.000000 1.000000 1.000000
v 0.956996913 0.731676625 -0.824148563 1.000000 1.000000 1.000000
v 0.824364475 0.673201175 -0.443240363 1.000000 1.000000 1.000000
v 0.822792813 0.721218588 -0.848678588 1.000000 1.000000 1.000000
v 0.958530812 0.655116988 -0.424313350 1.000000 1.000000 1.000000
v 0.956875225 0.721137050 -0.849884038 1.000000 1.000000 1.000000
v 0.824448400 0.655199388 -0.423089600 1.000000 1.000000 1.000000
v 0.822711375 0.701899238 -0.864602662 1.000000 1.000000 1.000000
v 0.958563037 0.633438250 -0.415338138 1.000000 1.000000 1.000000
v 0.956794925 0.701819513 -0.865783688 1.000000 1.000000 1.000000
v 0.824479488 0.633519125 -0.414141850 1.000000 1.000000 1.000000
v 0.824479488 0.326242000 -0.407928462 1.000000 1.000000 1.000000
v 0.958563037 0.326161150 -0.409124750 1.000000 1.000000 1.000000
v 0.822683137 0.676742888 -0.868276975 1.000000 1.000000 1.000000
v 0.956768225 0.676665162 -0.869427487 1.000000 1.000000 1.000000
v 0.822683137 0.369465775 -0.862063600 1.000000 1.000000 1.000000
v 0.956768225 0.369388050 -0.863214113 1.000000 1.000000 1.000000
v 0.991801838 0.510589075 -0.824359125 1.000000 1.000000 1.000000
v 0.991862300 0.523589613 -0.813830562 1.000000 1.000000 1.000000
v 0.991917800 0.516274688 -0.806750488 1.000000 1.000000 1.000000
v 0.991701125 0.515758900 -0.837719725 1.000000 1.000000 1.000000
v 0.989293288 0.529838850 -0.814620975 1.000000 1.000000 1.000000
v 0.989114950 0.521169712 -0.841064450 1.000000 1.000000 1.000000
v 0.989361388 0.510020638 -0.805953975 1.000000 1.000000 1.000000
v 0.992041588 0.514991475 -0.787957763 1.000000 1.000000 1.000000
v 0.989475250 0.508849150 -0.788797000 1.000000 1.000000 1.000000
v 0.991917800 0.516274688 -0.806750488 1.000000 1.000000 1.000000
v 0.992060663 0.521704913 -0.783700562 1.000000 1.000000 1.000000
v 0.991862300 0.523589613 -0.813830562 1.000000 1.000000 1.000000
v 0.989507288 0.527851775 -0.782855225 1.000000 1.000000 1.000000
v 0.989293288 0.529838850 -0.814620975 1.000000 1.000000 1.000000
v 0.992041588 0.514991475 -0.787957763 1.000000 1.000000 1.000000
v 0.991203875 0.440189025 -0.471127325 1.000000 1.000000 1.000000
v 0.993744663 0.446094613 -0.469192500 1.000000 1.000000 1.000000
v 0.992060663 0.521704913 -0.783700562 1.000000 1.000000 1.000000
v 0.993918988 0.453489925 -0.461203000 1.000000 1.000000 1.000000
v 0.989507288 0.527851775 -0.782855225 1.000000 1.000000 1.000000
v 0.991334538 0.459404750 -0.459259038 1.000000 1.000000 1.000000
v 0.991317175 0.433441400 -0.456378175 1.000000 1.000000 1.000000
v 0.993744663 0.446094613 -0.469192500 1.000000 1.000000 1.000000
v 0.993903738 0.438560625 -0.452722163 1.000000 1.000000 1.000000
v 0.993918988 0.453489925 -0.461203000 1.000000 1.000000 1.000000
v 0.994028850 0.443061538 -0.438076788 1.000000 1.000000 1.000000
v 0.991334538 0.459404750 -0.459259038 1.000000 1.000000 1.000000
v 0.991490175 0.448198413 -0.434405512 1.000000 1.000000 1.000000
v 0.991392325 0.421660425 -0.445343012 1.000000 1.000000 1.000000
v 0.993903738 0.438560625 -0.452722163 1.000000 1.000000 1.000000
v 0.993991275 0.424827438 -0.439859013 1.000000 1.000000 1.000000
v 0.994028850 0.443061538 -0.438076788 1.000000 1.000000 1.000000
v 0.994140050 0.425990338 -0.421969600 1.000000 1.000000 1.000000
v 0.991490175 0.448198413 -0.434405512 1.000000 1.000000 1.000000
v 0.991614150 0.429171175 -0.416455075 1.000000 1.000000 1.000000
v 0.994034000 0.409206575 -0.435189825 1.000000 1.000000 1.000000
v 0.991423800 0.408187913 -0.441314700 1.000000 1.000000 1.000000
v 0.993991275 0.424827438 -0.439859013 1.000000 1.000000 1.000000
v 0.994140050 0.425990338 -0.421969600 1.000000 1.000000 1.000000
v 0.994173437 0.406212850 -0.416036988 1.000000 1.000000 1.000000
v 0.991658788 0.407234863 -0.409872438 1.000000 1.000000 1.000000
v 0.991614150 0.429171175 -0.416455075 1.000000 1.000000 1.000000
v 0.994034000 0.409206575 -0.435189825 1.000000 1.000000 1.000000
v 0.991451450 0.002054600 -0.426022338 1.000000 1.000000 1.000000
v 0.994013788 -0.000481363 -0.419757075 1.000000 1.000000 1.000000
v 0.994285775 0.006565425 -0.400982662 1.000000 1.000000 1.000000
v 0.994173437 0.406212850 -0.416036988 1.000000 1.000000 1.000000
v 0.991658788 0.407234863 -0.409872438 1.000000 1.000000 1.000000
v 0.991722488 0.004035850 -0.394686888 1.000000 1.000000 1.000000
v 0.994032288 -0.070868775 -0.492620850 1.000000 1.000000 1.000000
v 0.994307713 -0.596315238 -0.473568725 1.000000 1.000000 1.000000
v 0.994166563 -0.596300750 -0.492623900 1.000000 1.000000 1.000000
v 0.991558650 -0.596013213 -0.498812863 1.000000 1.000000 1.000000
v 0.991469950 -0.068217800 -0.498779300 1.000000 1.000000 1.000000
v 0.994302563 -0.063541275 -0.473565675 1.000000 1.000000 1.000000
v 0.991739275 -0.066167550 -0.467370600 1.000000 1.000000 1.000000
v 0.991786000 -0.596035238 -0.467382813 1.000000 1.000000 1.000000
v 0.993286512 -0.384367613 -0.762152100 1.000000 1.000000 1.000000
v 0.993548587 -0.282075737 -0.713659663 1.000000 1.000000 1.000000
v 0.993564800 -0.384248500 -0.713659663 1.000000 1.000000 1.000000
v 0.993270300 -0.281918100 -0.762152100 1.000000 1.000000 1.000000
v 0.994102288 -0.360237075 -0.617382813 1.000000 1.000000 1.000000
v 0.994107625 -0.461876913 -0.617382813 1.000000 1.000000 1.000000
v 0.994343188 -0.360374975 -0.574490363 1.000000 1.000000 1.000000
v 0.994348525 -0.461775063 -0.574490363 1.000000 1.000000 1.000000
v -0.960037237 -0.766402963 -0.574481200 1.000000 1.000000 1.000000
v -0.876375963 -0.822870825 -0.537725825 1.000000 1.000000 1.000000
v -0.942808150 -0.737910800 -0.537799075 1.000000 1.000000 1.000000
v -0.906829838 -0.836126713 -0.574481200 1.000000 1.000000 1.000000
v 0.993347738 0.362520550 -0.723638913 1.000000 1.000000 1.000000
v 0.993788150 0.346936300 -0.626031500 1.000000 1.000000 1.000000
v 0.993822675 0.271930887 -0.623321538 1.000000 1.000000 1.000000
v 0.993428987 0.098302275 -0.714093013 1.000000 1.000000 1.000000
v 0.994099050 0.082576175 -0.547991937 1.000000 1.000000 1.000000
v 0.994084550 0.262783975 -0.554504400 1.000000 1.000000 1.000000
v 0.993931200 0.298942013 -0.606826788 1.000000 1.000000 1.000000
v 0.993909838 0.333828350 -0.608087163 1.000000 1.000000 1.000000
v 0.994044113 0.338035963 -0.575628663 1.000000 1.000000 1.000000
v 0.993941500 0.341412163 -0.599676512 1.000000 1.000000 1.000000
v 0.993971063 0.286842400 -0.595962525 1.000000 1.000000 1.000000
v 0.994039537 0.283626988 -0.573693850 1.000000 1.000000 1.000000
v 0.969967650 -0.268496938 -0.713659663 1.000000 1.000000 1.000000
v 0.994100950 -0.336017938 -0.617382813 1.000000 1.000000 1.000000
v 0.969992450 -0.346197838 -0.617382813 1.000000 1.000000 1.000000
v 0.993544963 -0.258400113 -0.713659663 1.000000 1.000000 1.000000
v 0.994133188 0.268869500 -0.547198488 1.000000 1.000000 1.000000
v 0.994180875 0.397960563 -0.527874750 1.000000 1.000000 1.000000
v 0.994203375 0.029667900 -0.515658575 1.000000 1.000000 1.000000
v 0.994150163 0.074304200 -0.540167238 1.000000 1.000000 1.000000
v 0.994326975 -0.062421700 -0.574490363 1.000000 1.000000 1.000000
v 0.993380738 0.091621063 -0.721401975 1.000000 1.000000 1.000000
v 0.994408987 0.008581587 -0.746200562 1.000000 1.000000 1.000000
v 0.993544963 -0.258400113 -0.713659663 1.000000 1.000000 1.000000
v 0.993266675 -0.258521800 -0.762152100 1.000000 1.000000 1.000000
v 0.994341850 -0.335913900 -0.574490363 1.000000 1.000000 1.000000
v 0.994100950 -0.336017938 -0.617382813 1.000000 1.000000 1.000000
v 0.994244763 0.448229788 -0.750634763 1.000000 1.000000 1.000000
v 0.993296437 0.371424863 -0.731512450 1.000000 1.000000 1.000000
v 0.993860438 0.355099725 -0.619641113 1.000000 1.000000 1.000000
v 0.994081500 0.347488138 -0.565139775 1.000000 1.000000 1.000000
v 0.993932338 0.348793175 -0.601934813 1.000000 1.000000 1.000000
v 0.993883325 0.336837887 -0.615194700 1.000000 1.000000 1.000000
v 0.993900875 0.278939463 -0.616931150 1.000000 1.000000 1.000000
v 0.993906212 0.296155075 -0.613726813 1.000000 1.000000 1.000000
v 0.993959050 0.280281563 -0.599472050 1.000000 1.000000 1.000000
v 0.994082450 0.271068188 -0.562423700 1.000000 1.000000 1.000000
v 0.994068338 0.344147450 -0.568847650 1.000000 1.000000 1.000000
v 0.994067188 0.275506850 -0.566406250 1.000000 1.000000 1.000000
v 0.994095425 0.343067675 -0.561157225 1.000000 1.000000 1.000000
v 0.994096950 0.274396138 -0.558715825 1.000000 1.000000 1.000000
v 0.994119262 0.273308063 -0.551181025 1.000000 1.000000 1.000000
v 0.994143300 0.345349025 -0.549905400 1.000000 1.000000 1.000000
v 0.994128800 0.342008400 -0.553613275 1.000000 1.000000 1.000000
v 0.993347738 0.362520550 -0.723638913 1.000000 1.000000 1.000000
v 0.986028287 0.350959187 -0.622827150 1.000000 1.000000 1.000000
v 0.993788150 0.346936300 -0.626031500 1.000000 1.000000 1.000000
v 0.985524938 0.366972763 -0.727575688 1.000000 1.000000 1.000000
v -0.098123938 -0.904557800 -0.713659663 1.000000 1.000000 1.000000
v -0.085709375 -0.930041313 -0.762146000 1.000000 1.000000 1.000000
v -0.085635188 -0.930093950 -0.713659663 1.000000 1.000000 1.000000
v -0.098196412 -0.902413563 -0.796987913 1.000000 1.000000 1.000000
v -1.005378338 -0.659007788 -0.574478150 1.000000 1.000000 1.000000
v -0.942808150 -0.737910800 -0.537799075 1.000000 1.000000 1.000000
v -0.977514263 -0.638345575 -0.537844850 1.000000 1.000000 1.000000
v -0.975864787 -0.742786362 -0.574481200 1.000000 1.000000 1.000000
v -0.074357600 -0.842754175 -0.363891600 1.000000 1.000000 1.000000
v -0.117487912 -0.842754175 -0.447116087 1.000000 1.000000 1.000000
v 0.087204363 -0.842754175 -0.447103887 1.000000 1.000000 1.000000
v 0.044075588 -0.842754175 -0.363870238 1.000000 1.000000 1.000000
v -0.015138050 -0.842754175 -0.336904913 1.000000 1.000000 1.000000
v 0.098738863 -0.842754175 -0.540576175 1.000000 1.000000 1.000000
v -0.129032138 -0.842754175 -0.540579225 1.000000 1.000000 1.000000
v -0.122403712 -0.842754175 -0.634246825 1.000000 1.000000 1.000000
v 0.092143062 -0.842754175 -0.634252925 1.000000 1.000000 1.000000
v 0.060025975 -0.842753988 -0.947155763 1.000000 1.000000 1.000000
v -0.090285487 -0.842753988 -0.947155763 1.000000 1.000000 1.000000
v -0.994818500 -0.348053975 -0.713659663 1.000000 1.000000 1.000000
v -1.022197337 -0.336526538 -0.762139888 1.000000 1.000000 1.000000
v -0.994789500 -0.348334075 -0.797198488 1.000000 1.000000 1.000000
v -1.021916962 -0.336614938 -0.713659663 1.000000 1.000000 1.000000
v -0.990872575 -0.596660188 -0.713659663 1.000000 1.000000 1.000000
v -1.021375650 -0.537458950 -0.617382813 1.000000 1.000000 1.000000
v -0.994752500 -0.521566063 -0.617382813 1.000000 1.000000 1.000000
v -1.014976888 -0.614563037 -0.713659663 1.000000 1.000000 1.000000
v 0.966732413 0.412146000 -0.480154425 1.000000 1.000000 1.000000
v 0.965078350 0.506304600 -0.788879400 1.000000 1.000000 1.000000
v 0.966817288 0.437743425 -0.471673588 1.000000 1.000000 1.000000
v 0.966912075 0.431321525 -0.457632450 1.000000 1.000000 1.000000
v 0.966983225 0.420349175 -0.447357175 1.000000 1.000000 1.000000
v 0.967011450 0.407766487 -0.443594363 1.000000 1.000000 1.000000
v 0.966853338 0.001870537 -0.464910887 1.000000 1.000000 1.000000
v 0.967102438 0.003096300 -0.428350825 1.000000 1.000000 1.000000
v 0.965041537 0.483040475 -0.796890263 1.000000 1.000000 1.000000
v 0.964968875 0.507429937 -0.805358888 1.000000 1.000000 1.000000
v 0.964877513 0.502919575 -0.819326788 1.000000 1.000000 1.000000
v 0.964818188 0.493460275 -0.828659063 1.000000 1.000000 1.000000
v 0.964800263 0.480491925 -0.831936650 1.000000 1.000000 1.000000
v 0.965233613 0.021631863 -0.796875000 1.000000 1.000000 1.000000
v 0.966853338 0.001870537 -0.464910887 1.000000 1.000000 1.000000
v 0.967137150 -0.066890238 -0.501074225 1.000000 1.000000 1.000000
v 0.966891475 -0.065758938 -0.537631225 1.000000 1.000000 1.000000
v 0.967102438 0.003096300 -0.428350825 1.000000 1.000000 1.000000
v -0.968977350 -0.707315588 -0.713659663 1.000000 1.000000 1.000000
v -0.997521213 -0.703944163 -0.762142950 1.000000 1.000000 1.000000
v -0.970254513 -0.704518563 -0.797183225 1.000000 1.000000 1.000000
v -0.997240450 -0.703958650 -0.713659663 1.000000 1.000000 1.000000
v 0.957141300 0.731833988 -0.792495725 1.000000 1.000000 1.000000
v 0.958331300 0.682617375 -0.470440675 1.000000 1.000000 1.000000
v 0.956768225 0.369388050 -0.863214113 1.000000 1.000000 1.000000
v 0.956768225 0.676665162 -0.869427487 1.000000 1.000000 1.000000
v 0.956996913 0.731676625 -0.824148563 1.000000 1.000000 1.000000
v 0.956875225 0.721137050 -0.849884038 1.000000 1.000000 1.000000
v 0.956794925 0.701819513 -0.865783688 1.000000 1.000000 1.000000
v 0.958530812 0.655116988 -0.424313350 1.000000 1.000000 1.000000
v 0.958563037 0.633438250 -0.415338138 1.000000 1.000000 1.000000
v 0.958445925 0.673117825 -0.444482425 1.000000 1.000000 1.000000
v 0.958331300 0.682617375 -0.470440675 1.000000 1.000000 1.000000
v 0.958563037 0.326161150 -0.409124750 1.000000 1.000000 1.000000
v 0.956768225 0.369388050 -0.863214113 1.000000 1.000000 1.000000
v 0.854167363 -0.823340987 -0.713659663 1.000000 1.000000 1.000000
v 0.821322250 -0.875062563 -0.617385863 1.000000 1.000000 1.000000
v 0.798246763 -0.860511400 -0.617385863 1.000000 1.000000 1.000000
v 0.881702038 -0.834339712 -0.713659663 1.000000 1.000000 1.000000
v -0.050326925 -0.904480363 -0.617385863 1.000000 1.000000 1.000000
v -0.037595750 -0.930052000 -0.574484250 1.000000 1.000000 1.000000
v -0.050115013 -0.901850125 -0.537792975 1.000000 1.000000 1.000000
v -0.037615587 -0.930098725 -0.617385863 1.000000 1.000000 1.000000
v 0.957857138 -0.637233300 -0.713659663 1.000000 1.000000 1.000000
v 0.983215900 -0.630586000 -0.762152100 1.000000 1.000000 1.000000
v 0.983511538 -0.630501313 -0.713659663 1.000000 1.000000 1.000000
v 0.958347700 -0.635530525 -0.796878050 1.000000 1.000000 1.000000
v 0.966303825 -0.594968838 -0.617382813 1.000000 1.000000 1.000000
v 0.993131063 -0.585453363 -0.574490363 1.000000 1.000000 1.000000
v 0.967006875 -0.593672700 -0.537631225 1.000000 1.000000 1.000000
v 0.992889400 -0.585542438 -0.617382813 1.000000 1.000000 1.000000
v -0.883043675 -0.851950650 -0.574481200 1.000000 1.000000 1.000000
v -0.784065625 -0.880176162 -0.537646487 1.000000 1.000000 1.000000
v -0.876375963 -0.822870825 -0.537725825 1.000000 1.000000 1.000000
v -0.809210963 -0.901068500 -0.574484250 1.000000 1.000000 1.000000
v 0.994096950 0.274396138 -0.558715825 1.000000 1.000000 1.000000
v 0.986319538 0.277562663 -0.555050663 1.000000 1.000000 1.000000
v 0.994119262 0.273308063 -0.551181025 1.000000 1.000000 1.000000
v 0.402507400 -0.904547688 -0.713659663 1.000000 1.000000 1.000000
v 0.339272875 -0.930008313 -0.617385863 1.000000 1.000000 1.000000
v 0.325142288 -0.904466250 -0.617385863 1.000000 1.000000 1.000000
v 0.416946988 -0.930094337 -0.713659663 1.000000 1.000000 1.000000
v 0.994084550 0.262783975 -0.554504400 1.000000 1.000000 1.000000
v 0.986089513 0.275174425 -0.620086675 1.000000 1.000000 1.000000
v 0.986312100 0.265844988 -0.550851437 1.000000 1.000000 1.000000
v 0.993822675 0.271930887 -0.623321538 1.000000 1.000000 1.000000
v -1.011093900 -0.519152113 -0.500781250 1.000000 1.000000 1.000000
v -0.992715075 0.548787400 -0.500982663 1.000000 1.000000 1.000000
v -0.993011475 -0.519611788 -0.500976562 1.000000 1.000000 1.000000
v -1.010976025 0.548841713 -0.500787350 1.000000 1.000000 1.000000
v -1.017264175 -0.519484663 -0.498153687 1.000000 1.000000 1.000000
v -1.017141725 0.551410725 -0.498156738 1.000000 1.000000 1.000000
v -1.011093900 -0.519152113 -0.500781250 1.000000 1.000000 1.000000
v -0.979003138 -0.631019638 -0.500927737 1.000000 1.000000 1.000000
v -0.998162838 -0.638302950 -0.500677487 1.000000 1.000000 1.000000
v -1.017264175 -0.519484663 -0.498153687 1.000000 1.000000 1.000000
v -1.004228212 -0.639633700 -0.498114012 1.000000 1.000000 1.000000
v -0.994666287 -0.270343538 -0.617382813 1.000000 1.000000 1.000000
v -1.021144100 -0.258981937 -0.574478150 1.000000 1.000000 1.000000
v -1.021380238 -0.258906988 -0.617382813 1.000000 1.000000 1.000000
v -0.993156438 -0.270339638 -0.537884525 1.000000 1.000000 1.000000
v 0.944874187 -0.705862475 -0.617385863 1.000000 1.000000 1.000000
v 0.970005225 -0.702705625 -0.574487300 1.000000 1.000000 1.000000
v 0.942470175 -0.704301600 -0.537680050 1.000000 1.000000 1.000000
v 0.969754225 -0.702747775 -0.617385863 1.000000 1.000000 1.000000
v -0.998162838 -0.638302950 -0.500677487 1.000000 1.000000 1.000000
v -0.943091963 -0.737379025 -0.500878900 1.000000 1.000000 1.000000
v -0.960390475 -0.750791888 -0.500668337 1.000000 1.000000 1.000000
v -1.004228212 -0.639633700 -0.498114012 1.000000 1.000000 1.000000
v -0.965899275 -0.753789088 -0.498104862 1.000000 1.000000 1.000000
v -0.873526000 -0.825517275 -0.500830075 1.000000 1.000000 1.000000
v -0.886810688 -0.843237875 -0.500659175 1.000000 1.000000 1.000000
v -0.965899275 -0.753789088 -0.498104862 1.000000 1.000000 1.000000
v -0.890889362 -0.848036763 -0.498095700 1.000000 1.000000 1.000000
v 0.222346875 0.599397900 0.982330325 1.000000 1.000000 1.000000
v 0.205290413 0.587791063 0.976730350 1.000000 1.000000 1.000000
v 0.377510263 0.587791063 0.976730350 1.000000 1.000000 1.000000
v 0.651611325 -0.902702138 -0.713659663 1.000000 1.000000 1.000000
v 0.641220288 -0.930092425 -0.762146000 1.000000 1.000000 1.000000
v 0.651143838 -0.900333600 -0.797189325 1.000000 1.000000 1.000000
v 0.641256713 -0.930040550 -0.713659663 1.000000 1.000000 1.000000
v 0.027033612 -0.904528050 -0.713659663 1.000000 1.000000 1.000000
v 0.039945600 -0.930050087 -0.762146000 1.000000 1.000000 1.000000
v 0.040020750 -0.930102725 -0.713659663 1.000000 1.000000 1.000000
v 0.026991650 -0.902417750 -0.796997075 1.000000 1.000000 1.000000
v 0.970053863 -0.519720700 -0.713659663 1.000000 1.000000 1.000000
v 0.993306538 -0.510214663 -0.762152100 1.000000 1.000000 1.000000
v 0.993578338 -0.510100800 -0.713659663 1.000000 1.000000 1.000000
v 0.965374563 -0.519725463 -0.796862788 1.000000 1.000000 1.000000
v -0.118134688 -0.879858775 -0.947158813 1.000000 1.000000 1.000000
v -0.141856763 -0.853452875 -0.636090087 1.000000 1.000000 1.000000
v -0.150092312 -0.879281425 -0.635375975 1.000000 1.000000 1.000000
v -0.109977912 -0.853452687 -0.947155763 1.000000 1.000000 1.000000
v -0.146655275 -0.891306300 -0.921386725 1.000000 1.000000 1.000000
v -0.122403712 -0.842754175 -0.634246825 1.000000 1.000000 1.000000
v -0.090285487 -0.842753988 -0.947155763 1.000000 1.000000 1.000000
v -0.129032138 -0.842754175 -0.540579225 1.000000 1.000000 1.000000
v -0.148631475 -0.853452488 -0.535006712 1.000000 1.000000 1.000000
v -0.117487912 -0.842754175 -0.447116087 1.000000 1.000000 1.000000
v -0.175751875 -0.890812300 -0.637490850 1.000000 1.000000 1.000000
v -0.179269988 -0.891318513 -0.891946412 1.000000 1.000000 1.000000
v -0.156672475 -0.879280475 -0.531536862 1.000000 1.000000 1.000000
v -0.134640312 -0.853452300 -0.434506225 1.000000 1.000000 1.000000
v -0.074357600 -0.842754175 -0.363891600 1.000000 1.000000 1.000000
v -0.205100250 -0.890697863 -0.639910888 1.000000 1.000000 1.000000
v -0.207770925 -0.879648775 -0.866241450 1.000000 1.000000 1.000000
v -0.230750650 -0.879111288 -0.642041013 1.000000 1.000000 1.000000
v -0.182515525 -0.890789600 -0.525680537 1.000000 1.000000 1.000000
v -0.210663988 -0.890843388 -0.520736700 1.000000 1.000000 1.000000
v -0.236356738 -0.879223250 -0.514886475 1.000000 1.000000 1.000000
v -0.141467663 -0.879279900 -0.428485113 1.000000 1.000000 1.000000
v -0.164498525 -0.890763088 -0.415145875 1.000000 1.000000 1.000000
v -0.192114638 -0.890486913 -0.402587888 1.000000 1.000000 1.000000
v -0.215083700 -0.878851887 -0.389227300 1.000000 1.000000 1.000000
v -0.087192150 -0.853452488 -0.345120237 1.000000 1.000000 1.000000
v -0.015138050 -0.842754175 -0.336904913 1.000000 1.000000 1.000000
v -0.015009875 -0.853453063 -0.312377925 1.000000 1.000000 1.000000
v -0.092160225 -0.879280087 -0.336959838 1.000000 1.000000 1.000000
v -0.013432887 -0.879282762 -0.301937862 1.000000 1.000000 1.000000
v -0.110573763 -0.890796475 -0.316983038 1.000000 1.000000 1.000000
v -0.013144112 -0.890841675 -0.273654175 1.000000 1.000000 1.000000
v -0.012813188 -0.890843962 -0.241281125 1.000000 1.000000 1.000000
v -0.137974737 -0.890877537 -0.296942138 1.000000 1.000000 1.000000
v -0.156323625 -0.879276463 -0.276940913 1.000000 1.000000 1.000000
v -0.012523275 -0.879285425 -0.212966925 1.000000 1.000000 1.000000
v 0.753450588 0.122912413 0.976730350 1.000000 1.000000 1.000000
v 0.155286213 0.080713513 0.945101925 1.000000 1.000000 1.000000
v 0.145922475 0.100201275 0.955276487 1.000000 1.000000 1.000000
v 0.140700525 0.080713513 0.955276487 1.000000 1.000000 1.000000
v 0.143130300 0.101702450 0.976730350 1.000000 1.000000 1.000000
v 0.158575825 0.117148263 0.976730350 1.000000 1.000000 1.000000
v 0.154664988 0.123883962 0.982925413 1.000000 1.000000 1.000000
v 0.178665350 0.130440662 0.982925413 1.000000 1.000000 1.000000
v 0.754232975 0.130440763 0.982876588 1.000000 1.000000 1.000000
v 0.826946638 0.122912413 0.957739263 1.000000 1.000000 1.000000
v 0.829875188 0.130440850 0.963198850 1.000000 1.000000 1.000000
v 0.867148775 0.120066688 0.893862913 1.000000 1.000000 1.000000
v 0.884746550 0.122912413 0.905856325 1.000000 1.000000 1.000000
v 0.829876900 0.140060900 0.963198850 1.000000 1.000000 1.000000
v 0.884746363 0.147608425 0.905856325 1.000000 1.000000 1.000000
v 0.889861300 0.130440763 0.909350588 1.000000 1.000000 1.000000
v 0.889862825 0.140080162 0.909350588 1.000000 1.000000 1.000000
v 0.917393488 0.140076400 0.836398313 1.000000 1.000000 1.000000
v 0.911362463 0.147637650 0.834982300 1.000000 1.000000 1.000000
v 0.917392725 0.130407713 0.836401363 1.000000 1.000000 1.000000
v 0.937449650 0.140110588 0.642709350 1.000000 1.000000 1.000000
v 0.932001688 0.147679138 0.641329950 1.000000 1.000000 1.000000
v 0.911362463 0.122912450 0.834982300 1.000000 1.000000 1.000000
v 0.937456700 0.130414825 0.640594488 1.000000 1.000000 1.000000
v 0.937462050 0.131655213 0.610522463 1.000000 1.000000 1.000000
v 0.932001688 0.138406563 0.606625362 1.000000 1.000000 1.000000
v 0.932001688 0.114532712 0.582754513 1.000000 1.000000 1.000000
v 0.890586850 0.120042375 0.830099488 1.000000 1.000000 1.000000
v 0.899634738 0.105712838 0.643597413 1.000000 1.000000 1.000000
v 0.909967238 0.120040700 0.642559813 1.000000 1.000000 1.000000
v 0.931266975 0.122912450 0.641329950 1.000000 1.000000 1.000000
v 0.909811588 0.114467575 0.621841425 1.000000 1.000000 1.000000
v 0.931266975 0.117258925 0.620230100 1.000000 1.000000 1.000000
v 0.937462050 0.124008937 0.616333013 1.000000 1.000000 1.000000
v 0.937462050 0.105710025 0.598034663 1.000000 1.000000 1.000000
v 0.899637038 0.092909913 0.620208738 1.000000 1.000000 1.000000
v 0.909811588 0.100201363 0.607577513 1.000000 1.000000 1.000000
v 0.931266975 0.101813075 0.604785150 1.000000 1.000000 1.000000
v 0.899637038 0.068517350 0.620208738 1.000000 1.000000 1.000000
v 0.899637413 0.080713600 0.616940313 1.000000 1.000000 1.000000
v 0.909811588 0.080713600 0.602355963 1.000000 1.000000 1.000000
v 0.909811588 0.061225938 0.607577513 1.000000 1.000000 1.000000
v 0.931266975 0.080713563 0.599130250 1.000000 1.000000 1.000000
v 0.931266975 0.059614225 0.604785150 1.000000 1.000000 1.000000
v 0.931266975 0.044168288 0.620230100 1.000000 1.000000 1.000000
v 0.937462050 0.037432200 0.616317750 1.000000 1.000000 1.000000
v 0.937462050 0.055717275 0.598034663 1.000000 1.000000 1.000000
v 0.937462050 0.050791550 0.589501950 1.000000 1.000000 1.000000
v 0.932001688 0.046894650 0.582754513 1.000000 1.000000 1.000000
v 0.937462050 0.080713563 0.591336063 1.000000 1.000000 1.000000
v 0.937462050 0.080713513 0.581484987 1.000000 1.000000 1.000000
v 0.932001688 0.080713513 0.573690800 1.000000 1.000000 1.000000
v 0.937462050 0.110635800 0.589501950 1.000000 1.000000 1.000000
v -0.886810688 -0.843237875 -0.500659175 1.000000 1.000000 1.000000
v -0.778507613 -0.884186750 -0.500720212 1.000000 1.000000 1.000000
v -0.786284250 -0.906725888 -0.498089600 1.000000 1.000000 1.000000
v -0.890889362 -0.848036763 -0.498095700 1.000000 1.000000 1.000000
v -0.784198000 -0.900805288 -0.500656125 1.000000 1.000000 1.000000
v -0.667229075 -0.902578163 -0.500695800 1.000000 1.000000 1.000000
v -0.666502762 -0.920662500 -0.500689700 1.000000 1.000000 1.000000
v -0.667019650 -0.926849750 -0.498117062 1.000000 1.000000 1.000000
v -0.786284250 -0.906725888 -0.498089600 1.000000 1.000000 1.000000
v 0.921109013 -0.739898438 -0.713659663 1.000000 1.000000 1.000000
v 0.949067875 -0.741187337 -0.762149050 1.000000 1.000000 1.000000
v 0.949341775 -0.741183612 -0.713659663 1.000000 1.000000 1.000000
v 0.921741675 -0.740871188 -0.796923825 1.000000 1.000000 1.000000
v 0.664078325 0.450325775 -0.431622312 1.000000 1.000000 1.000000
v 0.985313037 0.450326112 -0.432867438 1.000000 1.000000 1.000000
v 0.985138325 0.461854788 -0.458432012 1.000000 1.000000 1.000000
v 0.991490175 0.448198413 -0.434405512 1.000000 1.000000 1.000000
v 0.991334538 0.459404750 -0.459259038 1.000000 1.000000 1.000000
v 0.663945388 0.461854263 -0.457180788 1.000000 1.000000 1.000000
v 0.985138325 0.461854788 -0.458432012 1.000000 1.000000 1.000000
v 0.983323863 0.530397888 -0.782482913 1.000000 1.000000 1.000000
v 0.991334538 0.459404750 -0.459259038 1.000000 1.000000 1.000000
v 0.989507288 0.527851775 -0.782855225 1.000000 1.000000 1.000000
v 0.662559513 0.530398800 -0.781250000 1.000000 1.000000 1.000000
v 0.983103563 0.532427450 -0.814926150 1.000000 1.000000 1.000000
v 0.662391088 0.532427975 -0.813702388 1.000000 1.000000 1.000000
v 0.983323863 0.530397888 -0.782482913 1.000000 1.000000 1.000000
v 0.989293288 0.529838850 -0.814620975 1.000000 1.000000 1.000000
v 0.989507288 0.527851775 -0.782855225 1.000000 1.000000 1.000000
v 0.982918163 0.523411125 -0.842431638 1.000000 1.000000 1.000000
v 0.989114950 0.521169712 -0.841064450 1.000000 1.000000 1.000000
v 0.989293288 0.529838850 -0.814620975 1.000000 1.000000 1.000000
v -0.873526000 -0.825517275 -0.500830075 1.000000 1.000000 1.000000
v -0.784065625 -0.880176162 -0.537646487 1.000000 1.000000 1.000000
v -0.778507613 -0.884186750 -0.500720212 1.000000 1.000000 1.000000
v -0.674636075 -0.901166150 -0.537603763 1.000000 1.000000 1.000000
v -0.667229075 -0.902578163 -0.500695800 1.000000 1.000000 1.000000
v -0.550901037 -0.901725775 -0.537759400 1.000000 1.000000 1.000000
v -0.425704575 -0.901756862 -0.537768550 1.000000 1.000000 1.000000
v -0.300508112 -0.901787950 -0.537774663 1.000000 1.000000 1.000000
v -0.175311475 -0.901819038 -0.537783813 1.000000 1.000000 1.000000
v -0.050115013 -0.901850125 -0.537792975 1.000000 1.000000 1.000000
v 0.575867275 -0.902292250 -0.501364137 1.000000 1.000000 1.000000
v 0.075081450 -0.901881213 -0.537802125 1.000000 1.000000 1.000000
v 0.200277900 -0.901912313 -0.537811275 1.000000 1.000000 1.000000
v 0.325474363 -0.901943400 -0.537820438 1.000000 1.000000 1.000000
v 0.450670813 -0.901974488 -0.537826537 1.000000 1.000000 1.000000
v 0.575867463 -0.902005575 -0.537835687 1.000000 1.000000 1.000000
v 0.690381050 -0.882266425 -0.501345825 1.000000 1.000000 1.000000
v 0.690358350 -0.882234000 -0.537887575 1.000000 1.000000 1.000000
v 0.789413638 -0.849913975 -0.537863162 1.000000 1.000000 1.000000
v 0.789447213 -0.849971388 -0.501327512 1.000000 1.000000 1.000000
v 0.874765200 -0.787048963 -0.537765500 1.000000 1.000000 1.000000
v 0.874879263 -0.787158250 -0.501223750 1.000000 1.000000 1.000000
v 0.942470175 -0.704301600 -0.537680050 1.000000 1.000000 1.000000
v 0.942678262 -0.704385900 -0.501132200 1.000000 1.000000 1.000000
v 0.967006875 -0.593672700 -0.537631225 1.000000 1.000000 1.000000
v 0.967269900 -0.593698650 -0.501077275 1.000000 1.000000 1.000000
v 0.966978075 -0.471811150 -0.537631225 1.000000 1.000000 1.000000
v 0.966949087 -0.346200513 -0.537631225 1.000000 1.000000 1.000000
v 0.967137150 -0.066890238 -0.501074225 1.000000 1.000000 1.000000
v 0.966891475 -0.065758938 -0.537631225 1.000000 1.000000 1.000000
v 0.762600513 -0.881275562 -0.713659663 1.000000 1.000000 1.000000
v 0.758841700 -0.907106975 -0.762146000 1.000000 1.000000 1.000000
v 0.761041263 -0.879165838 -0.797128300 1.000000 1.000000 1.000000
v 0.758856963 -0.907119750 -0.713659663 1.000000 1.000000 1.000000
v -0.994666287 -0.270343538 -0.617382813 1.000000 1.000000 1.000000
v -1.021143725 -0.285623975 -0.574478150 1.000000 1.000000 1.000000
v -0.993156438 -0.270339638 -0.537884525 1.000000 1.000000 1.000000
v -1.021379850 -0.285729838 -0.617382813 1.000000 1.000000 1.000000
v 0.527667050 -0.904590613 -0.713659663 1.000000 1.000000 1.000000
v 0.464891625 -0.929978375 -0.617385863 1.000000 1.000000 1.000000
v 0.450300213 -0.904498100 -0.617385863 1.000000 1.000000 1.000000
v 0.542563825 -0.930064200 -0.713659663 1.000000 1.000000 1.000000
v 0.074829100 -0.904457288 -0.617385863 1.000000 1.000000 1.000000
v 0.088037875 -0.930021862 -0.574484250 1.000000 1.000000 1.000000
v 0.075081450 -0.901881213 -0.537802125 1.000000 1.000000 1.000000
v 0.088019175 -0.930068587 -0.617385863 1.000000 1.000000 1.000000
v 0.970036125 -0.471808963 -0.617382813 1.000000 1.000000 1.000000
v 0.994348525 -0.461775063 -0.574490363 1.000000 1.000000 1.000000
v 0.966978075 -0.471811150 -0.537631225 1.000000 1.000000 1.000000
v 0.994107625 -0.461876913 -0.617382813 1.000000 1.000000 1.000000
v 0.575459288 -0.904547888 -0.617385863 1.000000 1.000000 1.000000
v 0.564952475 -0.929907225 -0.574484250 1.000000 1.000000 1.000000
v 0.564918713 -0.929954150 -0.617385863 1.000000 1.000000 1.000000
v 0.575867463 -0.902005575 -0.537835687 1.000000 1.000000 1.000000
v 0.762600513 -0.881275562 -0.713659663 1.000000 1.000000 1.000000
v 0.712555125 -0.916332812 -0.617385863 1.000000 1.000000 1.000000
v 0.693898200 -0.894084925 -0.617385863 1.000000 1.000000 1.000000
v 0.784539225 -0.899297525 -0.713659663 1.000000 1.000000 1.000000
v 0.575113300 -0.920374300 -0.501385500 1.000000 1.000000 1.000000
v -0.666502762 -0.920662500 -0.500689700 1.000000 1.000000 1.000000
v -0.667019650 -0.926849750 -0.498117062 1.000000 1.000000 1.000000
v 0.575646587 -0.926562888 -0.498822025 1.000000 1.000000 1.000000
v 0.575867275 -0.902292250 -0.501364137 1.000000 1.000000 1.000000
v 0.694737238 -0.899623113 -0.501385500 1.000000 1.000000 1.000000
v 0.690381050 -0.882266425 -0.501345825 1.000000 1.000000 1.000000
v 0.575113300 -0.920374300 -0.501385500 1.000000 1.000000 1.000000
v 0.696227075 -0.905647663 -0.498831175 1.000000 1.000000 1.000000
v 0.575646587 -0.926562888 -0.498822025 1.000000 1.000000 1.000000
v 0.694737238 -0.899623113 -0.501385500 1.000000 1.000000 1.000000
v 0.789447213 -0.849971388 -0.501327512 1.000000 1.000000 1.000000
v 0.799701500 -0.865692900 -0.501406862 1.000000 1.000000 1.000000
v 0.696227075 -0.905647663 -0.498831175 1.000000 1.000000 1.000000
v 0.802586175 -0.871270937 -0.498846438 1.000000 1.000000 1.000000
v 0.799701500 -0.865692900 -0.501406862 1.000000 1.000000 1.000000
v 0.874879263 -0.787158250 -0.501223750 1.000000 1.000000 1.000000
v 0.887835125 -0.799857088 -0.501397700 1.000000 1.000000 1.000000
v 0.892174913 -0.804354288 -0.498837275 1.000000 1.000000 1.000000
v 0.802586175 -0.871270937 -0.498846438 1.000000 1.000000 1.000000
v 0.887835125 -0.799857088 -0.501397700 1.000000 1.000000 1.000000
v 0.942678262 -0.704385900 -0.501132200 1.000000 1.000000 1.000000
v 0.959511563 -0.710754063 -0.501385500 1.000000 1.000000 1.000000
v 0.892174913 -0.804354288 -0.498837275 1.000000 1.000000 1.000000
v 0.965250975 -0.713516575 -0.498822025 1.000000 1.000000 1.000000
v 0.985352713 -0.595327712 -0.501376337 1.000000 1.000000 1.000000
v 0.959511563 -0.710754063 -0.501385500 1.000000 1.000000 1.000000
v 0.991558650 -0.596013213 -0.498812863 1.000000 1.000000 1.000000
v 0.965250975 -0.713516575 -0.498822025 1.000000 1.000000 1.000000
v 0.967269900 -0.593698650 -0.501077275 1.000000 1.000000 1.000000
v 0.985283475 -0.067069200 -0.501275638 1.000000 1.000000 1.000000
v 0.967137150 -0.066890238 -0.501074225 1.000000 1.000000 1.000000
v 0.991469950 -0.068217800 -0.498779300 1.000000 1.000000 1.000000
v 0.991558650 -0.596013213 -0.498812863 1.000000 1.000000 1.000000
v 0.693898200 -0.894084925 -0.617385863 1.000000 1.000000 1.000000
v 0.686225513 -0.921574975 -0.574484250 1.000000 1.000000 1.000000
v 0.686206438 -0.921590238 -0.617385863 1.000000 1.000000 1.000000
v 0.690358350 -0.882234000 -0.537887575 1.000000 1.000000 1.000000
v 0.965318112 -0.268501038 -0.796865850 1.000000 1.000000 1.000000
v 0.965099525 -0.519725375 -0.831912237 1.000000 1.000000 1.000000
v 0.964958950 0.022940400 -0.831924438 1.000000 1.000000 1.000000
v 0.965346337 -0.394113013 -0.796862788 1.000000 1.000000 1.000000
v 0.965374563 -0.519725463 -0.796862788 1.000000 1.000000 1.000000
v 0.958347700 -0.635530525 -0.796878050 1.000000 1.000000 1.000000
v 0.958065037 -0.635534238 -0.831933600 1.000000 1.000000 1.000000
v 0.921741675 -0.740871188 -0.796923825 1.000000 1.000000 1.000000
v 0.921464725 -0.740873675 -0.831985475 1.000000 1.000000 1.000000
v 0.852993963 -0.820852850 -0.797015375 1.000000 1.000000 1.000000
v 0.852742388 -0.820850188 -0.832086188 1.000000 1.000000 1.000000
v 0.761041263 -0.879165838 -0.797128300 1.000000 1.000000 1.000000
v 0.760810475 -0.879173475 -0.832205200 1.000000 1.000000 1.000000
v 0.651143838 -0.900333600 -0.797189325 1.000000 1.000000 1.000000
v 0.650884438 -0.900358588 -0.832257075 1.000000 1.000000 1.000000
v 0.527744288 -0.902435300 -0.797033688 1.000000 1.000000 1.000000
v 0.402556038 -0.902430913 -0.797024538 1.000000 1.000000 1.000000
v 0.277367975 -0.902426525 -0.797015375 1.000000 1.000000 1.000000
v 0.152179913 -0.902422137 -0.797006225 1.000000 1.000000 1.000000
v 0.026991650 -0.902417750 -0.796997075 1.000000 1.000000 1.000000
v -0.098196412 -0.902413563 -0.796987913 1.000000 1.000000 1.000000
v -0.223384475 -0.902408987 -0.796981812 1.000000 1.000000 1.000000
v -0.348572925 -0.902404788 -0.796972650 1.000000 1.000000 1.000000
v -0.473760988 -0.902400400 -0.796963500 1.000000 1.000000 1.000000
v -0.598949050 -0.902396200 -0.796954350 1.000000 1.000000 1.000000
v 0.527667050 -0.904590613 -0.713659663 1.000000 1.000000 1.000000
v 0.516898350 -0.930083663 -0.762146000 1.000000 1.000000 1.000000
v 0.527744288 -0.902435300 -0.797033688 1.000000 1.000000 1.000000
v 0.516919900 -0.930070300 -0.713659663 1.000000 1.000000 1.000000
v -0.994818500 -0.348053975 -0.713659663 1.000000 1.000000 1.000000
v -1.022196575 -0.363964600 -0.762139888 1.000000 1.000000 1.000000
v -1.021916575 -0.363836913 -0.713659663 1.000000 1.000000 1.000000
v -0.994789500 -0.348334075 -0.797198488 1.000000 1.000000 1.000000
v 0.941820337 0.300007338 -0.866238400 1.000000 1.000000 1.000000
v 0.932001688 0.586383575 0.641329950 1.000000 1.000000 1.000000
v 0.932001688 0.577111000 0.606628413 1.000000 1.000000 1.000000
v 0.932001688 0.553237150 0.582754513 1.000000 1.000000 1.000000
v 0.932001688 0.519418000 0.573690800 1.000000 1.000000 1.000000
v 0.932001688 0.485599088 0.582754513 1.000000 1.000000 1.000000
v 0.932001688 0.114532712 0.582754513 1.000000 1.000000 1.000000
v 0.932001688 0.461725138 0.606625362 1.000000 1.000000 1.000000
v 0.932001688 0.138406563 0.606625362 1.000000 1.000000 1.000000
v 0.932001688 0.452452475 0.641329950 1.000000 1.000000 1.000000
v 0.932001688 0.147679138 0.641329950 1.000000 1.000000 1.000000
v 0.911362463 0.147637650 0.834982300 1.000000 1.000000 1.000000
v 0.911362463 0.452493900 0.834982300 1.000000 1.000000 1.000000
v 0.884746363 0.452523138 0.905856325 1.000000 1.000000 1.000000
v 0.884746363 0.147608425 0.905856325 1.000000 1.000000 1.000000
v 0.826946638 0.452431775 0.957739263 1.000000 1.000000 1.000000
v 0.826946638 0.147589013 0.957739263 1.000000 1.000000 1.000000
v 0.753450588 0.452442838 0.976730350 1.000000 1.000000 1.000000
v 0.753450588 0.147578000 0.976730350 1.000000 1.000000 1.000000
v 0.176840213 0.452557663 0.976730350 1.000000 1.000000 1.000000
v 0.176706888 0.147574375 0.976730350 1.000000 1.000000 1.000000
v 0.145901675 0.460685350 0.976730350 1.000000 1.000000 1.000000
v 0.145810700 0.139133837 0.976730350 1.000000 1.000000 1.000000
v 0.121099288 0.485488413 0.976730350 1.000000 1.000000 1.000000
v 0.121099288 0.114422088 0.976730350 1.000000 1.000000 1.000000
v 0.112037088 0.519307325 0.976730350 1.000000 1.000000 1.000000
v 0.112037088 0.080602887 0.976730350 1.000000 1.000000 1.000000
v 0.121099288 -0.327128175 0.976730350 1.000000 1.000000 1.000000
v 0.121099288 0.046783925 0.976730350 1.000000 1.000000 1.000000
v 0.145810700 -0.302416463 0.976730350 1.000000 1.000000 1.000000
v 0.145901675 0.021980900 0.976730350 1.000000 1.000000 1.000000
v 0.176706888 -0.293975875 0.976730350 1.000000 1.000000 1.000000
v 0.176852613 0.013849925 0.976730350 1.000000 1.000000 1.000000
v 0.753450588 -0.293972250 0.976730350 1.000000 1.000000 1.000000
v 0.753450388 0.013734912 0.976730350 1.000000 1.000000 1.000000
v 0.826946638 0.013723513 0.957739263 1.000000 1.000000 1.000000
v 0.826946638 -0.293961288 0.957739263 1.000000 1.000000 1.000000
v 0.884746363 0.013703488 0.905856325 1.000000 1.000000 1.000000
v 0.884746363 -0.293941837 0.905856325 1.000000 1.000000 1.000000
v 0.911362463 0.013673213 0.834982300 1.000000 1.000000 1.000000
v 0.911362463 -0.293912650 0.834982300 1.000000 1.000000 1.000000
v 0.932001688 0.013630250 0.641329950 1.000000 1.000000 1.000000
v 0.932001688 -0.293871163 0.641329950 1.000000 1.000000 1.000000
v 0.932001688 -0.303143738 0.606625362 1.000000 1.000000 1.000000
v 0.932001688 0.023107675 0.606539913 1.000000 1.000000 1.000000
v 0.932001688 -0.327017550 0.582754513 1.000000 1.000000 1.000000
v 0.932001688 0.046894650 0.582754513 1.000000 1.000000 1.000000
v 0.932001688 -0.427919812 -0.372103888 1.000000 1.000000 1.000000
v 0.932001688 -0.360836750 0.573690800 1.000000 1.000000 1.000000
v 0.932001688 -0.394655663 0.582754513 1.000000 1.000000 1.000000
v 0.932001688 -0.418442587 0.606539913 1.000000 1.000000 1.000000
v 0.932001688 0.080713513 0.573690800 1.000000 1.000000 1.000000
v 0.932001688 -0.427920100 0.641329950 1.000000 1.000000 1.000000
v 0.941820337 -0.427919525 -0.866238400 1.000000 1.000000 1.000000
v 0.931266788 -0.579446363 0.641329950 1.000000 1.000000 1.000000
v 0.939718250 -0.579446075 -0.372103888 1.000000 1.000000 1.000000
v 0.941820337 -0.584886213 -0.866238400 1.000000 1.000000 1.000000
v 0.911362463 -0.427877088 0.834982300 1.000000 1.000000 1.000000
v 0.926103975 -0.704181525 -0.372103888 1.000000 1.000000 1.000000
v 0.920201688 -0.698473600 -0.866241450 1.000000 1.000000 1.000000
v 0.916195113 -0.698667575 0.641329950 1.000000 1.000000 1.000000
v 0.911362075 -0.579446462 0.834982300 1.000000 1.000000 1.000000
v 0.893703463 -0.687039238 0.835006713 1.000000 1.000000 1.000000
v 0.884746363 -0.579446462 0.905856325 1.000000 1.000000 1.000000
v 0.884746363 -0.427846863 0.905856325 1.000000 1.000000 1.000000
v 0.867577550 -0.675066238 0.905868525 1.000000 1.000000 1.000000
v 0.834501463 -0.766324187 0.835015875 1.000000 1.000000 1.000000
v 0.853141025 -0.785416937 0.641329950 1.000000 1.000000 1.000000
v 0.861555863 -0.794659275 -0.372103888 1.000000 1.000000 1.000000
v 0.856391713 -0.793438763 -0.866238400 1.000000 1.000000 1.000000
v 0.772347075 -0.860791975 -0.372103888 1.000000 1.000000 1.000000
v 0.761537175 -0.857386775 -0.866241450 1.000000 1.000000 1.000000
v 0.767015463 -0.849251175 0.641329950 1.000000 1.000000 1.000000
v 0.647982025 -0.875919537 -0.372103888 1.000000 1.000000 1.000000
v 0.647982025 -0.879137038 -0.866241450 1.000000 1.000000 1.000000
v 0.755485913 -0.825864600 0.835015875 1.000000 1.000000 1.000000
v 0.200352288 -0.879118725 -0.643191525 1.000000 1.000000 1.000000
v 0.177505113 -0.879648588 -0.866241450 1.000000 1.000000 1.000000
v 0.206163788 -0.879224775 -0.516522212 1.000000 1.000000 1.000000
v 0.185557938 -0.878853413 -0.391198725 1.000000 1.000000 1.000000
v 0.127878950 -0.879283525 -0.278900150 1.000000 1.000000 1.000000
v 0.647982025 -0.865083500 0.641329950 1.000000 1.000000 1.000000
v -0.015130037 -0.865083500 0.641329950 1.000000 1.000000 1.000000
v -0.012523275 -0.879285425 -0.212966925 1.000000 1.000000 1.000000
v 0.647982025 -0.843872638 0.835000613 1.000000 1.000000 1.000000
v -0.015130037 -0.843872638 0.835000613 1.000000 1.000000 1.000000
v 0.743552975 -0.799414013 0.905874638 1.000000 1.000000 1.000000
v 0.647982025 -0.816769025 0.905865475 1.000000 1.000000 1.000000
v -0.015130037 -0.816769025 0.905865475 1.000000 1.000000 1.000000
v -0.015130037 -0.758612300 0.957742312 1.000000 1.000000 1.000000
v 0.814200588 -0.745857475 0.905874638 1.000000 1.000000 1.000000
v 0.719605825 -0.744728425 0.957745363 1.000000 1.000000 1.000000
v 0.647982025 -0.758612400 0.957742312 1.000000 1.000000 1.000000
v 0.813126187 -0.651088188 0.957742312 1.000000 1.000000 1.000000
v 0.772747988 -0.704284138 0.957745363 1.000000 1.000000 1.000000
v 0.690061763 -0.676484063 0.976730350 1.000000 1.000000 1.000000
v 0.647982025 -0.684985500 0.976730350 1.000000 1.000000 1.000000
v 0.721264263 -0.652756450 0.976730350 1.000000 1.000000 1.000000
v 0.744966888 -0.621532488 0.976730350 1.000000 1.000000 1.000000
v 0.826946638 -0.579446462 0.957739263 1.000000 1.000000 1.000000
v 0.826946638 -0.427826738 0.957739263 1.000000 1.000000 1.000000
v 0.753450388 -0.579446462 0.976730350 1.000000 1.000000 1.000000
v 0.753450388 -0.427815300 0.976730350 1.000000 1.000000 1.000000
v 0.152190975 -0.904516413 -0.713659663 1.000000 1.000000 1.000000
v 0.165597150 -0.930059050 -0.762146000 1.000000 1.000000 1.000000
v 0.165673063 -0.930111500 -0.713659663 1.000000 1.000000 1.000000
v 0.152179913 -0.902422137 -0.797006225 1.000000 1.000000 1.000000
v 0.864201925 -0.801636125 -0.921542362 1.000000 1.000000 1.000000
v 0.765931700 -0.867956350 -0.892047125 1.000000 1.000000 1.000000
v 0.764941788 -0.867856025 -0.921484375 1.000000 1.000000 1.000000
v 0.649096875 -0.890659525 -0.891958613 1.000000 1.000000 1.000000
v 0.760505863 -0.857061963 -0.947158813 1.000000 1.000000 1.000000
v 0.855899050 -0.793322138 -0.947158813 1.000000 1.000000 1.000000
v 0.649102400 -0.890930750 -0.921398925 1.000000 1.000000 1.000000
v 0.647982025 -0.879444125 -0.947158813 1.000000 1.000000 1.000000
v 0.116393275 -0.891307063 -0.921386725 1.000000 1.000000 1.000000
v 0.087874988 -0.879858588 -0.947158813 1.000000 1.000000 1.000000
v 0.149005700 -0.891317562 -0.891943363 1.000000 1.000000 1.000000
v 0.177505113 -0.879648588 -0.866241450 1.000000 1.000000 1.000000
v 0.647982025 -0.879137038 -0.866241450 1.000000 1.000000 1.000000
v 0.761537175 -0.857386775 -0.866241450 1.000000 1.000000 1.000000
v 0.864440538 -0.801463887 -0.892099000 1.000000 1.000000 1.000000
v 0.856391713 -0.793438763 -0.866238400 1.000000 1.000000 1.000000
v 0.920201688 -0.698473600 -0.866241450 1.000000 1.000000 1.000000
v 0.930439000 -0.702385663 -0.921493525 1.000000 1.000000 1.000000
v 0.919638637 -0.697929050 -0.947155763 1.000000 1.000000 1.000000
v 0.930771250 -0.702832838 -0.892053225 1.000000 1.000000 1.000000
v 0.953521350 -0.586532063 -0.921405025 1.000000 1.000000 1.000000
v 0.942020987 -0.585405212 -0.947158813 1.000000 1.000000 1.000000
v 0.953330612 -0.585977600 -0.891961675 1.000000 1.000000 1.000000
v 0.941820337 -0.584886213 -0.866238400 1.000000 1.000000 1.000000
v 0.953515813 -0.427919525 -0.921377563 1.000000 1.000000 1.000000
v 0.942020987 -0.427919525 -0.947155763 1.000000 1.000000 1.000000
v 0.953442762 -0.427919525 -0.891949463 1.000000 1.000000 1.000000
v 0.941820337 -0.427919525 -0.866238400 1.000000 1.000000 1.000000
v 0.953442762 0.300007338 -0.891949463 1.000000 1.000000 1.000000
v 0.941820337 0.300007338 -0.866238400 1.000000 1.000000 1.000000
v 0.953515813 0.300007363 -0.921389775 1.000000 1.000000 1.000000
v 0.942020987 0.300007363 -0.947155763 1.000000 1.000000 1.000000
v 0.942020987 0.586384013 -0.947155763 1.000000 1.000000 1.000000
v 0.953515813 0.586384013 -0.921389775 1.000000 1.000000 1.000000
v 0.942020987 0.740980625 -0.947155763 1.000000 1.000000 1.000000
v 0.953442762 0.586384013 -0.891937250 1.000000 1.000000 1.000000
v 0.941820337 0.586384013 -0.866238400 1.000000 1.000000 1.000000
v 0.941820337 0.740475700 -0.866238400 1.000000 1.000000 1.000000
v 0.953330225 0.741567325 -0.891961675 1.000000 1.000000 1.000000
v 0.920201688 0.854063038 -0.866241450 1.000000 1.000000 1.000000
v 0.953521925 0.742107200 -0.921405025 1.000000 1.000000 1.000000
v 0.919638637 0.853504463 -0.947155763 1.000000 1.000000 1.000000
v 0.930769538 0.858422088 -0.892053225 1.000000 1.000000 1.000000
v 0.864438250 0.957051462 -0.892099000 1.000000 1.000000 1.000000
v 0.856391713 0.949028013 -0.866238400 1.000000 1.000000 1.000000
v 0.930440712 0.857961275 -0.921493525 1.000000 1.000000 1.000000
v 0.855899050 0.948897550 -0.947155763 1.000000 1.000000 1.000000
v 0.864204213 0.957213588 -0.921545413 1.000000 1.000000 1.000000
v 0.765929988 1.023542212 -0.892050175 1.000000 1.000000 1.000000
v 0.651611325 -0.902702138 -0.713659663 1.000000 1.000000 1.000000
v 0.590504075 -0.929948050 -0.617385863 1.000000 1.000000 1.000000
v 0.575459288 -0.904547888 -0.617385863 1.000000 1.000000 1.000000
v 0.667679975 -0.925200275 -0.713659663 1.000000 1.000000 1.000000
v 0.970008088 -0.394108625 -0.713659663 1.000000 1.000000 1.000000
v 0.993286512 -0.384367613 -0.762152100 1.000000 1.000000 1.000000
v 0.993564800 -0.384248500 -0.713659663 1.000000 1.000000 1.000000
v 0.965346337 -0.394113013 -0.796862788 1.000000 1.000000 1.000000
v 0.986327550 0.078440138 -0.544079588 1.000000 1.000000 1.000000
v 0.993380738 0.091621063 -0.721401975 1.000000 1.000000 1.000000
v 0.985607725 0.094961738 -0.717745975 1.000000 1.000000 1.000000
v 0.994150163 0.074304200 -0.540167238 1.000000 1.000000 1.000000
v -0.945118337 -0.741300063 -0.617385863 1.000000 1.000000 1.000000
v -0.975864787 -0.742786362 -0.574481200 1.000000 1.000000 1.000000
v -0.976094438 -0.742809250 -0.617385863 1.000000 1.000000 1.000000
v -0.942808150 -0.737910800 -0.537799075 1.000000 1.000000 1.000000
v -0.667910000 0.587918375 -0.574661250 1.000000 1.000000 1.000000
v -1.012530137 0.675208475 -0.762188725 1.000000 1.000000 1.000000
v -1.011616513 0.587918375 -0.572930913 1.000000 1.000000 1.000000
v -0.668607325 0.675208663 -0.763888550 1.000000 1.000000 1.000000
v 0.985264588 0.003118175 -0.428573612 1.000000 1.000000 1.000000
v 0.967137150 -0.066890238 -0.501074225 1.000000 1.000000 1.000000
v 0.967102438 0.003096300 -0.428350825 1.000000 1.000000 1.000000
v 0.985283475 -0.067069200 -0.501275638 1.000000 1.000000 1.000000
v 0.991469950 -0.068217800 -0.498779300 1.000000 1.000000 1.000000
v 0.991451450 0.002054600 -0.426022338 1.000000 1.000000 1.000000
v -0.994706725 -0.395954663 -0.617382813 1.000000 1.000000 1.000000
v -1.021141438 -0.411487338 -0.574478150 1.000000 1.000000 1.000000
v -0.993194575 -0.395950463 -0.537881475 1.000000 1.000000 1.000000
v -1.021377563 -0.411595200 -0.617382813 1.000000 1.000000 1.000000
v -0.784065625 -0.880176162 -0.537646487 1.000000 1.000000 1.000000
v -0.691249088 -0.926001925 -0.574484250 1.000000 1.000000 1.000000
v -0.674636075 -0.901166150 -0.537603763 1.000000 1.000000 1.000000
v -0.782104488 -0.908123588 -0.574484250 1.000000 1.000000 1.000000
v -0.982314300 -0.638901950 -0.617385863 1.000000 1.000000 1.000000
v -1.005378338 -0.659007788 -0.574478150 1.000000 1.000000 1.000000
v -0.977514263 -0.638345575 -0.537844850 1.000000 1.000000 1.000000
v -1.005596163 -0.659155613 -0.617385863 1.000000 1.000000 1.000000
v 0.199985500 -0.904452900 -0.617385863 1.000000 1.000000 1.000000
v 0.213666538 -0.929991725 -0.574484250 1.000000 1.000000 1.000000
v 0.200277900 -0.901912313 -0.537811275 1.000000 1.000000 1.000000
v 0.213648600 -0.930038450 -0.617385863 1.000000 1.000000 1.000000
v -0.990872575 -0.596660188 -0.713659663 1.000000 1.000000 1.000000
v -1.015207287 -0.614692063 -0.762139888 1.000000 1.000000 1.000000
v -1.014976888 -0.614563037 -0.713659663 1.000000 1.000000 1.000000
v -0.991077038 -0.596506075 -0.797213750 1.000000 1.000000 1.000000
v 0.450300213 -0.904498100 -0.617385863 1.000000 1.000000 1.000000
v 0.439298438 -0.929937363 -0.574484250 1.000000 1.000000 1.000000
v 0.439263725 -0.929984475 -0.617385863 1.000000 1.000000 1.000000
v 0.450670813 -0.901974488 -0.537826537 1.000000 1.000000 1.000000
v 0.969992450 -0.346197838 -0.617382813 1.000000 1.000000 1.000000
v 0.994341850 -0.335913900 -0.574490363 1.000000 1.000000 1.000000
v 0.966949087 -0.346200513 -0.537631225 1.000000 1.000000 1.000000
v 0.994100950 -0.336017938 -0.617382813 1.000000 1.000000 1.000000
v 0.884148025 -0.795984988 -0.617385863 1.000000 1.000000 1.000000
v 0.909777638 -0.801529688 -0.574487300 1.000000 1.000000 1.000000
v 0.874765200 -0.787048963 -0.537765500 1.000000 1.000000 1.000000
v 0.909594150 -0.801509475 -0.617385863 1.000000 1.000000 1.000000
v 0.854167363 -0.823340987 -0.713659663 1.000000 1.000000 1.000000
v 0.859173775 -0.849254413 -0.762149050 1.000000 1.000000 1.000000
v 0.852993963 -0.820852850 -0.797015375 1.000000 1.000000 1.000000
v 0.859221838 -0.849412150 -0.713659663 1.000000 1.000000 1.000000
v 0.854167363 -0.823340987 -0.713659663 1.000000 1.000000 1.000000
v 0.881550213 -0.834307675 -0.762149050 1.000000 1.000000 1.000000
v 0.881702038 -0.834339712 -0.713659663 1.000000 1.000000 1.000000
v 0.852993963 -0.820852850 -0.797015375 1.000000 1.000000 1.000000
v -0.994862363 -0.473665950 -0.713659663 1.000000 1.000000 1.000000
v -1.022191238 -0.489834738 -0.762139888 1.000000 1.000000 1.000000
v -1.021914288 -0.489706275 -0.713659663 1.000000 1.000000 1.000000
v -0.994836425 -0.473978275 -0.797210688 1.000000 1.000000 1.000000
v 0.402507400 -0.904547688 -0.713659663 1.000000 1.000000 1.000000
v 0.391259388 -0.930074888 -0.762146000 1.000000 1.000000 1.000000
v 0.402556038 -0.902430913 -0.797024538 1.000000 1.000000 1.000000
v 0.391264338 -0.930100438 -0.713659663 1.000000 1.000000 1.000000
v 0.277348712 -0.904522900 -0.713659663 1.000000 1.000000 1.000000
v 0.291245075 -0.930067825 -0.762146000 1.000000 1.000000 1.000000
v 0.291321750 -0.930120275 -0.713659663 1.000000 1.000000 1.000000
v 0.277367975 -0.902426525 -0.797015375 1.000000 1.000000 1.000000
v 0.994203375 0.029667900 -0.515658575 1.000000 1.000000 1.000000
v 0.966732413 0.412146000 -0.480154425 1.000000 1.000000 1.000000
v 0.966853338 0.001870537 -0.464910887 1.000000 1.000000 1.000000
v 0.994180875 0.397960563 -0.527874750 1.000000 1.000000 1.000000
v 0.798246763 -0.860511400 -0.617385863 1.000000 1.000000 1.000000
v 0.798975375 -0.890151600 -0.574484250 1.000000 1.000000 1.000000
v 0.798957062 -0.890047838 -0.617385863 1.000000 1.000000 1.000000
v 0.789413638 -0.849913975 -0.537863162 1.000000 1.000000 1.000000
v 0.969967650 -0.268496938 -0.713659663 1.000000 1.000000 1.000000
v 0.993266675 -0.258521800 -0.762152100 1.000000 1.000000 1.000000
v 0.993544963 -0.258400113 -0.713659663 1.000000 1.000000 1.000000
v 0.965318112 -0.268501038 -0.796865850 1.000000 1.000000 1.000000
v -0.994752500 -0.521566063 -0.617382813 1.000000 1.000000 1.000000
v -1.021139525 -0.537348988 -0.574478150 1.000000 1.000000 1.000000
v -0.993232350 -0.521561675 -0.537878413 1.000000 1.000000 1.000000
v -1.021375650 -0.537458950 -0.617382813 1.000000 1.000000 1.000000
v -0.908290488 -0.797477100 -0.713659663 1.000000 1.000000 1.000000
v -0.936128613 -0.803626063 -0.762142950 1.000000 1.000000 1.000000
v -0.909431838 -0.795546963 -0.797091675 1.000000 1.000000 1.000000
v -0.935929113 -0.803574375 -0.713659663 1.000000 1.000000 1.000000
v 0.966891475 -0.065758938 -0.537631225 1.000000 1.000000 1.000000
v 0.994203375 0.029667900 -0.515658575 1.000000 1.000000 1.000000
v 0.966853338 0.001870537 -0.464910887 1.000000 1.000000 1.000000
v 0.994326975 -0.062421700 -0.574490363 1.000000 1.000000 1.000000
v 0.942470175 -0.704301600 -0.537680050 1.000000 1.000000 1.000000
v 0.988080975 -0.611058288 -0.574490363 1.000000 1.000000 1.000000
v 0.967006875 -0.593672700 -0.537631225 1.000000 1.000000 1.000000
v 0.970005225 -0.702705625 -0.574487300 1.000000 1.000000 1.000000
v 0.325142288 -0.904466250 -0.617385863 1.000000 1.000000 1.000000
v 0.339290050 -0.929961400 -0.574484250 1.000000 1.000000 1.000000
v 0.325474363 -0.901943400 -0.537820438 1.000000 1.000000 1.000000
v 0.339272875 -0.930008313 -0.617385863 1.000000 1.000000 1.000000
v 0.325142288 -0.904466250 -0.617385863 1.000000 1.000000 1.000000
v 0.313647650 -0.929967500 -0.574484250 1.000000 1.000000 1.000000
v 0.313612175 -0.930014425 -0.617385863 1.000000 1.000000 1.000000
v 0.325474363 -0.901943400 -0.537820438 1.000000 1.000000 1.000000
v -1.020593637 -0.586218313 -0.713659663 1.000000 1.000000 1.000000
v -0.994752500 -0.521566063 -0.617382813 1.000000 1.000000 1.000000
v -1.021376038 -0.510682150 -0.617382813 1.000000 1.000000 1.000000
v -0.990872575 -0.596660188 -0.713659663 1.000000 1.000000 1.000000
v 0.909777638 -0.801529688 -0.574487300 1.000000 1.000000 1.000000
v 0.942470175 -0.704301600 -0.537680050 1.000000 1.000000 1.000000
v 0.874765200 -0.787048963 -0.537765500 1.000000 1.000000 1.000000
v 0.960099412 -0.725983000 -0.574487300 1.000000 1.000000 1.000000
v 0.464907838 -0.929931263 -0.574484250 1.000000 1.000000 1.000000
v 0.575867463 -0.902005575 -0.537835687 1.000000 1.000000 1.000000
v 0.450670813 -0.901974488 -0.537826537 1.000000 1.000000 1.000000
v 0.564952475 -0.929907225 -0.574484250 1.000000 1.000000 1.000000
v 0.213666538 -0.929991725 -0.574484250 1.000000 1.000000 1.000000
v 0.325474363 -0.901943400 -0.537820438 1.000000 1.000000 1.000000
v 0.200277900 -0.901912313 -0.537811275 1.000000 1.000000 1.000000
v 0.313647650 -0.929967500 -0.574484250 1.000000 1.000000 1.000000
v 0.339290050 -0.929961400 -0.574484250 1.000000 1.000000 1.000000
v 0.450670813 -0.901974488 -0.537826537 1.000000 1.000000 1.000000
v 0.325474363 -0.901943400 -0.537820438 1.000000 1.000000 1.000000
v 0.439298438 -0.929937363 -0.574484250 1.000000 1.000000 1.000000
v -0.050115013 -0.901850125 -0.537792975 1.000000 1.000000 1.000000
v 0.062356762 -0.930028150 -0.574484250 1.000000 1.000000 1.000000
v 0.075081450 -0.901881213 -0.537802125 1.000000 1.000000 1.000000
v -0.037595750 -0.930052000 -0.574484250 1.000000 1.000000 1.000000
v 0.088037875 -0.930021862 -0.574484250 1.000000 1.000000 1.000000
v 0.200277900 -0.901912313 -0.537811275 1.000000 1.000000 1.000000
v 0.075081450 -0.901881213 -0.537802125 1.000000 1.000000 1.000000
v 0.188000300 -0.929997825 -0.574484250 1.000000 1.000000 1.000000
v -0.300508112 -0.901787950 -0.537774663 1.000000 1.000000 1.000000
v -0.188916975 -0.930088613 -0.574484250 1.000000 1.000000 1.000000
v -0.175311475 -0.901819038 -0.537783813 1.000000 1.000000 1.000000
v -0.288876725 -0.930112650 -0.574484250 1.000000 1.000000 1.000000
v -0.175311475 -0.901819038 -0.537783813 1.000000 1.000000 1.000000
v -0.063282200 -0.930058288 -0.574484250 1.000000 1.000000 1.000000
v -0.050115013 -0.901850125 -0.537792975 1.000000 1.000000 1.000000
v -0.163234138 -0.930082325 -0.574484250 1.000000 1.000000 1.000000
v -0.550901037 -0.901725775 -0.537759400 1.000000 1.000000 1.000000
v -0.440171050 -0.930148888 -0.574484250 1.000000 1.000000 1.000000
v -0.425704575 -0.901756862 -0.537768550 1.000000 1.000000 1.000000
v -0.540173725 -0.930172925 -0.574484250 1.000000 1.000000 1.000000
v -0.425704575 -0.901756862 -0.537768550 1.000000 1.000000 1.000000
v -0.314546588 -0.930118750 -0.574484250 1.000000 1.000000 1.000000
v -0.300508112 -0.901787950 -0.537774663 1.000000 1.000000 1.000000
v -0.414523313 -0.930142788 -0.574484250 1.000000 1.000000 1.000000
v 0.277348712 -0.904522900 -0.713659663 1.000000 1.000000 1.000000
v 0.265625388 -0.930065912 -0.762146000 1.000000 1.000000 1.000000
v 0.277367975 -0.902426525 -0.797015375 1.000000 1.000000 1.000000
v 0.265617563 -0.930118563 -0.713659663 1.000000 1.000000 1.000000
v -0.565790175 -0.930179213 -0.574484250 1.000000 1.000000 1.000000
v -0.674636075 -0.901166150 -0.537603763 1.000000 1.000000 1.000000
v -0.664686963 -0.930202863 -0.574484250 1.000000 1.000000 1.000000
v -0.550901037 -0.901725775 -0.537759400 1.000000 1.000000 1.000000
v 0.402507400 -0.904547688 -0.713659663 1.000000 1.000000 1.000000
v 0.416888812 -0.930076600 -0.762146000 1.000000 1.000000 1.000000
v 0.416946988 -0.930094337 -0.713659663 1.000000 1.000000 1.000000
v 0.402556038 -0.902430913 -0.797024538 1.000000 1.000000 1.000000
v 0.798246763 -0.860511400 -0.617385863 1.000000 1.000000 1.000000
v 0.821422575 -0.875090975 -0.574484250 1.000000 1.000000 1.000000
v 0.789413638 -0.849913975 -0.537863162 1.000000 1.000000 1.000000
v 0.821322250 -0.875062563 -0.617385863 1.000000 1.000000 1.000000
v 0.884148025 -0.795984988 -0.617385863 1.000000 1.000000 1.000000
v 0.894329837 -0.824721337 -0.574487300 1.000000 1.000000 1.000000
v 0.894235225 -0.824494550 -0.617385863 1.000000 1.000000 1.000000
v 0.874765200 -0.787048963 -0.537765500 1.000000 1.000000 1.000000
v 0.784381863 -0.899212650 -0.762146000 1.000000 1.000000 1.000000
v 0.762600513 -0.881275562 -0.713659663 1.000000 1.000000 1.000000
v 0.772495275 -0.889467625 -0.781164550 1.000000 1.000000 1.000000
v 0.761041263 -0.879165838 -0.797128300 1.000000 1.000000 1.000000
v 0.784539225 -0.899297525 -0.713659663 1.000000 1.000000 1.000000
v -0.997240450 -0.703958650 -0.713659663 1.000000 1.000000 1.000000
v -0.982314300 -0.638901950 -0.617385863 1.000000 1.000000 1.000000
v -1.011117550 -0.631417413 -0.617385863 1.000000 1.000000 1.000000
v -0.968977350 -0.707315588 -0.713659663 1.000000 1.000000 1.000000
v 0.994349863 -0.486219738 -0.574490363 1.000000 1.000000 1.000000
v 0.967006875 -0.593672700 -0.537631225 1.000000 1.000000 1.000000
v 0.993131063 -0.585453363 -0.574490363 1.000000 1.000000 1.000000
v 0.966978075 -0.471811150 -0.537631225 1.000000 1.000000 1.000000
v -0.048940275 -1.022264675 0.340341188 1.000000 1.000000 1.000000
v -0.039948463 -1.013524250 0.348089600 1.000000 1.000000 1.000000
v -0.045681000 -1.012553975 0.339532475 1.000000 1.000000 1.000000
v -0.020980650 -0.870472150 0.329403688 1.000000 1.000000 1.000000
v -0.026775175 -0.868390275 0.326333613 1.000000 1.000000 1.000000
v -0.044283488 -1.025605200 0.349090575 1.000000 1.000000 1.000000
v -0.056020550 -1.027382850 0.340643313 1.000000 1.000000 1.000000
v -0.054182238 -1.032755475 0.349511725 1.000000 1.000000 1.000000
v -0.066942025 -1.033067700 0.349243163 1.000000 1.000000 1.000000
v -0.065449713 -1.027560038 0.340438838 1.000000 1.000000 1.000000
v -0.078057288 -1.026777650 0.348413087 1.000000 1.000000 1.000000
v -0.073688888 -1.022959138 0.339828487 1.000000 1.000000 1.000000
v -0.083440975 -1.015800663 0.347286988 1.000000 1.000000 1.000000
v -0.077537913 -1.015104300 0.339022825 1.000000 1.000000 1.000000
v -0.081600575 -1.003090288 0.346173100 1.000000 1.000000 1.000000
v -0.075861925 -1.005002400 0.338143925 1.000000 1.000000 1.000000
v -0.032919500 -0.867481612 0.328848262 1.000000 1.000000 1.000000
v -0.026775175 -0.868390275 0.326333613 1.000000 1.000000 1.000000
v -0.032919500 -0.867481612 0.328848262 1.000000 1.000000 1.000000
v 0.994341850 -0.335913900 -0.574490363 1.000000 1.000000 1.000000
v 0.966891475 -0.065758938 -0.537631225 1.000000 1.000000 1.000000
v 0.966949087 -0.346200513 -0.537631225 1.000000 1.000000 1.000000
v 0.994326975 -0.062421700 -0.574490363 1.000000 1.000000 1.000000
v 0.966978075 -0.471811150 -0.537631225 1.000000 1.000000 1.000000
v 0.994343188 -0.360374975 -0.574490363 1.000000 1.000000 1.000000
v 0.966949087 -0.346200513 -0.537631225 1.000000 1.000000 1.000000
v 0.994348525 -0.461775063 -0.574490363 1.000000 1.000000 1.000000
v 0.921109013 -0.739898438 -0.713659663 1.000000 1.000000 1.000000
v 0.934740825 -0.762628700 -0.762149050 1.000000 1.000000 1.000000
v 0.921741675 -0.740871188 -0.796923825 1.000000 1.000000 1.000000
v 0.934879875 -0.762834788 -0.713659663 1.000000 1.000000 1.000000
v 0.969967650 -0.268496938 -0.713659663 1.000000 1.000000 1.000000
v 0.993270300 -0.281918100 -0.762152100 1.000000 1.000000 1.000000
v 0.965318112 -0.268501038 -0.796865850 1.000000 1.000000 1.000000
v 0.993548587 -0.282075737 -0.713659663 1.000000 1.000000 1.000000
v -1.021914675 -0.462507300 -0.713659663 1.000000 1.000000 1.000000
v -0.994706725 -0.395954663 -0.617382813 1.000000 1.000000 1.000000
v -1.021377950 -0.384794087 -0.617382813 1.000000 1.000000 1.000000
v -0.994862363 -0.473665950 -0.713659663 1.000000 1.000000 1.000000
v 0.590519337 -0.929900938 -0.574484250 1.000000 1.000000 1.000000
v 0.690358350 -0.882234000 -0.537887575 1.000000 1.000000 1.000000
v 0.575867463 -0.902005575 -0.537835687 1.000000 1.000000 1.000000
v 0.686225513 -0.921574975 -0.574484250 1.000000 1.000000 1.000000
v 0.450300213 -0.904498100 -0.617385863 1.000000 1.000000 1.000000
v 0.464907838 -0.929931263 -0.574484250 1.000000 1.000000 1.000000
v 0.450670813 -0.901974488 -0.537826537 1.000000 1.000000 1.000000
v 0.464891625 -0.929978375 -0.617385863 1.000000 1.000000 1.000000
v 1.004168125 0.667428825 -0.945474238 1.000000 1.000000 1.000000
v 0.957384300 0.530066163 -0.855862425 1.000000 1.000000 1.000000
v 0.957384300 0.667428775 -0.855862425 1.000000 1.000000 1.000000
v 1.004168125 0.530066200 -0.945474238 1.000000 1.000000 1.000000
v 1.006698612 0.667428825 -0.955081175 1.000000 1.000000 1.000000
v 1.006698612 0.530066200 -0.955081175 1.000000 1.000000 1.000000
v 1.003752512 0.667428825 -0.962762450 1.000000 1.000000 1.000000
v 1.003752512 0.530066200 -0.962762450 1.000000 1.000000 1.000000
v 0.996299175 0.667428825 -0.967852788 1.000000 1.000000 1.000000
v 0.996299175 0.530066200 -0.967852788 1.000000 1.000000 1.000000
v 0.987298200 0.667428825 -0.968502813 1.000000 1.000000 1.000000
v 0.987298200 0.530066200 -0.968502813 1.000000 1.000000 1.000000
v 0.980212788 0.667428825 -0.964315800 1.000000 1.000000 1.000000
v 0.980212788 0.530066200 -0.964315800 1.000000 1.000000 1.000000
v 0.976222612 0.667428825 -0.955221563 1.000000 1.000000 1.000000
v 0.976222612 0.530066200 -0.955221563 1.000000 1.000000 1.000000
v 0.957384300 0.530066163 -0.855862425 1.000000 1.000000 1.000000
v 0.957384300 0.667428775 -0.855862425 1.000000 1.000000 1.000000
v 0.199985500 -0.904452900 -0.617385863 1.000000 1.000000 1.000000
v 0.188000300 -0.929997825 -0.574484250 1.000000 1.000000 1.000000
v 0.187964063 -0.930044550 -0.617385863 1.000000 1.000000 1.000000
v 0.200277900 -0.901912313 -0.537811275 1.000000 1.000000 1.000000
v 0.821422575 -0.875090975 -0.574484250 1.000000 1.000000 1.000000
v 0.874765200 -0.787048963 -0.537765500 1.000000 1.000000 1.000000
v 0.789413638 -0.849913975 -0.537863162 1.000000 1.000000 1.000000
v 0.894329837 -0.824721337 -0.574487300 1.000000 1.000000 1.000000
v 0.152190975 -0.904516413 -0.713659663 1.000000 1.000000 1.000000
v 0.139996525 -0.930057150 -0.762146000 1.000000 1.000000 1.000000
v 0.152179913 -0.902422137 -0.797006225 1.000000 1.000000 1.000000
v 0.139987750 -0.930109788 -0.713659663 1.000000 1.000000 1.000000
v 0.527667050 -0.904590613 -0.713659663 1.000000 1.000000 1.000000
v 0.542528537 -0.930085375 -0.762146000 1.000000 1.000000 1.000000
v 0.542563825 -0.930064200 -0.713659663 1.000000 1.000000 1.000000
v 0.527744288 -0.902435300 -0.797033688 1.000000 1.000000 1.000000
v 0.712586400 -0.916315075 -0.574484250 1.000000 1.000000 1.000000
v 0.789413638 -0.849913975 -0.537863162 1.000000 1.000000 1.000000
v 0.690358350 -0.882234000 -0.537887575 1.000000 1.000000 1.000000
v 0.798975375 -0.890151600 -0.574484250 1.000000 1.000000 1.000000
v 0.944874187 -0.705862475 -0.617385863 1.000000 1.000000 1.000000
v 0.960099412 -0.725983000 -0.574487300 1.000000 1.000000 1.000000
v 0.959989737 -0.725851875 -0.617385863 1.000000 1.000000 1.000000
v 0.942470175 -0.704301600 -0.537680050 1.000000 1.000000 1.000000
v 0.969992450 -0.346197838 -0.617382813 1.000000 1.000000 1.000000
v 0.994343188 -0.360374975 -0.574490363 1.000000 1.000000 1.000000
v 0.994102288 -0.360237075 -0.617382813 1.000000 1.000000 1.000000
v 0.966949087 -0.346200513 -0.537631225 1.000000 1.000000 1.000000
v -0.877832800 -0.824346925 -0.617385863 1.000000 1.000000 1.000000
v -0.906829838 -0.836126713 -0.574481200 1.000000 1.000000 1.000000
v -0.906946562 -0.836176688 -0.617385863 1.000000 1.000000 1.000000
v -0.876375963 -0.822870825 -0.537725825 1.000000 1.000000 1.000000
v -1.021916962 -0.336614938 -0.713659663 1.000000 1.000000 1.000000
v -0.994666287 -0.270343538 -0.617382813 1.000000 1.000000 1.000000
v -1.021380238 -0.258906988 -0.617382813 1.000000 1.000000 1.000000
v -0.994818500 -0.348053975 -0.713659663 1.000000 1.000000 1.000000
v 0.651611325 -0.902702138 -0.713659663 1.000000 1.000000 1.000000
v 0.667613025 -0.925176050 -0.762146000 1.000000 1.000000 1.000000
v 0.667679975 -0.925200275 -0.713659663 1.000000 1.000000 1.000000
v 0.651143838 -0.900333600 -0.797189325 1.000000 1.000000 1.000000
v -0.043854900 -1.019711875 -0.177777100 1.000000 1.000000 1.000000
v -0.019106675 -0.877781863 -0.192364500 1.000000 1.000000 1.000000
v -0.038001063 -1.021159550 -0.185852050 1.000000 1.000000 1.000000
v -0.024933625 -0.875546650 -0.189956663 1.000000 1.000000 1.000000
v -0.019106675 -0.877781863 -0.192364500 1.000000 1.000000 1.000000
v -0.047114188 -1.029422763 -0.176971437 1.000000 1.000000 1.000000
v -0.042336088 -1.033240512 -0.184854125 1.000000 1.000000 1.000000
v -0.052234463 -1.040390400 -0.184432988 1.000000 1.000000 1.000000
v -0.054194638 -1.034540937 -0.176669313 1.000000 1.000000 1.000000
v -0.063623813 -1.034717937 -0.176870725 1.000000 1.000000 1.000000
v -0.064994050 -1.040702625 -0.184698488 1.000000 1.000000 1.000000
v -0.071862788 -1.030117225 -0.177481075 1.000000 1.000000 1.000000
v -0.076109125 -1.034412763 -0.185531613 1.000000 1.000000 1.000000
v -0.075711825 -1.022262388 -0.178286738 1.000000 1.000000 1.000000
v -0.081492613 -1.023435975 -0.186654663 1.000000 1.000000 1.000000
v -0.079652212 -1.010725588 -0.187771613 1.000000 1.000000 1.000000
v -0.074036025 -1.012160112 -0.179168700 1.000000 1.000000 1.000000
v -0.031043813 -0.874787900 -0.192913813 1.000000 1.000000 1.000000
v -0.024933625 -0.875546650 -0.189956663 1.000000 1.000000 1.000000
v 0.970008088 -0.394108625 -0.713659663 1.000000 1.000000 1.000000
v 0.993290325 -0.407761913 -0.762152100 1.000000 1.000000 1.000000
v 0.965346337 -0.394113013 -0.796862788 1.000000 1.000000 1.000000
v 0.993568613 -0.407922225 -0.713659663 1.000000 1.000000 1.000000
v 0.575459288 -0.904547888 -0.617385863 1.000000 1.000000 1.000000
v 0.590519337 -0.929900938 -0.574484250 1.000000 1.000000 1.000000
v 0.575867463 -0.902005575 -0.537835687 1.000000 1.000000 1.000000
v 0.590504075 -0.929948050 -0.617385863 1.000000 1.000000 1.000000
v 0.994099050 0.082576175 -0.547991937 1.000000 1.000000 1.000000
v 0.985607725 0.094961738 -0.717745975 1.000000 1.000000 1.000000
v 0.993428987 0.098302275 -0.714093013 1.000000 1.000000 1.000000
v 0.986327550 0.078440138 -0.544079588 1.000000 1.000000 1.000000
v 0.758856963 -0.907119750 -0.713659663 1.000000 1.000000 1.000000
v 0.693898200 -0.894084925 -0.617385863 1.000000 1.000000 1.000000
v 0.686206438 -0.921590238 -0.617385863 1.000000 1.000000 1.000000
v 0.762600513 -0.881275562 -0.713659663 1.000000 1.000000 1.000000
v 0.693898200 -0.894084925 -0.617385863 1.000000 1.000000 1.000000
v 0.712586400 -0.916315075 -0.574484250 1.000000 1.000000 1.000000
v 0.690358350 -0.882234000 -0.537887575 1.000000 1.000000 1.000000
v 0.712555125 -0.916332812 -0.617385863 1.000000 1.000000 1.000000
v 0.074829100 -0.904457288 -0.617385863 1.000000 1.000000 1.000000
v 0.062356762 -0.930028150 -0.574484250 1.000000 1.000000 1.000000
v 0.062319750 -0.930074687 -0.617385863 1.000000 1.000000 1.000000
v 0.075081450 -0.901881213 -0.537802125 1.000000 1.000000 1.000000
v 0.641256713 -0.930040550 -0.713659663 1.000000 1.000000 1.000000
v 0.575459288 -0.904547888 -0.617385863 1.000000 1.000000 1.000000
v 0.564918713 -0.929954150 -0.617385863 1.000000 1.000000 1.000000
v 0.651611325 -0.902702138 -0.713659663 1.000000 1.000000 1.000000
v 0.993883325 0.336837887 -0.615194700 1.000000 1.000000 1.000000
v 0.986148075 0.345101475 -0.600778200 1.000000 1.000000 1.000000
v 0.986107825 0.335331938 -0.611611938 1.000000 1.000000 1.000000
v 0.993932338 0.348793175 -0.601934813 1.000000 1.000000 1.000000
v 0.986267475 0.341090513 -0.572210688 1.000000 1.000000 1.000000
v 0.994068338 0.344147450 -0.568847650 1.000000 1.000000 1.000000
v 0.993906212 0.296155075 -0.613726813 1.000000 1.000000 1.000000
v 0.986129950 0.297547338 -0.610247800 1.000000 1.000000 1.000000
v 0.993959050 0.280281563 -0.599472050 1.000000 1.000000 1.000000
v 0.986176300 0.283560775 -0.597686762 1.000000 1.000000 1.000000
v 0.986264612 0.279565713 -0.570022588 1.000000 1.000000 1.000000
v 0.994067188 0.275506850 -0.566406250 1.000000 1.000000 1.000000
v 0.957857138 -0.637233300 -0.713659663 1.000000 1.000000 1.000000
v 0.978375250 -0.655011700 -0.762152100 1.000000 1.000000 1.000000
v 0.958347700 -0.635530525 -0.796878050 1.000000 1.000000 1.000000
v 0.978614813 -0.655209488 -0.713659663 1.000000 1.000000 1.000000
v 0.027033612 -0.904528050 -0.713659663 1.000000 1.000000 1.000000
v 0.014373212 -0.930048375 -0.762146000 1.000000 1.000000 1.000000
v 0.026991650 -0.902417750 -0.796997075 1.000000 1.000000 1.000000
v 0.014363288 -0.930101012 -0.713659663 1.000000 1.000000 1.000000
v 0.966303825 -0.594968838 -0.617382813 1.000000 1.000000 1.000000
v 0.988080975 -0.611058288 -0.574490363 1.000000 1.000000 1.000000
v 0.987884713 -0.610917425 -0.617382813 1.000000 1.000000 1.000000
v 0.967006875 -0.593672700 -0.537631225 1.000000 1.000000 1.000000
v 0.970036125 -0.471808963 -0.617382813 1.000000 1.000000 1.000000
v 0.994349863 -0.486219738 -0.574490363 1.000000 1.000000 1.000000
v 0.994108963 -0.486079650 -0.617382813 1.000000 1.000000 1.000000
v 0.966978075 -0.471811150 -0.537631225 1.000000 1.000000 1.000000
v 0.859221838 -0.849412150 -0.713659663 1.000000 1.000000 1.000000
v 0.798246763 -0.860511400 -0.617385863 1.000000 1.000000 1.000000
v 0.798957062 -0.890047838 -0.617385863 1.000000 1.000000 1.000000
v 0.854167363 -0.823340987 -0.713659663 1.000000 1.000000 1.000000
v 0.970053863 -0.519720700 -0.713659663 1.000000 1.000000 1.000000
v 0.991803550 -0.533481262 -0.762152100 1.000000 1.000000 1.000000
v 0.965374563 -0.519725463 -0.796862788 1.000000 1.000000 1.000000
v 0.993579487 -0.533761650 -0.713659663 1.000000 1.000000 1.000000
v -0.935929113 -0.803574375 -0.713659663 1.000000 1.000000 1.000000
v -0.945118337 -0.741300063 -0.617385863 1.000000 1.000000 1.000000
v -0.976094438 -0.742809250 -0.617385863 1.000000 1.000000 1.000000
v -0.908290488 -0.797477100 -0.713659663 1.000000 1.000000 1.000000
v -0.050326925 -0.904480363 -0.617385863 1.000000 1.000000 1.000000
v -0.063282200 -0.930058288 -0.574484250 1.000000 1.000000 1.000000
v -0.063320162 -0.930104825 -0.617385863 1.000000 1.000000 1.000000
v -0.050115013 -0.901850125 -0.537792975 1.000000 1.000000 1.000000
v 0.516919900 -0.930070300 -0.713659663 1.000000 1.000000 1.000000
v 0.450300213 -0.904498100 -0.617385863 1.000000 1.000000 1.000000
v 0.439263725 -0.929984475 -0.617385863 1.000000 1.000000 1.000000
v 0.527667050 -0.904590613 -0.713659663 1.000000 1.000000 1.000000
v 0.986089513 0.275174425 -0.620086675 1.000000 1.000000 1.000000
v 0.993900875 0.278939463 -0.616931150 1.000000 1.000000 1.000000
v 0.994082450 0.271068188 -0.562423700 1.000000 1.000000 1.000000
v 0.986312100 0.265844988 -0.550851437 1.000000 1.000000 1.000000
v 0.994133188 0.268869500 -0.547198488 1.000000 1.000000 1.000000
v -0.822002413 -0.861638263 -0.713659663 1.000000 1.000000 1.000000
v -0.846258925 -0.877048487 -0.762146000 1.000000 1.000000 1.000000
v -0.820674900 -0.860462375 -0.796975713 1.000000 1.000000 1.000000
v -0.846173100 -0.876997563 -0.713659663 1.000000 1.000000 1.000000
v -0.098123938 -0.904557800 -0.713659663 1.000000 1.000000 1.000000
v -0.111244200 -0.930039400 -0.762146000 1.000000 1.000000 1.000000
v -0.098196412 -0.902413563 -0.796987913 1.000000 1.000000 1.000000
v -0.111255263 -0.930092238 -0.713659663 1.000000 1.000000 1.000000
v 0.993860438 0.355099725 -0.619641113 1.000000 1.000000 1.000000
v 0.985524938 0.366972763 -0.727575688 1.000000 1.000000 1.000000
v 0.993296437 0.371424863 -0.731512450 1.000000 1.000000 1.000000
v 0.986028287 0.350959187 -0.622827150 1.000000 1.000000 1.000000
v 0.391264338 -0.930100438 -0.713659663 1.000000 1.000000 1.000000
v 0.325142288 -0.904466250 -0.617385863 1.000000 1.000000 1.000000
v 0.313612175 -0.930014425 -0.617385863 1.000000 1.000000 1.000000
v 0.402507400 -0.904547688 -0.713659663 1.000000 1.000000 1.000000
v 0.934879875 -0.762834788 -0.713659663 1.000000 1.000000 1.000000
v 0.884148025 -0.795984988 -0.617385863 1.000000 1.000000 1.000000
v 0.894235225 -0.824494550 -0.617385863 1.000000 1.000000 1.000000
v 0.921109013 -0.739898438 -0.713659663 1.000000 1.000000 1.000000
v 0.994128800 0.342008400 -0.553613275 1.000000 1.000000 1.000000
v 0.986323162 0.338833050 -0.557223513 1.000000 1.000000 1.000000
v 0.994095425 0.343067675 -0.561157225 1.000000 1.000000 1.000000
v -0.175483137 -0.904521175 -0.617385863 1.000000 1.000000 1.000000
v -0.188916975 -0.930088613 -0.574484250 1.000000 1.000000 1.000000
v -0.188955688 -0.930134963 -0.617385863 1.000000 1.000000 1.000000
v -0.175311475 -0.901819038 -0.537783813 1.000000 1.000000 1.000000
v -0.223281475 -0.904605675 -0.713659663 1.000000 1.000000 1.000000
v -0.236855700 -0.930030638 -0.762146000 1.000000 1.000000 1.000000
v -0.223384475 -0.902408987 -0.796981812 1.000000 1.000000 1.000000
v -0.236867900 -0.930083663 -0.713659663 1.000000 1.000000 1.000000
v -0.786039350 -0.881778338 -0.617385863 1.000000 1.000000 1.000000
v -0.809210963 -0.901068500 -0.574484250 1.000000 1.000000 1.000000
v -0.809326550 -0.901158900 -0.617385863 1.000000 1.000000 1.000000
v -0.784065625 -0.880176162 -0.537646487 1.000000 1.000000 1.000000
v 0.994099050 0.082576175 -0.547991937 1.000000 1.000000 1.000000
v 0.986312100 0.265844988 -0.550851437 1.000000 1.000000 1.000000
v 0.986327550 0.078440138 -0.544079588 1.000000 1.000000 1.000000
v 0.994084550 0.262783975 -0.554504400 1.000000 1.000000 1.000000
v 0.986323162 0.338833050 -0.557223513 1.000000 1.000000 1.000000
v 0.994096950 0.274396138 -0.558715825 1.000000 1.000000 1.000000
v 0.994095425 0.343067675 -0.561157225 1.000000 1.000000 1.000000
v 0.986319538 0.277562663 -0.555050663 1.000000 1.000000 1.000000
v 0.265617563 -0.930118563 -0.713659663 1.000000 1.000000 1.000000
v 0.199985500 -0.904452900 -0.617385863 1.000000 1.000000 1.000000
v 0.187964063 -0.930044550 -0.617385863 1.000000 1.000000 1.000000
v 0.277348712 -0.904522900 -0.713659663 1.000000 1.000000 1.000000
v 0.986267475 0.341090513 -0.572210688 1.000000 1.000000 1.000000
v 0.994039537 0.283626988 -0.573693850 1.000000 1.000000 1.000000
v 0.994044113 0.338035963 -0.575628663 1.000000 1.000000 1.000000
v 0.986264612 0.279565713 -0.570022588 1.000000 1.000000 1.000000
v 0.993548587 -0.282075737 -0.713659663 1.000000 1.000000 1.000000
v 0.969992450 -0.346197838 -0.617382813 1.000000 1.000000 1.000000
v 0.994102288 -0.360237075 -0.617382813 1.000000 1.000000 1.000000
v 0.969967650 -0.268496938 -0.713659663 1.000000 1.000000 1.000000
v -0.300639725 -0.904580313 -0.617385863 1.000000 1.000000 1.000000
v -0.314546588 -0.930118750 -0.574484250 1.000000 1.000000 1.000000
v -0.314586262 -0.930165100 -0.617385863 1.000000 1.000000 1.000000
v -0.300508112 -0.901787950 -0.537774663 1.000000 1.000000 1.000000
v -0.348439413 -0.904671863 -0.713659663 1.000000 1.000000 1.000000
v -0.362460713 -0.930021862 -0.762146000 1.000000 1.000000 1.000000
v -0.348572925 -0.902404788 -0.796972650 1.000000 1.000000 1.000000
v -0.362473675 -0.930074888 -0.713659663 1.000000 1.000000 1.000000
v 0.978614813 -0.655209488 -0.713659663 1.000000 1.000000 1.000000
v 0.944874187 -0.705862475 -0.617385863 1.000000 1.000000 1.000000
v 0.959989737 -0.725851875 -0.617385863 1.000000 1.000000 1.000000
v 0.957857138 -0.637233300 -0.713659663 1.000000 1.000000 1.000000
v 0.139987750 -0.930109788 -0.713659663 1.000000 1.000000 1.000000
v 0.074829100 -0.904457288 -0.617385863 1.000000 1.000000 1.000000
v 0.062319750 -0.930074687 -0.617385863 1.000000 1.000000 1.000000
v 0.152190975 -0.904516413 -0.713659663 1.000000 1.000000 1.000000
v 0.993788150 0.346936300 -0.626031500 1.000000 1.000000 1.000000
v 0.986089513 0.275174425 -0.620086675 1.000000 1.000000 1.000000
v 0.993822675 0.271930887 -0.623321538 1.000000 1.000000 1.000000
v 0.986028287 0.350959187 -0.622827150 1.000000 1.000000 1.000000
v -1.012589263 0.642335075 -0.762246700 1.000000 1.000000 1.000000
v -0.993372350 0.548859600 -0.573828125 1.000000 1.000000 1.000000
v -1.011578375 0.548853450 -0.573620600 1.000000 1.000000 1.000000
v -0.994383238 0.642341325 -0.762451175 1.000000 1.000000 1.000000
v -1.017744825 0.551414113 -0.572952275 1.000000 1.000000 1.000000
v -1.018755338 0.644895750 -0.761575313 1.000000 1.000000 1.000000
v -0.846173100 -0.876997563 -0.713659663 1.000000 1.000000 1.000000
v -0.877832800 -0.824346925 -0.617385863 1.000000 1.000000 1.000000
v -0.906946562 -0.836176688 -0.617385863 1.000000 1.000000 1.000000
v -0.822002413 -0.861638263 -0.713659663 1.000000 1.000000 1.000000
v 0.993568613 -0.407922225 -0.713659663 1.000000 1.000000 1.000000
v 0.970036125 -0.471808963 -0.617382813 1.000000 1.000000 1.000000
v 0.994108963 -0.486079650 -0.617382813 1.000000 1.000000 1.000000
v 0.970008088 -0.394108625 -0.713659663 1.000000 1.000000 1.000000
v -0.425797275 -0.904657938 -0.617385863 1.000000 1.000000 1.000000
v -0.440171050 -0.930148888 -0.574484250 1.000000 1.000000 1.000000
v -0.440199275 -0.930174063 -0.617385863 1.000000 1.000000 1.000000
v -0.425704575 -0.901756862 -0.537768550 1.000000 1.000000 1.000000
v 0.985524938 0.366972763 -0.727575688 1.000000 1.000000 1.000000
v 0.993380738 0.091621063 -0.721401975 1.000000 1.000000 1.000000
v 0.993296437 0.371424863 -0.731512450 1.000000 1.000000 1.000000
v 0.985607725 0.094961738 -0.717745975 1.000000 1.000000 1.000000
v 0.664212412 0.407658200 -0.406100462 1.000000 1.000000 1.000000
v 0.985535238 0.002988200 -0.392065425 1.000000 1.000000 1.000000
v 0.985491563 0.407658238 -0.407302863 1.000000 1.000000 1.000000
v 0.664222150 0.002988100 -0.391281125 1.000000 1.000000 1.000000
v 0.991722488 0.004035850 -0.394686888 1.000000 1.000000 1.000000
v 0.991658788 0.407234863 -0.409872438 1.000000 1.000000 1.000000
v 0.985491563 0.407658238 -0.407302863 1.000000 1.000000 1.000000
v 0.985442350 0.430488875 -0.414151000 1.000000 1.000000 1.000000
v 0.664176175 0.430488637 -0.412924200 1.000000 1.000000 1.000000
v 0.991614150 0.429171175 -0.416455075 1.000000 1.000000 1.000000
v 0.991658788 0.407234863 -0.409872438 1.000000 1.000000 1.000000
v 0.985313037 0.450326112 -0.432867438 1.000000 1.000000 1.000000
v 0.991614150 0.429171175 -0.416455075 1.000000 1.000000 1.000000
v 0.991490175 0.448198413 -0.434405512 1.000000 1.000000 1.000000
v -0.473598475 -0.904756163 -0.713659663 1.000000 1.000000 1.000000
v -0.488058475 -0.930012888 -0.762146000 1.000000 1.000000 1.000000
v -0.473760988 -0.902400400 -0.796963500 1.000000 1.000000 1.000000
v -0.488072588 -0.930066113 -0.713659663 1.000000 1.000000 1.000000
v 0.993579487 -0.533761650 -0.713659663 1.000000 1.000000 1.000000
v 0.966303825 -0.594968838 -0.617382813 1.000000 1.000000 1.000000
v 0.987884713 -0.610917425 -0.617382813 1.000000 1.000000 1.000000
v 0.970053863 -0.519720700 -0.713659663 1.000000 1.000000 1.000000
v 0.014363288 -0.930101012 -0.713659663 1.000000 1.000000 1.000000
v -0.050326925 -0.904480363 -0.617385863 1.000000 1.000000 1.000000
v -0.063320162 -0.930104825 -0.617385863 1.000000 1.000000 1.000000
v 0.027033612 -0.904528050 -0.713659663 1.000000 1.000000 1.000000
v -0.717378238 -0.894704438 -0.713659663 1.000000 1.000000 1.000000
v -0.736165238 -0.917214200 -0.762146000 1.000000 1.000000 1.000000
v -0.717176438 -0.893123050 -0.796899413 1.000000 1.000000 1.000000
v -0.736161800 -0.917227938 -0.713659663 1.000000 1.000000 1.000000
v 0.991722488 0.004035850 -0.394686888 1.000000 1.000000 1.000000
v 0.985552025 -0.067256075 -0.464794925 1.000000 1.000000 1.000000
v 0.991739275 -0.066167550 -0.467370600 1.000000 1.000000 1.000000
v 0.985535238 0.002988200 -0.392065425 1.000000 1.000000 1.000000
v 0.664226338 -0.067254875 -0.464184575 1.000000 1.000000 1.000000
v 0.664226338 -0.067254875 -0.464184575 1.000000 1.000000 1.000000
v 0.985535238 0.002988200 -0.392065425 1.000000 1.000000 1.000000
v 0.664222150 0.002988100 -0.391281125 1.000000 1.000000 1.000000
v -0.886756900 -0.843235588 -0.463745113 1.000000 1.000000 1.000000
v -0.784172825 -0.900847813 -0.463742062 1.000000 1.000000 1.000000
v -0.667245863 -0.880198100 -0.463638300 1.000000 1.000000 1.000000
v -0.786248400 -0.906714250 -0.466271975 1.000000 1.000000 1.000000
v -0.890811925 -0.847994038 -0.466281125 1.000000 1.000000 1.000000
v -0.784172825 -0.900847813 -0.463742062 1.000000 1.000000 1.000000
v -0.666496663 -0.920743375 -0.463763425 1.000000 1.000000 1.000000
v -0.667011262 -0.926870725 -0.466305538 1.000000 1.000000 1.000000
v -0.786248400 -0.906714250 -0.466271975 1.000000 1.000000 1.000000
v -0.997946925 -0.638251638 -0.463775638 1.000000 1.000000 1.000000
v -0.886756900 -0.843235588 -0.463745113 1.000000 1.000000 1.000000
v -0.960147475 -0.750965450 -0.463760375 1.000000 1.000000 1.000000
v -0.890811925 -0.847994038 -0.466281125 1.000000 1.000000 1.000000
v -0.965737538 -0.753798338 -0.466323850 1.000000 1.000000 1.000000
v -1.004042438 -0.639587350 -0.466339113 1.000000 1.000000 1.000000
v -0.965737538 -0.753798338 -0.466323850 1.000000 1.000000 1.000000
v -0.675070575 -0.903193088 -0.617385863 1.000000 1.000000 1.000000
v -0.691249088 -0.926001925 -0.574484250 1.000000 1.000000 1.000000
v -0.691279988 -0.926028637 -0.617385863 1.000000 1.000000 1.000000
v -0.674636075 -0.901166150 -0.537603763 1.000000 1.000000 1.000000
v 0.799742125 -0.865748600 -0.464865113 1.000000 1.000000 1.000000
v 0.887954325 -0.799961137 -0.464855962 1.000000 1.000000 1.000000
v 0.664244275 -0.879858775 -0.464971925 1.000000 1.000000 1.000000
v 0.892275425 -0.804447175 -0.467419438 1.000000 1.000000 1.000000
v 0.802617075 -0.871318050 -0.467434688 1.000000 1.000000 1.000000
v 0.887954325 -0.799961137 -0.464855962 1.000000 1.000000 1.000000
v 0.959721563 -0.710834075 -0.464834600 1.000000 1.000000 1.000000
v 0.892275425 -0.804447175 -0.467419438 1.000000 1.000000 1.000000
v 0.965430838 -0.713588288 -0.467398075 1.000000 1.000000 1.000000
v 0.959721563 -0.710834075 -0.464834600 1.000000 1.000000 1.000000
v 0.985615925 -0.595351938 -0.464822388 1.000000 1.000000 1.000000
v 0.991786000 -0.596035238 -0.467382813 1.000000 1.000000 1.000000
v 0.965430838 -0.713588288 -0.467398075 1.000000 1.000000 1.000000
v 0.694170950 -0.899846075 -0.464886475 1.000000 1.000000 1.000000
v 0.575121500 -0.920468712 -0.464865113 1.000000 1.000000 1.000000
v 0.575648875 -0.926593975 -0.467382813 1.000000 1.000000 1.000000
v 0.696074675 -0.905731388 -0.467401125 1.000000 1.000000 1.000000
v 0.799742125 -0.865748600 -0.464865113 1.000000 1.000000 1.000000
v 0.696074675 -0.905731388 -0.467401125 1.000000 1.000000 1.000000
v 0.802617075 -0.871318050 -0.467434688 1.000000 1.000000 1.000000
v -0.550955588 -0.904753688 -0.617385863 1.000000 1.000000 1.000000
v -0.565790175 -0.930179213 -0.574484250 1.000000 1.000000 1.000000
v -0.565795900 -0.930165288 -0.617385863 1.000000 1.000000 1.000000
v -0.550901037 -0.901725775 -0.537759400 1.000000 1.000000 1.000000
v -0.111255263 -0.930092238 -0.713659663 1.000000 1.000000 1.000000
v -0.175483137 -0.904521175 -0.617385863 1.000000 1.000000 1.000000
v -0.188955688 -0.930134963 -0.617385863 1.000000 1.000000 1.000000
v -0.098123938 -0.904557800 -0.713659663 1.000000 1.000000 1.000000
v -0.598758700 -0.904858400 -0.713659663 1.000000 1.000000 1.000000
v -0.613648987 -0.930004125 -0.762146000 1.000000 1.000000 1.000000
v -0.598949050 -0.902396200 -0.796954350 1.000000 1.000000 1.000000
v -0.613664250 -0.930057338 -0.713659663 1.000000 1.000000 1.000000
v 0.575121500 -0.920468712 -0.464865113 1.000000 1.000000 1.000000
v -0.667011262 -0.926870725 -0.466305538 1.000000 1.000000 1.000000
v 0.575648875 -0.926593975 -0.467382813 1.000000 1.000000 1.000000
v -0.666496663 -0.920743375 -0.463763425 1.000000 1.000000 1.000000
v -0.667212675 0.588107687 -0.465081788 1.000000 1.000000 1.000000
v -1.010834500 -0.519128088 -0.463787837 1.000000 1.000000 1.000000
v -1.016912463 0.585540388 -0.466366575 1.000000 1.000000 1.000000
v -1.017039875 -0.519462925 -0.466351313 1.000000 1.000000 1.000000
v -1.010703662 0.588107687 -0.463815312 1.000000 1.000000 1.000000
v -0.667212675 0.588107687 -0.465081788 1.000000 1.000000 1.000000
v -1.010834500 -0.519128088 -0.463787837 1.000000 1.000000 1.000000
v -0.997946925 -0.638251638 -0.463775638 1.000000 1.000000 1.000000
v -1.017039875 -0.519462925 -0.466351313 1.000000 1.000000 1.000000
v -1.004042438 -0.639587350 -0.466339113 1.000000 1.000000 1.000000
v 0.664226338 -0.067254875 -0.464184575 1.000000 1.000000 1.000000
v 0.985615925 -0.595351938 -0.464822388 1.000000 1.000000 1.000000
v 0.985552025 -0.067256075 -0.464794925 1.000000 1.000000 1.000000
v 0.664244275 -0.879858775 -0.464971925 1.000000 1.000000 1.000000
v 0.991786000 -0.596035238 -0.467382813 1.000000 1.000000 1.000000
v 0.991739275 -0.066167550 -0.467370600 1.000000 1.000000 1.000000
v 0.983098788 0.021637300 -0.832147213 1.000000 1.000000 1.000000
v 0.965099525 -0.519725375 -0.831912237 1.000000 1.000000 1.000000
v 0.983181763 -0.519432213 -0.832144163 1.000000 1.000000 1.000000
v 0.964958950 0.022940400 -0.831924438 1.000000 1.000000 1.000000
v 0.989264113 0.021638388 -0.834780888 1.000000 1.000000 1.000000
v 0.989346500 -0.519639538 -0.834783938 1.000000 1.000000 1.000000
v 0.983004763 0.480492400 -0.832147213 1.000000 1.000000 1.000000
v 0.983098788 0.021637300 -0.832147213 1.000000 1.000000 1.000000
v 0.964800263 0.480491925 -0.831936650 1.000000 1.000000 1.000000
v 0.989174075 0.480811163 -0.834780888 1.000000 1.000000 1.000000
v 0.983004763 0.480492400 -0.832147213 1.000000 1.000000 1.000000
v 0.983024413 0.493460463 -0.828869625 1.000000 1.000000 1.000000
v 0.989195637 0.494764375 -0.831253050 1.000000 1.000000 1.000000
v 0.964818188 0.493460275 -0.828659063 1.000000 1.000000 1.000000
v 0.989262388 0.505166100 -0.820989987 1.000000 1.000000 1.000000
v 0.983084875 0.502919812 -0.819534300 1.000000 1.000000 1.000000
v 0.964877513 0.502919575 -0.819326788 1.000000 1.000000 1.000000
v 0.989361388 0.510020638 -0.805953975 1.000000 1.000000 1.000000
v 0.983177187 0.507430125 -0.805566400 1.000000 1.000000 1.000000
v 0.964968875 0.507429937 -0.805358888 1.000000 1.000000 1.000000
v 0.983177187 0.507430125 -0.805566400 1.000000 1.000000 1.000000
v 0.989475250 0.508849150 -0.788797000 1.000000 1.000000 1.000000
v 0.983286862 0.506304787 -0.789086913 1.000000 1.000000 1.000000
v 0.965078350 0.506304600 -0.788879400 1.000000 1.000000 1.000000
v 0.985025975 0.437743050 -0.471871950 1.000000 1.000000 1.000000
v 0.991203875 0.440189025 -0.471127325 1.000000 1.000000 1.000000
v 0.966817288 0.437743425 -0.471673588 1.000000 1.000000 1.000000
v 0.985120587 0.431321000 -0.457833863 1.000000 1.000000 1.000000
v 0.985025975 0.437743050 -0.471871950 1.000000 1.000000 1.000000
v 0.991317175 0.433441400 -0.456378175 1.000000 1.000000 1.000000
v 0.966912075 0.431321525 -0.457632450 1.000000 1.000000 1.000000
v 0.985190387 0.420348738 -0.447558600 1.000000 1.000000 1.000000
v 0.991392325 0.421660425 -0.445343012 1.000000 1.000000 1.000000
v 0.985120587 0.431321000 -0.457833863 1.000000 1.000000 1.000000
v 0.966983225 0.420349175 -0.447357175 1.000000 1.000000 1.000000
v 0.985190387 0.420348738 -0.447558600 1.000000 1.000000 1.000000
v 0.991423800 0.408187913 -0.441314700 1.000000 1.000000 1.000000
v 0.985217288 0.407766050 -0.443795775 1.000000 1.000000 1.000000
v 0.967011450 0.407766487 -0.443594363 1.000000 1.000000 1.000000
v 0.991451450 0.002054600 -0.426022338 1.000000 1.000000 1.000000
v 0.985264588 0.003118175 -0.428573612 1.000000 1.000000 1.000000
v 0.967102438 0.003096300 -0.428350825 1.000000 1.000000 1.000000
v 0.985217288 0.407766050 -0.443795775 1.000000 1.000000 1.000000
v -0.236867900 -0.930083663 -0.713659663 1.000000 1.000000 1.000000
v -0.300639725 -0.904580313 -0.617385863 1.000000 1.000000 1.000000
v -0.314586262 -0.930165100 -0.617385863 1.000000 1.000000 1.000000
v -0.223281475 -0.904605675 -0.713659663 1.000000 1.000000 1.000000
v -0.736161800 -0.917227938 -0.713659663 1.000000 1.000000 1.000000
v -0.786039350 -0.881778338 -0.617385863 1.000000 1.000000 1.000000
v -0.809326550 -0.901158900 -0.617385863 1.000000 1.000000 1.000000
v -0.717378238 -0.894704438 -0.713659663 1.000000 1.000000 1.000000
v -0.362473675 -0.930074888 -0.713659663 1.000000 1.000000 1.000000
v -0.425797275 -0.904657938 -0.617385863 1.000000 1.000000 1.000000
v -0.440199275 -0.930174063 -0.617385863 1.000000 1.000000 1.000000
v -0.348439413 -0.904671863 -0.713659663 1.000000 1.000000 1.000000
v -1.011578375 0.548853450 -0.573620600 1.000000 1.000000 1.000000
v -0.992715075 0.548787400 -0.500982663 1.000000 1.000000 1.000000
v -1.010976025 0.548841713 -0.500787350 1.000000 1.000000 1.000000
v -0.993372350 0.548859600 -0.573828125 1.000000 1.000000 1.000000
v -1.017744825 0.551414113 -0.572952275 1.000000 1.000000 1.000000
v -1.017141725 0.551410725 -0.498156738 1.000000 1.000000 1.000000
v -0.488072588 -0.930066113 -0.713659663 1.000000 1.000000 1.000000
v -0.550955588 -0.904753688 -0.617385863 1.000000 1.000000 1.000000
v -0.565795900 -0.930165288 -0.617385863 1.000000 1.000000 1.000000
v -0.473598475 -0.904756163 -0.713659663 1.000000 1.000000 1.000000
v -1.013172912 0.642335125 -0.831701663 1.000000 1.000000 1.000000
v -0.994383238 0.642341325 -0.762451175 1.000000 1.000000 1.000000
v -1.012589263 0.642335075 -0.762246700 1.000000 1.000000 1.000000
v -0.994966888 0.642341325 -0.831903075 1.000000 1.000000 1.000000
v -1.018755338 0.644895750 -0.761575313 1.000000 1.000000 1.000000
v -1.019380950 0.644895787 -0.834188838 1.000000 1.000000 1.000000
v -0.613664250 -0.930057338 -0.713659663 1.000000 1.000000 1.000000
v -0.675070575 -0.903193088 -0.617385863 1.000000 1.000000 1.000000
v -0.691279988 -0.926028637 -0.617385863 1.000000 1.000000 1.000000
v -0.598758700 -0.904858400 -0.713659663 1.000000 1.000000 1.000000
v -0.804245375 -0.894352150 -0.831552125 1.000000 1.000000 1.000000
v -0.671358488 -0.920411488 -0.831582638 1.000000 1.000000 1.000000
v -0.669584650 -0.902330013 -0.831582638 1.000000 1.000000 1.000000
v -0.671981812 -0.926596263 -0.834133913 1.000000 1.000000 1.000000
v -0.806674200 -0.900182913 -0.834109500 1.000000 1.000000 1.000000
v -0.821397788 -0.861615175 -0.831677250 1.000000 1.000000 1.000000
v -0.913929363 -0.821057513 -0.831561275 1.000000 1.000000 1.000000
v -0.804245375 -0.894352150 -0.831552125 1.000000 1.000000 1.000000
v -0.806674200 -0.900182913 -0.834109500 1.000000 1.000000 1.000000
v -0.918412013 -0.825515563 -0.834124750 1.000000 1.000000 1.000000
v -0.909595488 -0.795694688 -0.831799312 1.000000 1.000000 1.000000
v -0.987220388 -0.711372900 -0.831576538 1.000000 1.000000 1.000000
v -0.913929363 -0.821057513 -0.831561275 1.000000 1.000000 1.000000
v -0.918412013 -0.825515563 -0.834124750 1.000000 1.000000 1.000000
v -0.993075563 -0.713776638 -0.834140013 1.000000 1.000000 1.000000
v -0.970541763 -0.704512737 -0.831900025 1.000000 1.000000 1.000000
v -1.013269037 -0.578474475 -0.831588750 1.000000 1.000000 1.000000
v -0.987220388 -0.711372900 -0.831576538 1.000000 1.000000 1.000000
v -0.995186613 -0.576725150 -0.831942750 1.000000 1.000000 1.000000
v -1.019477463 -0.579071375 -0.834152225 1.000000 1.000000 1.000000
v -0.993075563 -0.713776638 -0.834140013 1.000000 1.000000 1.000000
v -1.013172912 0.642335125 -0.831701663 1.000000 1.000000 1.000000
v -0.994966888 0.642341325 -0.831903075 1.000000 1.000000 1.000000
v -1.013269037 -0.578474475 -0.831588750 1.000000 1.000000 1.000000
v -1.019477463 -0.579071375 -0.834152225 1.000000 1.000000 1.000000
v -1.019380950 0.644895787 -0.834188838 1.000000 1.000000 1.000000
v 0.957384300 0.530066163 -0.855862425 1.000000 1.000000 1.000000
v 0.969684225 0.521844200 -0.957266238 1.000000 1.000000 1.000000
v 0.976222612 0.530066200 -0.955221563 1.000000 1.000000 1.000000
v 0.947953600 0.521844200 -0.829214475 1.000000 1.000000 1.000000
v 0.980212788 0.530066200 -0.964315800 1.000000 1.000000 1.000000
v 0.975142675 0.521844200 -0.968923950 1.000000 1.000000 1.000000
v 0.985710150 0.521844200 -0.975164800 1.000000 1.000000 1.000000
v 0.987298200 0.530066200 -0.968502813 1.000000 1.000000 1.000000
v 0.998554800 0.521844200 -0.974319463 1.000000 1.000000 1.000000
v 0.996299175 0.530066200 -0.967852788 1.000000 1.000000 1.000000
v 1.003752512 0.530066200 -0.962762450 1.000000 1.000000 1.000000
v 1.009139825 0.521844200 -0.966995237 1.000000 1.000000 1.000000
v 1.006698612 0.530066200 -0.955081175 1.000000 1.000000 1.000000
v 1.013533975 0.521844200 -0.955535887 1.000000 1.000000 1.000000
v 1.010559850 0.521844200 -0.943011475 1.000000 1.000000 1.000000
v 1.004168125 0.530066200 -0.945474238 1.000000 1.000000 1.000000
v 0.957384300 0.530066163 -0.855862425 1.000000 1.000000 1.000000
v 0.947953600 0.521844200 -0.829214475 1.000000 1.000000 1.000000
v 0.983181763 -0.519432213 -0.832144163 1.000000 1.000000 1.000000
v 0.958065037 -0.635534238 -0.831933600 1.000000 1.000000 1.000000
v 0.975060850 -0.640127038 -0.832260138 1.000000 1.000000 1.000000
v 0.989346500 -0.519639538 -0.834783938 1.000000 1.000000 1.000000
v 0.981155962 -0.641381688 -0.834823613 1.000000 1.000000 1.000000
v 0.975060850 -0.640127038 -0.832260138 1.000000 1.000000 1.000000
v 0.921464725 -0.740873675 -0.831985475 1.000000 1.000000 1.000000
v 0.936688425 -0.749686100 -0.832272338 1.000000 1.000000 1.000000
v 0.981155962 -0.641381688 -0.834823613 1.000000 1.000000 1.000000
v 0.942123225 -0.752826925 -0.834832763 1.000000 1.000000 1.000000
v 0.864431375 -0.834282113 -0.832284550 1.000000 1.000000 1.000000
v 0.852742388 -0.820850188 -0.832086188 1.000000 1.000000 1.000000
v 0.936688425 -0.749686100 -0.832272338 1.000000 1.000000 1.000000
v 0.868507000 -0.839014625 -0.834848025 1.000000 1.000000 1.000000
v 0.942123225 -0.752826925 -0.834832763 1.000000 1.000000 1.000000
v 0.864431375 -0.834282113 -0.832284550 1.000000 1.000000 1.000000
v 0.760810475 -0.879173475 -0.832205200 1.000000 1.000000 1.000000
v 0.766700750 -0.896066662 -0.832293700 1.000000 1.000000 1.000000
v 0.868507000 -0.839014625 -0.834848025 1.000000 1.000000 1.000000
v 0.769005963 -0.901918025 -0.834860225 1.000000 1.000000 1.000000
v 0.766700750 -0.896066662 -0.832293700 1.000000 1.000000 1.000000
v 0.650884438 -0.900358588 -0.832257075 1.000000 1.000000 1.000000
v 0.641299063 -0.920625500 -0.832260138 1.000000 1.000000 1.000000
v 0.641876987 -0.926812750 -0.834835813 1.000000 1.000000 1.000000
v 0.769005963 -0.901918025 -0.834860225 1.000000 1.000000 1.000000
v 0.641299063 -0.920625500 -0.832260138 1.000000 1.000000 1.000000
v -0.671358488 -0.920411488 -0.831582638 1.000000 1.000000 1.000000
v 0.641876987 -0.926812750 -0.834835813 1.000000 1.000000 1.000000
v -0.671981812 -0.926596263 -0.834133913 1.000000 1.000000 1.000000
v -0.667245863 -0.880198100 -0.463638300 1.000000 1.000000 1.000000
v 0.664244275 -0.879858775 -0.464971925 1.000000 1.000000 1.000000
v 0.662151913 -0.880197913 -0.867477413 1.000000 1.000000 1.000000
v -0.667245863 -0.880198100 -0.463638300 1.000000 1.000000 1.000000
v 0.662151913 -0.880197913 -0.867477413 1.000000 1.000000 1.000000
v -0.669338225 -0.879858588 -0.866143800 1.000000 1.000000 1.000000
v -0.043854900 -1.019711875 -0.177777100 1.000000 1.000000 1.000000
v -0.026775175 -0.868390275 0.326333613 1.000000 1.000000 1.000000
v -0.024933625 -0.875546650 -0.189956663 1.000000 1.000000 1.000000
v -0.045681000 -1.012553975 0.339532475 1.000000 1.000000 1.000000
v -0.047114188 -1.029422763 -0.176971437 1.000000 1.000000 1.000000
v -0.048940275 -1.022264675 0.340341188 1.000000 1.000000 1.000000
v -0.054194638 -1.034540937 -0.176669313 1.000000 1.000000 1.000000
v -0.056020550 -1.027382850 0.340643313 1.000000 1.000000 1.000000
v -0.065449713 -1.027560038 0.340438838 1.000000 1.000000 1.000000
v -0.063623813 -1.034717937 -0.176870725 1.000000 1.000000 1.000000
v -0.073688888 -1.022959138 0.339828487 1.000000 1.000000 1.000000
v -0.071862788 -1.030117225 -0.177481075 1.000000 1.000000 1.000000
v -0.077537913 -1.015104300 0.339022825 1.000000 1.000000 1.000000
v -0.075711825 -1.022262388 -0.178286738 1.000000 1.000000 1.000000
v -0.075861925 -1.005002400 0.338143925 1.000000 1.000000 1.000000
v -0.074036025 -1.012160112 -0.179168700 1.000000 1.000000 1.000000
v -0.026775175 -0.868390275 0.326333613 1.000000 1.000000 1.000000
v -0.024933625 -0.875546650 -0.189956663 1.000000 1.000000 1.000000

vn -0.660958 -0.442110 -0.606253
vn -0.660958 -0.442110 -0.606253
vn -0.660958 -0.442110 -0.606253
vn -0.660958 -0.442110 -0.606253
vn -0.778203 -0.151930 -0.609184
vn -0.778203 -0.151930 -0.609184
vn -0.778203 -0.151930 -0.609184
vn -0.778203 -0.151930 -0.609184
vn -0.774295 -0.018075 -0.632633
vn -0.774295 -0.018075 -0.632633
vn -0.774295 -0.018075 -0.632633
vn -0.774295 -0.018075 -0.632633
vn -0.786996 0.000489 -0.617000
vn -0.786996 0.000489 -0.617000
vn -0.786996 0.000489 -0.617000
vn -0.786996 0.000489 -0.617000
vn -0.787973 0.000489 -0.615046
vn -0.787973 0.000489 -0.616023
vn -0.787973 0.000489 -0.616023
vn -0.787973 0.000489 -0.616023
vn -0.744007 0.667807 0.004397
vn -0.744007 0.667807 0.004397
vn -0.744007 0.667807 0.004397
vn -0.905218 0.424524 0.004397
vn -0.905218 0.424524 0.004397
vn -0.905218 0.424524 0.004397
vn -0.433308 -0.617000 -0.656082
vn -0.433308 -0.617000 -0.656082
vn -0.433308 -0.617000 -0.656082
vn -0.433308 -0.617000 -0.656082
vn -0.874930 -0.475330 -0.096238
vn -0.971657 -0.212506 0.106009
vn -0.972634 -0.213483 -0.094284
vn -0.618945 -0.336590 -0.708842
vn -0.692223 -0.151930 -0.704934
vn -0.873953 -0.474353 0.105032
vn -0.616991 -0.334636 0.711773
vn -0.687338 -0.149976 0.709819
vn -0.918897 -0.376649 0.117733
vn -0.702971 -0.703957 -0.105032
vn -0.702971 -0.702003 0.115779
vn -0.647280 -0.265266 0.714704
vn -0.494861 -0.494871 0.713727
vn -0.919874 -0.377626 -0.103078
vn -0.497793 -0.497802 -0.709819
vn -0.651188 -0.267220 -0.709819
vn -0.993152 -0.019052 0.116756
vn -0.647280 -0.265266 0.714704
vn -0.701994 -0.014167 0.711773
vn -0.919874 -0.377626 -0.103078
vn -0.995106 -0.019052 -0.101124
vn -0.651188 -0.267220 -0.709819
vn -0.709810 -0.013190 -0.703957
vn -0.873953 -0.485100 0.018075
vn -0.831940 -0.555447 0.004397
vn -0.873953 -0.485100 0.018075
vn -0.831940 -0.555447 0.003420
vn -0.911080 -0.412799 0.019052
vn -0.911080 -0.412799 0.019052
vn -0.943323 -0.332682 0.005374
vn -0.943323 -0.332682 0.006351
vn -0.986312 -0.165608 0.010259
vn -0.980450 -0.194919 0.005374
vn -0.980450 -0.193942 0.005374
vn -0.986312 -0.165608 0.010259
vn -0.990221 -0.137274 0.011236
vn -0.990221 -0.137274 0.011236
vn -0.994129 -0.108940 0.005374
vn -0.994129 -0.108940 0.005374
vn -0.999991 0.000489 0.023937
vn -0.998037 0.056180 0.006351
vn -0.999991 0.000489 0.006351
vn -0.999991 0.000489 0.004397
vn -0.998037 0.064973 0.000489
vn -0.998037 0.053249 0.023937
vn -0.985335 -0.000489 0.173424
vn -0.935506 0.353200 0.004397
vn -0.932575 0.361016 -0.008305
vn -0.935506 0.351246 0.027846
vn -0.982404 0.063019 0.175379
vn -0.824124 0.000489 0.566194
vn -0.911080 0.364924 0.191011
vn -0.711764 0.702980 0.003420
vn -0.710787 0.702980 -0.013190
vn -0.711764 0.702003 0.030777
vn -0.695155 0.691255 0.197850
vn -0.761593 0.320958 0.562286
vn -0.826078 0.056180 0.560332
vn -0.475321 0.000489 0.879824
vn -0.487045 0.030777 0.872985
vn -0.016112 -0.000489 1.000000
vn -0.466527 0.200782 0.861260
vn -0.585726 0.584758 0.561309
vn -0.322903 0.759648 0.565217
vn -0.009273 0.003420 1.000000
vn -0.018066 0.000489 1.000000
vn -0.000479 0.053249 0.999023
vn -0.000479 -0.000489 1.000000
vn -0.006342 0.006351 1.000000
vn -0.363938 0.362970 0.858329
vn -0.000479 0.050318 0.999023
vn -0.000479 -0.000489 1.000000
vn -0.000479 -0.000489 1.000000
vn -0.000479 0.000489 1.000000
vn -0.000479 -0.000489 1.000000
vn -0.200773 0.465559 0.862237
vn -0.004388 0.009282 1.000000
vn -0.009273 0.477284 0.878847
vn -0.000479 0.473376 0.880801
vn -0.018066 0.822179 0.569126
vn -0.000479 0.821202 0.570103
vn -0.000479 0.983390 0.179287
vn -0.021974 0.983390 0.180264
vn -0.000479 1.000000 0.026869
vn -0.369800 0.908158 0.194919
vn -0.020020 0.999023 0.026869
vn -0.361984 0.931607 0.029800
vn -0.020997 1.000000 0.009282
vn -0.000479 1.000000 0.008305
vn -0.362961 0.931607 0.005374
vn -0.368823 0.929653 -0.007328
vn -0.023928 1.000000 0.005374
vn -0.000479 1.000000 0.006351
vn -0.645326 -0.757694 -0.098192
vn -0.873953 -0.474353 0.105032
vn -0.874930 -0.475330 -0.096238
vn -0.455780 -0.535906 -0.710796
vn -0.618945 -0.336590 -0.708842
vn -0.644349 -0.757694 0.104055
vn -0.616991 -0.334636 0.711773
vn -0.455780 -0.533952 0.712750
vn -0.805560 -0.174402 -0.566194
vn -0.805560 -0.174402 -0.566194
vn -0.805560 -0.174402 -0.566194
vn -0.805560 -0.174402 -0.566194
vn -0.999991 -0.004397 0.004397
vn -0.999991 -0.000489 0.005374
vn -0.999991 -0.000489 0.005374
vn -0.999991 -0.004397 0.004397
vn -0.999991 -0.009282 0.004397
vn -0.999991 -0.009282 0.004397
vn -0.999991 -0.014167 0.005374
vn -0.999991 -0.014167 0.005374
vn -0.999991 -0.000489 0.005374
vn -0.999991 -0.000489 0.005374
vn -0.999991 -0.000489 0.005374
vn -0.999991 -0.000489 0.005374
vn -0.999991 -0.000489 0.005374
vn -0.999991 -0.000489 0.005374
vn -0.999991 -0.000489 0.005374
vn -0.999991 -0.000489 0.005374
vn -0.999991 -0.000489 0.005374
vn -0.999991 -0.000489 0.005374
vn -0.999991 -0.000489 0.005374
vn -0.999991 -0.000489 0.005374
vn -0.999991 -0.000489 0.005374
vn -0.999991 0.000489 0.005374
vn -0.999991 -0.005374 0.003420
vn -0.994129 -0.006351 0.109917
vn -0.993152 -0.109917 -0.032731
vn -0.999991 0.000489 0.008305
vn -0.722512 -0.040547 0.690278
vn -0.720558 -0.654128 -0.229116
vn -0.993152 -0.109917 -0.032731
vn -0.999991 -0.006351 0.004397
vn -0.994129 -0.101124 -0.029800
vn -0.719581 -0.655105 -0.228139
vn -0.993152 -0.019052 0.116756
vn -0.701994 -0.014167 0.711773
vn -0.994129 -0.006351 0.109917
vn -0.995106 -0.019052 -0.101124
vn -0.709810 -0.013190 -0.703957
vn -0.935506 0.028823 -0.351246
vn -0.735213 0.055203 -0.675623
vn -0.707856 0.674646 0.206644
vn -0.735213 0.055203 -0.675623
vn -0.923782 0.364924 0.116756
vn -0.709810 0.674646 0.202736
vn -0.707856 0.674646 0.206644
vn -0.923782 0.365901 0.114802
vn -0.995106 0.008305 0.099169
vn -0.923782 0.365901 0.114802
vn -0.733259 0.064973 0.676600
vn -0.996083 -0.006351 -0.083537
vn -0.999991 -0.006351 0.004397
vn -0.737167 -0.047386 -0.674646
vn -0.719581 -0.655105 -0.228139
vn -0.996083 -0.010259 -0.092330
vn -0.713718 -0.007328 -0.700049
vn -0.996083 -0.006351 -0.083537
vn -0.994129 -0.010259 0.106986
vn -0.995106 0.008305 0.099169
vn -0.703948 -0.007328 0.710796
vn -0.733259 0.064973 0.676600
vn -0.687338 -0.149976 0.709819
vn -0.703948 -0.007328 0.710796
vn -0.971657 -0.212506 0.106009
vn -0.996083 -0.010259 -0.092330
vn -0.972634 -0.213483 -0.094284
vn -0.692223 -0.151930 -0.704934
vn -0.713718 -0.007328 -0.700049
vn -0.642394 -0.765510 0.018075
vn -0.555438 -0.831949 0.001466
vn -0.642394 -0.765510 0.018075
vn -0.555438 -0.831949 0.001466
vn -0.720558 -0.693210 0.019052
vn -0.720558 -0.693210 0.019052
vn -0.794813 -0.607230 0.003420
vn -0.794813 -0.607230 0.004397
vn -0.748892 -0.298486 -0.591597
vn -0.748892 -0.298486 -0.591597
vn -0.748892 -0.298486 -0.591597
vn -0.748892 -0.298486 -0.591597
vn -0.735213 0.055203 -0.675623
vn -0.387387 0.882755 0.266243
vn -0.382502 0.923791 0.001466
vn -0.707856 0.674646 0.206644
vn -0.008296 -0.000489 -1.000000
vn -0.735213 0.055203 -0.675623
vn -0.385433 0.000489 -0.922814
vn -0.709810 -0.013190 -0.703957
vn -0.816307 0.512457 0.266243
vn -0.816307 0.512457 0.266243
vn -0.816307 0.512457 0.266243
vn -0.816307 0.512457 0.266243
vn -0.216405 -0.976551 0.019052
vn -0.427446 -0.904250 -0.013190
vn -0.026860 -0.999023 -0.022960
vn -0.427446 -0.904250 -0.013190
vn -0.723489 -0.690278 0.015144
vn -0.723489 -0.690278 0.015144
vn -0.928667 -0.371764 0.007328
vn -0.928667 -0.371764 0.007328
vn -0.999991 -0.018075 0.013190
vn -0.999991 -0.018075 0.013190
vn -0.999991 -0.001466 0.014167
vn -0.999991 -0.001466 0.014167
vn -0.999991 -0.001466 0.013190
vn -0.999991 -0.001466 0.013190
vn -0.999991 -0.000489 0.006351
vn -0.999991 -0.000489 0.006351
vn -0.999991 -0.002443 0.005374
vn -0.999991 -0.002443 0.005374
vn -0.999991 0.000489 0.007328
vn -0.999991 0.000489 0.007328
vn -0.999991 0.000489 0.007328
vn -0.999991 -0.012213 0.006351
vn -0.999991 0.000489 0.006351
vn -0.999991 -0.012213 0.006351
vn -0.974588 -0.225208 0.005374
vn -0.974588 -0.225208 0.005374
vn -0.877861 -0.478261 0.011236
vn -0.877861 -0.478261 0.011236
vn -0.666820 -0.745970 -0.003420
vn -0.837802 0.083537 -0.539814
vn -0.837802 0.083537 -0.539814
vn -0.837802 0.083537 -0.539814
vn -0.837802 0.083537 -0.539814
vn -0.217382 -0.724475 -0.654128
vn -0.217382 -0.724475 -0.654128
vn -0.217382 -0.724475 -0.654128
vn -0.217382 -0.724475 -0.654128
vn -0.739121 -0.316072 -0.594529
vn -0.739121 -0.316072 -0.594529
vn -0.739121 -0.316072 -0.594529
vn -0.739121 -0.316072 -0.594529
vn -0.733259 0.064973 0.676600
vn -0.387387 0.883732 0.261358
vn -0.709810 0.674646 0.202736
vn -0.382502 0.923791 0.001466
vn -0.330719 -0.938447 -0.099169
vn -0.644349 -0.757694 0.104055
vn -0.645326 -0.757694 -0.098192
vn -0.455780 -0.535906 -0.710796
vn -0.233992 -0.663898 -0.709819
vn -0.331696 -0.938447 0.101124
vn -0.455780 -0.533952 0.712750
vn -0.233015 -0.662921 0.711773
vn -0.964818 -0.263312 -0.004397
vn -0.964818 -0.263312 -0.004397
vn -0.964818 -0.263312 -0.004397
vn -0.964818 -0.263312 -0.004397
vn -0.938437 -0.345383 0.009282
vn -0.938437 -0.345383 0.009282
vn -0.938437 -0.345383 0.009282
vn -0.938437 -0.345383 0.009282
vn -0.993152 -0.118710 0.018075
vn -0.993152 -0.118710 0.018075
vn -0.993152 -0.118710 0.018075
vn -0.993152 -0.118710 0.018075
vn 0.000498 -0.013190 1.000000
vn -0.000479 -0.004397 1.000000
vn -0.000479 -0.000489 1.000000
vn -0.000479 -0.000489 1.000000
vn -0.000479 -0.000489 1.000000
vn -0.000479 -0.000489 1.000000
vn -0.000479 0.013190 1.000000
vn -0.000479 0.000489 1.000000
vn -0.000479 0.000489 1.000000
vn -0.000479 0.004397 1.000000
vn 0.000498 0.014167 1.000000
vn -0.000479 0.473376 0.880801
vn 0.003429 0.004397 1.000000
vn 0.009291 0.477284 0.878847
vn -0.000479 0.821202 0.570103
vn 0.004406 0.000489 1.000000
vn 0.474362 0.040547 0.878847
vn 0.018084 0.822179 0.569126
vn 0.021992 0.983390 0.180264
vn 0.000498 0.002443 1.000000
vn 0.321944 0.759648 0.565217
vn 0.368842 0.909135 0.194919
vn 0.695173 0.691255 0.197850
vn 0.200791 0.465559 0.862237
vn 0.585744 0.584758 0.561309
vn 0.363956 0.362970 0.858329
vn 0.001475 0.001466 1.000000
vn 0.761611 0.320958 0.562286
vn 0.911098 0.364924 0.191011
vn 0.466545 0.200782 0.861260
vn 0.002452 0.000489 1.000000
vn 0.487063 0.030777 0.872985
vn 0.823165 0.040547 0.566194
vn 0.826096 0.056180 0.560332
vn 0.983399 0.039570 0.174402
vn 0.982422 0.063996 0.175379
vn 0.999032 0.043478 0.022960
vn 0.020038 0.999023 0.026869
vn -0.000479 0.983390 0.179287
vn -0.000479 1.000000 0.026869
vn -0.000479 1.000000 0.008305
vn 0.021015 1.000000 0.009282
vn -0.000479 1.000000 0.006351
vn 0.023947 1.000000 0.005374
vn 0.367864 0.929653 -0.007328
vn 0.361025 0.932584 0.029800
vn 0.362002 0.932584 0.005374
vn 0.710805 0.703957 -0.013190
vn 0.711782 0.702980 0.003420
vn 0.932593 0.360039 -0.008305
vn 0.711782 0.702003 0.030777
vn 0.935524 0.352223 0.004397
vn 0.999032 0.050318 0.005374
vn 0.999032 0.043478 0.006351
vn 0.936502 0.350269 0.027846
vn 1.000009 -0.003420 0.019052
vn 1.000009 -0.003420 0.006351
vn 0.427464 -0.647289 -0.630679
vn 0.427464 -0.647289 -0.630679
vn 0.427464 -0.647289 -0.630679
vn 0.427464 -0.647289 -0.630679
vn 0.427464 -0.647289 -0.630679
vn -0.368823 -0.929653 -0.014167
vn -0.460665 -0.887640 -0.014167
vn -0.460665 -0.887640 -0.014167
vn -0.553484 -0.832926 0.003420
vn -0.553484 -0.832926 0.003420
vn -0.368823 -0.929653 -0.014167
vn -0.272096 -0.961895 0.000489
vn -0.272096 -0.961895 0.001466
vn 0.614078 -0.493894 -0.616023
vn 0.614078 -0.493894 -0.616023
vn 0.614078 -0.493894 -0.616023
vn 0.614078 -0.493894 -0.616023
vn -0.736190 -0.328774 -0.592574
vn -0.736190 -0.328774 -0.592574
vn -0.736190 -0.328774 -0.592574
vn -0.736190 -0.328774 -0.592574
vn -0.927690 -0.373718 -0.005374
vn -0.927690 -0.373718 -0.005374
vn -0.927690 -0.373718 -0.005374
vn -0.927690 -0.373718 -0.005374
vn -0.999014 0.034685 -0.009282
vn -0.999014 0.034685 -0.009282
vn -0.999014 0.034685 -0.009282
vn -0.999014 0.034685 -0.009282
vn -0.060079 -0.769419 -0.635564
vn -0.060079 -0.769419 -0.636541
vn -0.061056 -0.769419 -0.635564
vn -0.060079 -0.769419 -0.636541
vn -0.702971 -0.702003 0.115779
vn -0.377617 -0.919883 -0.108940
vn -0.377617 -0.918906 0.112848
vn -0.702971 -0.703957 -0.105032
vn -0.494861 -0.494871 0.713727
vn -0.266234 -0.648266 0.713727
vn -0.267211 -0.650220 -0.710796
vn -0.497793 -0.497802 -0.709819
vn -0.018066 -0.994138 -0.107963
vn -0.267211 -0.650220 -0.710796
vn -0.013181 -0.706888 -0.706888
vn -0.018066 -0.994138 0.107963
vn -0.266234 -0.648266 0.713727
vn -0.012204 -0.706888 0.707865
vn 0.150962 -0.774304 -0.614069
vn 0.150962 -0.774304 -0.614069
vn 0.150962 -0.774304 -0.614069
vn 0.150962 -0.774304 -0.614069
vn 0.751841 0.107963 0.650220
vn 0.380566 -0.000489 0.924768
vn 0.669770 -0.000489 0.742061
vn 0.759657 0.037616 0.649243
vn 0.934547 0.137274 0.327797
vn 0.852476 0.308256 0.422570
vn 0.951157 -0.000489 0.307279
vn 0.394245 0.098192 0.914021
vn 0.422579 0.504641 0.752809
vn 0.045441 0.497802 0.866146
vn 0.903282 -0.000489 0.428432
vn 0.759657 -0.037616 0.649243
vn 0.934547 -0.137274 0.327797
vn 0.669770 -0.000489 0.742061
vn 0.751841 -0.107963 0.650220
vn 0.852476 -0.308256 0.422570
vn 0.380566 -0.000489 0.924768
vn 0.394245 -0.098192 0.914021
vn 0.422579 -0.504641 0.752809
vn 0.045441 -0.497802 0.866146
vn 0.073776 0.000489 0.997069
vn 0.065959 -0.115779 0.991207
vn -0.000479 -0.123595 0.992184
vn -0.000479 -0.490962 0.871031
vn -0.000479 0.000489 1.000000
vn -0.001456 -0.000489 1.000000
vn -0.001456 -0.000489 1.000000
vn 0.073776 -0.000489 0.997069
vn -0.000479 -0.000489 1.000000
vn 0.065959 0.115779 0.991207
vn -0.000479 0.123595 0.992184
vn -0.000479 0.490962 0.871031
vn 0.394245 0.098192 0.914021
vn 0.073776 -0.000489 0.997069
vn 0.380566 -0.000489 0.924768
vn 0.852476 0.308256 0.422570
vn 0.422579 0.504641 0.752809
vn 0.045441 0.497802 0.866146
vn 0.751841 0.107963 0.650220
vn 0.934547 0.137274 0.327797
vn 0.759657 0.037616 0.649243
vn 0.065959 0.115779 0.991207
vn -0.000479 0.123595 0.992184
vn -0.000479 0.490962 0.871031
vn -0.001456 0.000489 1.000000
vn -0.001456 -0.000489 1.000000
vn 0.951157 -0.000489 0.307279
vn 0.073776 0.000489 0.997069
vn -0.001456 0.000489 1.000000
vn -0.001456 0.000489 1.000000
vn 0.065959 -0.115779 0.991207
vn -0.000479 -0.123595 0.992184
vn 0.045441 -0.497802 0.866146
vn -0.000479 -0.490962 0.871031
vn 0.394245 -0.098192 0.914021
vn 0.422579 -0.504641 0.752809
vn 0.852476 -0.308256 0.422570
vn 0.380566 -0.000489 0.924768
vn 0.751841 -0.107963 0.650220
vn 0.934547 -0.137274 0.327797
vn 0.669770 -0.000489 0.742061
vn 0.669770 -0.000489 0.742061
vn 0.759657 -0.037616 0.649243
vn 0.903282 -0.000489 0.428432
vn 0.761611 -0.261358 -0.593552
vn 0.761611 -0.262335 -0.593552
vn 0.761611 -0.262335 -0.593552
vn 0.761611 -0.262335 -0.593552
vn -0.926713 -0.375672 0.010259
vn -0.926713 -0.375672 0.010259
vn -0.926713 -0.375672 0.010259
vn -0.926713 -0.375672 0.010259
vn -0.771364 0.354177 -0.529067
vn -0.771364 0.354177 -0.529067
vn -0.771364 0.354177 -0.529067
vn -0.771364 0.354177 -0.529067
vn 0.774313 -0.065950 0.629702
vn 0.830981 -0.263312 0.490962
vn 0.882764 -0.152907 0.444064
vn 0.749887 -0.000489 0.660967
vn 0.664884 -0.000489 0.746947
vn 0.903282 -0.000489 0.429409
vn 0.867132 0.185149 0.462628
vn 0.758680 0.111871 0.641426
vn 0.685402 0.068881 0.725452
vn 0.387405 0.067904 0.918906
vn 0.744025 0.235955 0.625794
vn 0.790923 0.335613 0.511480
vn 0.450913 0.439179 0.777235
vn 0.413785 0.206644 0.886663
vn 0.163663 0.450904 0.876893
vn 0.156824 0.171470 0.972643
vn 0.139237 0.048363 0.989253
vn 0.028832 0.432340 0.901319
vn 0.008314 0.045432 0.999023
vn 0.000498 0.433317 0.901319
vn 0.000498 0.132389 0.991207
vn 0.000498 0.433317 0.901319
vn -0.025882 -0.043478 0.999023
vn -0.000479 0.081583 0.997069
vn -0.007319 -0.068881 0.998046
vn -0.208589 -0.348315 0.914021
vn -0.043469 -0.427455 0.903273
vn 0.000498 0.433317 0.901319
vn 0.002452 -0.025892 1.000000
vn 0.036648 -0.429409 0.902296
vn 0.171479 -0.382511 0.908158
vn 0.009291 -0.019052 1.000000
vn 0.288724 -0.281876 0.914998
vn 0.000498 0.078652 0.997069
vn 0.011245 -0.011236 1.000000
vn 0.365910 -0.137274 0.920860
vn 0.035671 -0.013190 0.999023
vn 0.034694 -0.053249 0.998046
vn 0.369819 -0.121641 0.920860
vn -0.014158 -0.005374 1.000000
vn -0.034676 0.009282 0.999023
vn -0.032722 -0.030777 0.999023
vn -0.000479 -0.434294 0.900342
vn -0.383479 0.097215 0.917929
vn -0.381525 0.127504 0.915975
vn -0.350260 -0.150953 0.924768
vn -0.010250 -0.016121 1.000000
vn -0.208589 -0.348315 0.914021
vn -0.003411 -0.115779 0.993161
vn -0.013181 -0.432340 0.901319
vn 0.000498 0.115779 0.993161
vn 0.000498 0.434294 0.901319
vn -0.020020 0.115779 0.993161
vn 0.000498 0.434294 0.900342
vn -0.020020 -0.107963 0.994138
vn -0.000479 -0.434294 0.900342
vn -0.379571 0.097215 0.919883
vn -0.379571 0.097215 0.919883
vn 0.006360 -0.772350 -0.634587
vn 0.006360 -0.772350 -0.634587
vn 0.006360 -0.772350 -0.634587
vn 0.006360 -0.772350 -0.634587
vn -0.000479 -0.784074 -0.620909
vn -0.000479 -0.784074 -0.620909
vn -0.000479 -0.784074 -0.620909
vn -0.000479 -0.784074 -0.620909
vn -0.000479 -0.784074 -0.620909
vn -0.000479 -0.784074 -0.620909
vn -0.000479 -0.784074 -0.620909
vn -0.000479 -0.784074 -0.620909
vn -0.000479 -0.784074 -0.620909
vn -0.000479 -0.784074 -0.620909
vn -0.000479 -0.784074 -0.620909
vn -0.000479 -0.784074 -0.620909
vn -0.000479 -0.784074 -0.620909
vn -0.000479 -0.784074 -0.620909
vn -0.000479 -0.784074 -0.620909
vn -0.000479 -0.784074 -0.620909
vn -0.000479 -0.784074 -0.620909
vn -0.000479 -0.783097 -0.620909
vn -0.000479 -0.784074 -0.620909
vn -0.000479 -0.783097 -0.620909
vn -0.000479 -0.783097 -0.620909
vn -0.000479 -0.783097 -0.620909
vn -0.000479 -0.783097 -0.620909
vn -0.000479 -0.783097 -0.620909
vn -0.000479 -0.783097 -0.620909
vn -0.000479 -0.783097 -0.620909
vn -0.000479 -0.783097 -0.620909
vn -0.000479 -0.783097 -0.620909
vn -0.000479 -0.783097 -0.620909
vn -0.000479 -0.783097 -0.620909
vn -0.000479 -0.783097 -0.620909
vn -0.000479 -0.783097 -0.621886
vn -0.000479 -0.783097 -0.621886
vn -0.000479 -0.783097 -0.621886
vn -0.000479 -0.783097 -0.621886
vn -0.000479 -0.783097 -0.621886
vn 0.004406 0.489985 -0.872008
vn -0.001456 0.856375 -0.516365
vn 0.006360 0.856375 -0.516365
vn -0.003411 0.489985 -0.872008
vn 0.704943 0.344406 -0.619932
vn 0.703966 0.607230 -0.369809
vn 0.005383 0.014167 -1.000000
vn -0.002434 0.014167 -1.000000
vn 0.704943 0.344406 -0.619932
vn 0.703966 0.009282 -0.710796
vn -0.732282 -0.340498 -0.589643
vn -0.732282 -0.340498 -0.589643
vn -0.732282 -0.340498 -0.589643
vn -0.732282 -0.340498 -0.589643
vn 0.007337 0.008305 1.000000
vn -0.041515 0.010259 0.999023
vn 0.000498 0.000489 1.000000
vn -0.067895 -0.029800 0.997069
vn -0.350260 -0.150953 0.924768
vn -0.383479 0.097215 0.917929
vn -0.033699 -0.025892 0.999023
vn -0.381525 0.127504 0.915975
vn 0.000498 -0.042501 0.999023
vn 0.000498 -0.433317 0.901319
vn -0.000479 -0.434294 0.900342
vn 0.114811 -0.475330 0.872008
vn 0.122627 -0.049340 0.991207
vn 0.123605 0.001466 0.992184
vn 0.378612 -0.054226 0.923791
vn 0.464591 -0.452858 0.760625
vn 0.365910 0.001466 0.930630
vn 0.707874 -0.054226 0.704934
vn 0.474362 0.877870 0.066927
vn 0.358094 0.931607 0.063019
vn 0.362979 0.929653 0.059111
vn 0.925754 0.339521 0.163654
vn 0.452867 0.775281 0.441133
vn 0.468500 0.879824 0.079629
vn 0.936502 0.336590 0.094284
vn 0.983399 0.155838 0.095261
vn 0.380566 0.887640 0.257450
vn 0.973629 0.158769 0.163654
vn 0.819257 0.163654 0.550562
vn 0.973629 -0.158769 0.163654
vn 0.974606 0.194919 0.107963
vn 0.302403 0.930630 0.207621
vn 0.173434 0.930630 0.322912
vn 0.974606 -0.194919 0.107963
vn 0.215446 0.887640 0.406937
vn 0.447982 0.338544 0.827064
vn 0.458729 0.163654 0.872985
vn 0.774313 0.338544 0.533952
vn 0.028832 0.338544 0.940401
vn 0.010268 0.933561 0.358085
vn 0.012222 0.878847 0.477284
vn 0.009291 0.933561 0.358085
vn 0.027855 -0.339521 0.940401
vn 0.023947 0.154861 0.987298
vn 0.447982 -0.338544 0.827064
vn 0.775290 -0.337567 0.533952
vn 0.824142 -0.020029 0.566194
vn 0.475339 -0.020029 0.879824
vn 0.932593 -0.321935 0.165608
vn 0.984376 -0.019052 0.175379
vn 0.006360 -0.004397 1.000000
vn 0.945295 -0.318026 0.072789
vn 1.000009 -0.001466 0.006351
vn 0.946272 -0.281876 -0.158769
vn 1.000009 -0.000489 -0.000489
vn -0.004388 -0.339521 0.940401
vn -0.000479 -0.004397 1.000000
vn 0.003429 0.336590 0.941378
vn -0.179278 -0.304348 0.935515
vn -0.000479 -0.000489 1.000000
vn -0.000479 -0.000489 1.000000
vn 0.152916 0.263312 0.952125
vn -0.308247 -0.178310 0.934538
vn -0.355145 -0.000489 0.934538
vn -0.000479 -0.000489 1.000000
vn -0.000479 0.000489 1.000000
vn 0.458729 0.799707 0.388373
vn -0.308247 0.177333 0.934538
vn -0.000479 0.000489 1.000000
vn 0.302403 0.000489 0.953102
vn 0.261367 0.150953 0.953102
vn 0.920869 0.001466 0.390327
vn -0.181232 0.304348 0.935515
vn 0.796785 0.459697 0.392281
vn 0.262344 -0.150953 0.953102
vn -0.000479 0.004397 1.000000
vn 0.443097 0.773327 0.452858
vn 0.775290 0.446996 0.446019
vn -0.004388 0.339521 0.940401
vn 0.006360 0.004397 1.000000
vn 0.007337 0.877870 0.478261
vn 0.027855 0.339521 0.940401
vn 0.000498 0.156815 0.987298
vn 0.475339 0.020029 0.879824
vn 0.005383 0.010259 1.000000
vn 0.009291 0.005374 1.000000
vn 0.000498 -0.156815 0.987298
vn 0.005383 -0.010259 1.000000
vn 0.023947 -0.154861 0.987298
vn 0.458729 -0.163654 0.872985
vn 0.012222 -0.879824 0.476307
vn 0.008314 -0.878847 0.477284
vn 0.819257 -0.163654 0.550562
vn 0.214469 -0.889595 0.404006
vn 0.009291 -0.934538 0.357108
vn 0.445051 -0.774304 0.449927
vn 0.009291 -0.005374 1.000000
vn -0.979473 0.199805 0.009282
vn -0.979473 0.199805 0.009282
vn -0.979473 0.199805 0.009282
vn -0.979473 0.199805 0.009282
vn -0.921828 -0.387396 -0.005374
vn -0.921828 -0.387396 -0.005374
vn -0.921828 -0.387396 -0.005374
vn -0.921828 -0.387396 -0.005374
vn 0.952134 0.151930 0.263312
vn 0.390336 0.000489 0.920860
vn 0.390336 0.460674 0.797753
vn 0.952134 0.265266 0.154861
vn 0.386428 0.798730 0.460674
vn 0.936502 0.336590 0.094284
vn 0.362979 0.929653 0.059111
vn 0.946272 -0.281876 -0.158769
vn 0.953111 -0.000489 0.302394
vn 0.953111 -0.151930 0.263312
vn 0.948226 -0.156815 -0.275037
vn 0.948226 0.156815 -0.275037
vn 1.000009 -0.000489 -0.000489
vn 1.000009 0.001466 0.003420
vn 1.000009 -0.000489 -0.000489
vn 0.945295 -0.318026 0.072789
vn 0.983399 -0.039570 0.174402
vn 0.948226 -0.000489 -0.318026
vn 1.000009 -0.000489 -0.000489
vn 1.000009 0.000489 -0.000489
vn 0.946272 0.281876 -0.157792
vn 1.000009 0.000489 -0.000489
vn 1.000009 0.001466 0.006351
vn 0.952134 -0.265266 0.153884
vn 0.386428 -0.798730 0.460674
vn 0.945295 0.318026 0.072789
vn 0.984376 0.019052 0.175379
vn 0.936502 -0.336590 0.094284
vn 0.932593 0.321935 0.165608
vn 0.824142 0.020029 0.566194
vn 0.925754 -0.339521 0.163654
vn 0.360048 -0.931607 0.058134
vn 0.451890 -0.775281 0.440156
vn 0.472408 -0.878847 0.066927
vn 0.354186 -0.932584 0.062042
vn 0.465568 -0.881778 0.079629
vn 0.775290 0.337567 0.533952
vn 0.447982 0.338544 0.827064
vn 0.475339 0.020029 0.879824
vn 0.774313 -0.338544 0.533952
vn 0.299472 -0.931607 0.205667
vn 0.378612 -0.889595 0.256473
vn 0.819257 -0.163654 0.550562
vn 0.027855 0.339521 0.940401
vn 0.447982 -0.338544 0.827064
vn 0.006360 0.004397 1.000000
vn 0.172457 -0.931607 0.319981
vn 0.028832 -0.338544 0.940401
vn -0.004388 0.339521 0.940401
vn -0.000479 0.004397 1.000000
vn 0.003429 -0.336590 0.941378
vn 0.214469 -0.889595 0.404006
vn 0.010268 -0.934538 0.356131
vn 0.009291 -0.934538 0.357108
vn 0.012222 -0.879824 0.476307
vn 0.458729 -0.163654 0.872985
vn 0.819257 0.163654 0.550562
vn 0.023947 -0.154861 0.987298
vn 0.458729 0.163654 0.872985
vn 0.000498 -0.156815 0.987298
vn 0.023947 0.154861 0.987298
vn 0.012222 0.878847 0.477284
vn 0.215446 0.887640 0.406937
vn 0.380566 0.887640 0.257450
vn 0.468500 0.879824 0.079629
vn 0.358094 0.931607 0.063019
vn 0.474362 0.877870 0.066927
vn 0.925754 0.339521 0.163654
vn 0.302403 0.930630 0.207621
vn 0.173434 0.930630 0.322912
vn 0.774313 0.338544 0.533952
vn 0.932593 -0.321935 0.165608
vn 0.823165 -0.039570 0.566194
vn 0.775290 -0.337567 0.533952
vn 0.447982 -0.338544 0.827064
vn 0.474362 -0.039570 0.878847
vn 0.447982 0.338544 0.827064
vn 0.027855 -0.339521 0.940401
vn 0.003429 -0.004397 1.000000
vn 0.028832 0.338544 0.940401
vn 0.010268 0.933561 0.358085
vn 0.009291 0.933561 0.359062
vn 0.003429 0.336590 0.941378
vn -0.004388 -0.339521 0.940401
vn -0.000479 -0.004397 1.000000
vn -0.179278 -0.304348 0.935515
vn -0.000479 -0.000489 1.000000
vn -0.000479 -0.000489 1.000000
vn 0.152916 0.263312 0.952125
vn -0.308247 -0.178310 0.934538
vn -0.355145 -0.000489 0.934538
vn -0.000479 -0.000489 1.000000
vn -0.000479 0.000489 1.000000
vn 0.458729 0.799707 0.388373
vn 0.261367 0.150953 0.953102
vn 0.302403 -0.000489 0.953102
vn -0.308247 0.177333 0.934538
vn -0.000479 0.000489 1.000000
vn 0.920869 0.000489 0.390327
vn -0.181232 0.304348 0.935515
vn 0.262344 -0.150953 0.953102
vn 0.153893 -0.263312 0.952125
vn 0.797762 -0.460674 0.388373
vn 0.463614 -0.797753 0.384465
vn 0.795808 0.460674 0.392281
vn 0.443097 0.773327 0.452858
vn 0.775290 0.446996 0.446019
vn 0.895466 -0.000489 0.445042
vn 0.007337 0.877870 0.478261
vn 0.776267 -0.447973 0.444064
vn 0.010268 -0.000489 1.000000
vn 0.000498 0.156815 0.987298
vn 0.005383 0.010259 1.000000
vn 0.009291 0.005374 1.000000
vn 0.005383 -0.010259 1.000000
vn 0.009291 -0.005374 1.000000
vn 0.008314 -0.878847 0.477284
vn 0.445051 -0.774304 0.449927
vn 0.799716 -0.058134 -0.598437
vn 0.799716 -0.058134 -0.598437
vn 0.799716 -0.058134 -0.598437
vn 0.799716 -0.058134 -0.598437
vn 0.952134 -0.151930 0.263312
vn 0.390336 -0.460674 0.797753
vn 0.390336 0.000489 0.920860
vn 0.386428 -0.798730 0.460674
vn 0.952134 0.151930 0.263312
vn 0.390336 0.460674 0.797753
vn 0.386428 0.799707 0.459697
vn 0.953111 -0.000489 0.302394
vn 0.952134 -0.265266 0.153884
vn 0.952134 0.265266 0.153884
vn 0.936502 0.336590 0.094284
vn 0.360048 0.931607 0.058134
vn 0.946272 -0.281876 -0.157792
vn 0.948226 -0.156815 -0.275037
vn 0.948226 0.156815 -0.275037
vn 0.925754 0.339521 0.163654
vn 0.946272 0.281876 -0.157792
vn 0.948226 -0.000489 -0.318026
vn 1.000009 0.000489 -0.000489
vn 1.000009 -0.000489 -0.000489
vn 1.000009 -0.000489 -0.000489
vn 1.000009 -0.000489 -0.000489
vn 1.000009 0.000489 -0.000489
vn 1.000009 -0.001466 0.006351
vn 1.000009 -0.001466 0.003420
vn 0.945295 -0.318026 0.072789
vn 0.984376 -0.019052 0.176356
vn 0.932593 -0.321935 0.165608
vn 0.824142 -0.020029 0.566194
vn 0.945295 0.318026 0.072789
vn 0.983399 0.039570 0.174402
vn 0.936502 -0.336590 0.094284
vn 0.932593 0.321935 0.165608
vn 0.823165 0.040547 0.566194
vn 0.925754 -0.339521 0.163654
vn 0.360048 -0.931607 0.058134
vn 0.451890 -0.775281 0.440156
vn 0.472408 -0.878847 0.066927
vn 0.354186 -0.932584 0.062042
vn 0.465568 -0.881778 0.079629
vn 0.775290 0.337567 0.533952
vn 0.447982 0.338544 0.827064
vn 0.474362 0.040547 0.878847
vn 0.774313 -0.338544 0.533952
vn 0.299472 -0.931607 0.205667
vn 0.378612 -0.889595 0.256473
vn 0.819257 -0.163654 0.550562
vn 0.027855 0.339521 0.940401
vn 0.447982 -0.338544 0.827064
vn 0.003429 0.004397 1.000000
vn 0.172457 -0.931607 0.319981
vn 0.028832 -0.338544 0.940401
vn -0.004388 0.339521 0.940401
vn -0.000479 0.004397 1.000000
vn 0.003429 -0.336590 0.941378
vn 0.214469 -0.889595 0.404006
vn 0.010268 -0.934538 0.356131
vn 0.009291 -0.934538 0.357108
vn 0.012222 -0.879824 0.476307
vn 0.458729 -0.163654 0.872985
vn 0.819257 0.163654 0.550562
vn 0.023947 -0.154861 0.987298
vn 0.458729 0.163654 0.872985
vn 0.000498 -0.156815 0.987298
vn 0.023947 0.154861 0.987298
vn 0.012222 0.878847 0.477284
vn 0.214469 0.888618 0.405960
vn 0.379589 0.888618 0.256473
vn 0.465568 0.881778 0.079629
vn 0.173434 0.930630 0.322912
vn 0.354186 0.932584 0.062042
vn 0.472408 0.878847 0.066927
vn 0.299472 0.931607 0.206644
vn 0.774313 0.338544 0.534929
vn 0.010268 0.933561 0.358085
vn 0.447982 0.338544 0.827064
vn 0.775290 -0.337567 0.533952
vn 0.028832 0.338544 0.940401
vn 0.447982 -0.338544 0.827064
vn 0.475339 -0.020029 0.879824
vn 0.009291 0.933561 0.359062
vn 0.027855 -0.339521 0.940401
vn 0.006360 -0.004397 1.000000
vn 0.003429 0.337567 0.941378
vn -0.004388 -0.339521 0.940401
vn -0.000479 -0.004397 1.000000
vn -0.179278 -0.304348 0.935515
vn -0.000479 -0.000489 1.000000
vn -0.000479 -0.000489 1.000000
vn 0.152916 0.263312 0.952125
vn -0.308247 -0.178310 0.934538
vn -0.355145 -0.000489 0.934538
vn -0.000479 -0.000489 1.000000
vn -0.000479 0.000489 1.000000
vn 0.458729 0.799707 0.388373
vn 0.261367 0.150953 0.953102
vn 0.302403 0.000489 0.953102
vn -0.308247 0.177333 0.934538
vn -0.000479 0.000489 1.000000
vn 0.920869 0.001466 0.390327
vn -0.181232 0.304348 0.935515
vn 0.262344 -0.150953 0.953102
vn 0.153893 -0.263312 0.952125
vn 0.798739 -0.459697 0.388373
vn 0.463614 -0.797753 0.384465
vn 0.796785 0.459697 0.392281
vn 0.443097 0.773327 0.452858
vn 0.775290 0.446996 0.446019
vn 0.895466 -0.000489 0.445042
vn 0.007337 0.877870 0.478261
vn 0.776267 -0.447973 0.444064
vn 0.010268 -0.000489 1.000000
vn 0.000498 0.156815 0.987298
vn 0.005383 0.010259 1.000000
vn 0.009291 0.005374 1.000000
vn 0.005383 -0.010259 1.000000
vn 0.009291 -0.005374 1.000000
vn 0.008314 -0.878847 0.477284
vn 0.445051 -0.774304 0.449927
vn -0.003411 -1.000000 0.004397
vn -0.003411 -1.000000 0.004397
vn -0.026860 -1.000000 0.010259
vn -0.004388 -1.000000 0.010259
vn -0.035653 -0.999023 0.002443
vn -0.003411 -1.000000 0.004397
vn -0.004388 -1.000000 0.013190
vn -0.367846 -0.929653 -0.007328
vn -0.361984 -0.932584 0.005374
vn -0.710787 -0.703957 -0.013190
vn -0.022951 -0.999023 0.028823
vn 0.000498 -1.000000 0.013190
vn 0.000498 -1.000000 0.028823
vn -0.000479 -0.983390 0.179287
vn -0.711764 -0.702980 0.003420
vn -0.361007 -0.932584 0.029800
vn -0.932575 -0.360039 -0.008305
vn -0.021974 -0.983390 0.180264
vn -0.000479 -0.821202 0.570103
vn -0.368823 -0.909135 0.194919
vn -0.711764 -0.702003 0.030777
vn -0.936483 -0.352223 0.004397
vn -0.998037 -0.064973 0.000489
vn -0.695155 -0.691256 0.197850
vn -0.998037 -0.057157 0.006351
vn -0.936483 -0.350269 0.027846
vn -0.999991 0.000489 0.004397
vn -0.999991 0.000489 0.006351
vn -0.999991 0.000489 0.004397
vn -0.999991 0.000489 0.006351
vn -0.998037 -0.054226 0.023937
vn -0.999991 0.000489 0.023937
vn -0.999991 0.000489 0.023937
vn -0.911080 -0.364924 0.191011
vn -0.982404 -0.063019 0.175379
vn -0.985335 0.000489 0.173424
vn -0.985335 -0.000489 0.173424
vn -0.761593 -0.320957 0.562286
vn -0.826078 -0.056180 0.560332
vn -0.824124 0.000489 0.566194
vn -0.824124 0.000489 0.566194
vn -0.475321 0.000489 0.879824
vn -0.475321 -0.000489 0.879824
vn -0.016112 -0.000489 1.000000
vn -0.466527 -0.200782 0.861260
vn -0.487045 -0.030777 0.872985
vn -0.585726 -0.584758 0.561309
vn -0.002434 -0.000489 1.000000
vn -0.004388 -0.000489 1.000000
vn -0.020997 0.000489 1.000000
vn -0.000479 -0.000489 1.000000
vn -0.000479 -0.000489 1.000000
vn -0.000479 -0.000489 1.000000
vn -0.000479 0.000489 1.000000
vn -0.000479 -0.000489 1.000000
vn 0.000498 -0.013190 1.000000
vn -0.000479 -0.013190 1.000000
vn -0.000479 -0.473376 0.880801
vn -0.001456 -0.001466 1.000000
vn -0.009273 -0.477284 0.878847
vn -0.000479 -0.002443 1.000000
vn -0.363938 -0.362970 0.858329
vn -0.200773 -0.465559 0.862237
vn -0.018066 -0.822179 0.569126
vn -0.321925 -0.759648 0.565217
vn 0.779198 0.000489 -0.626771
vn 0.779198 0.000489 -0.626771
vn 0.779198 0.000489 -0.626771
vn 0.779198 0.000489 -0.626771
vn 0.779198 0.000489 -0.626771
vn 0.779198 0.000489 -0.626771
vn 0.779198 0.000489 -0.626771
vn 0.779198 0.000489 -0.626771
vn 0.028832 0.979482 -0.199805
vn 0.374704 0.903273 -0.208598
vn 0.348324 0.840743 -0.413776
vn 0.028832 0.977528 0.207621
vn 0.026878 0.913043 -0.407914
vn 0.025901 0.912066 0.409868
vn 0.348324 0.843674 0.407914
vn -0.000479 0.979482 -0.199805
vn -0.000479 0.914021 -0.406937
vn -0.000479 0.977528 0.208598
vn -0.000479 0.912066 0.409868
vn -0.026860 0.913043 -0.407914
vn -0.025882 0.912066 0.409868
vn -0.028814 0.977528 0.207621
vn -0.348306 0.843674 0.407914
vn -0.028814 0.979482 -0.199805
vn -0.348306 0.840743 -0.414753
vn -0.374686 0.903273 -0.208598
vn -0.374686 0.905227 0.199805
vn -0.694178 0.693210 0.194919
vn -0.647280 0.646312 0.404006
vn -0.691246 0.691255 -0.211529
vn -0.643371 0.643381 -0.415730
vn -0.844642 0.347338 0.406937
vn -0.903264 0.373718 -0.209575
vn -0.840733 0.348315 -0.414753
vn -0.906195 0.373718 0.198828
vn -0.975565 0.081583 0.204690
vn -0.975565 0.083537 -0.202736
vn -0.909126 0.077675 -0.408891
vn -0.910103 0.075721 0.407914
vn -0.979473 -0.000489 -0.200782
vn -0.913034 0.000489 -0.407914
vn -0.978496 0.000489 0.207621
vn -0.913034 0.000489 0.408891
vn -0.913034 0.000489 -0.407914
vn -0.978496 0.000489 0.207621
vn -0.913034 0.000489 0.408891
vn -0.910103 -0.075721 0.407914
vn -0.979473 0.000489 -0.200782
vn -0.909126 -0.077675 -0.408891
vn -0.975565 -0.082560 0.204690
vn -0.844642 -0.347338 0.406937
vn -0.975565 -0.083537 -0.202736
vn -0.840733 -0.348315 -0.414753
vn -0.906195 -0.373718 0.198828
vn -0.694178 -0.693210 0.194919
vn -0.647280 -0.646312 0.403029
vn -0.903264 -0.373718 -0.209575
vn -0.643371 -0.643381 -0.415730
vn -0.348306 -0.843674 0.407914
vn -0.691246 -0.691256 -0.211529
vn -0.348306 -0.840743 -0.413776
vn -0.374686 -0.905227 0.199805
vn -0.036630 -0.978505 0.201759
vn -0.034676 -0.911089 0.409868
vn -0.142150 -0.951148 0.273083
vn -0.065941 -0.989253 0.128481
vn -0.374686 -0.903273 -0.208598
vn -0.035653 -0.977528 -0.206644
vn 0.074753 -0.989253 -0.128481
vn -0.031745 -0.912066 -0.407914
vn 0.421602 -0.887640 -0.185149
vn 0.856384 -0.002443 -0.516365
vn 0.847591 0.003420 -0.531021
vn 0.856384 -0.002443 -0.516365
vn 0.847591 0.003420 -0.531021
vn 0.830981 0.014167 -0.555447
vn 0.830981 0.014167 -0.555447
vn -0.920851 -0.390327 0.010259
vn -0.920851 -0.390327 0.010259
vn -0.920851 -0.390327 0.010259
vn -0.920851 -0.390327 0.010259
vn -0.729351 -0.352223 -0.586712
vn -0.729351 -0.352223 -0.586712
vn -0.729351 -0.352223 -0.586712
vn -0.729351 -0.352223 -0.586712
vn -0.950162 0.310210 0.013190
vn -0.950162 0.310210 0.013190
vn -0.950162 0.310210 0.013190
vn -0.950162 0.310210 0.013190
vn -0.238877 -0.272106 0.932584
vn -0.229107 -0.371764 0.899365
vn -0.229107 -0.371764 0.899365
vn -0.238877 -0.272106 0.932584
vn -0.251579 -0.088422 0.963850
vn -0.251579 -0.088422 0.963850
vn -0.251579 0.088422 0.963850
vn -0.251579 0.088422 0.963850
vn -0.238877 0.272106 0.932584
vn -0.238877 0.272106 0.932584
vn -0.229107 0.371764 0.899365
vn -0.229107 0.371764 0.899365
vn -0.238877 -0.272106 0.932584
vn -0.229107 -0.371764 0.899365
vn -0.229107 -0.371764 0.899365
vn -0.238877 -0.272106 0.932584
vn -0.251579 -0.088422 0.963850
vn -0.251579 -0.088422 0.963850
vn -0.251579 0.088422 0.963850
vn -0.251579 0.088422 0.963850
vn -0.238877 0.272106 0.932584
vn -0.238877 0.272106 0.932584
vn -0.229107 0.371764 0.899365
vn -0.229107 0.371764 0.899365
vn -0.707856 0.674646 0.206644
vn -0.387387 0.883732 0.261358
vn -0.387387 0.882755 0.266243
vn -0.709810 0.674646 0.202736
vn -0.000479 0.000489 -1.000000
vn -0.000479 0.000489 -1.000000
vn -0.000479 0.000489 -1.000000
vn -0.000479 0.000489 -1.000000
vn -0.000479 0.000489 -1.000000
vn -0.000479 0.000489 -1.000000
vn -0.000479 0.000489 -1.000000
vn -0.000479 0.000489 -1.000000
vn -0.000479 0.000489 -1.000000
vn -0.000479 0.000489 -1.000000
vn -0.000479 -0.000489 -1.000000
vn -0.000479 0.000489 -1.000000
vn -0.000479 0.000489 -1.000000
vn -0.000479 0.000489 -1.000000
vn -0.000479 0.000489 -1.000000
vn -0.000479 0.000489 -1.000000
vn -0.000479 0.000489 -1.000000
vn -0.000479 0.000489 -1.000000
vn -0.000479 0.000489 -1.000000
vn -0.000479 0.000489 -1.000000
vn -0.000479 0.000489 -1.000000
vn -0.000479 0.000489 -1.000000
vn -0.000479 0.000489 -1.000000
vn -0.000479 0.000489 -1.000000
vn -0.000479 0.000489 -1.000000
vn -0.000479 0.000489 -1.000000
vn -0.000479 0.000489 -1.000000
vn -0.000479 0.000489 -1.000000
vn -0.000479 0.000489 -1.000000
vn -0.000479 -0.000489 -1.000000
vn -0.000479 0.000489 -1.000000
vn -0.000479 -0.000489 -1.000000
vn -0.915966 -0.401075 -0.005374
vn -0.915966 -0.401075 -0.005374
vn -0.915966 -0.401075 -0.005374
vn -0.915966 -0.401075 -0.005374
vn 0.434303 -0.032731 -0.900342
vn 0.434303 -0.032731 -0.900342
vn 0.434303 -0.032731 -0.900342
vn 0.434303 -0.032731 -0.900342
vn -0.115770 -0.993161 -0.007328
vn -0.078643 -0.997069 -0.000489
vn -0.115770 -0.993161 -0.007328
vn -0.077666 -0.997069 -0.000489
vn -0.152898 -0.988276 -0.007328
vn -0.152898 -0.988276 -0.007328
vn -0.192956 -0.981436 0.000489
vn -0.192956 -0.981436 0.000489
vn 0.802647 -0.596483 -0.003420
vn 0.734254 -0.678554 -0.012213
vn 0.734254 -0.679531 -0.012213
vn 0.802647 -0.596483 -0.004397
vn 0.658045 -0.752809 -0.013190
vn 0.658045 -0.752809 -0.013190
vn 0.569135 -0.822179 -0.003420
vn 0.569135 -0.822179 -0.003420
vn -0.024905 -0.060088 -0.998046
vn -0.024905 -0.024915 -0.999023
vn -0.001456 -0.000489 -1.000000
vn -0.497793 -0.497802 -0.709819
vn -0.267211 -0.650220 -0.710796
vn 0.692242 -0.713727 -0.106009
vn 0.456775 -0.883732 0.100147
vn 0.456775 -0.883732 -0.104055
vn 0.322921 -0.623840 -0.711773
vn 0.489994 -0.505618 -0.709819
vn 0.692242 -0.714704 0.098192
vn 0.322921 -0.624817 0.710796
vn 0.491948 -0.508549 0.706888
vn 0.156824 -0.807523 -0.569126
vn 0.156824 -0.807523 -0.569126
vn 0.156824 -0.807523 -0.569126
vn 0.156824 -0.807523 -0.569126
vn -0.722512 0.329751 0.608207
vn -0.935506 0.352223 0.001466
vn -0.943323 0.331705 0.001466
vn -0.725443 0.346361 0.595506
vn -0.668774 -0.036639 0.742061
vn -0.944300 0.329751 -0.018075
vn -0.936483 0.351246 -0.018075
vn -0.718604 0.224231 -0.659013
vn -0.722512 0.243771 -0.647289
vn -0.637509 -0.172448 -0.750855
vn -0.986312 -0.165608 -0.012213
vn -0.457734 -0.516365 -0.724475
vn -0.986312 -0.163654 0.009282
vn -0.726420 -0.686370 -0.003420
vn -0.141173 -0.693210 -0.706888
vn -0.728374 -0.685393 0.017098
vn -0.507563 -0.395213 0.765511
vn -0.242785 -0.969712 0.002443
vn 0.219354 -0.675623 -0.703957
vn -0.243762 -0.969712 0.022960
vn -0.185140 -0.594529 0.783097
vn 0.198837 -0.579873 0.789937
vn 0.318035 -0.948217 0.004397
vn 0.322921 -0.946263 0.024915
vn 0.524191 -0.338544 0.782120
vn 0.793854 -0.607230 0.021983
vn 0.793854 -0.608207 0.000489
vn 0.532007 -0.453835 -0.714704
vn 0.990239 -0.137274 0.015144
vn 0.762589 -0.023937 0.646312
vn 0.993170 -0.113825 0.015144
vn 0.773336 -0.010259 0.633610
vn 0.990239 -0.139228 -0.004397
vn 0.775290 -0.137274 -0.617000
vn 0.993170 -0.115779 -0.004397
vn 0.786037 -0.121641 -0.605276
vn 0.897420 -0.428432 -0.109917
vn 0.692242 -0.714704 0.098192
vn 0.692242 -0.713727 -0.106009
vn 0.629711 -0.300440 -0.716659
vn 0.489994 -0.505618 -0.709819
vn 0.898397 -0.428432 0.097215
vn 0.632642 -0.302394 0.712750
vn 0.491948 -0.508549 0.706888
vn -0.725443 -0.363947 -0.583781
vn -0.725443 -0.363947 -0.583781
vn -0.725443 -0.363947 -0.583781
vn -0.725443 -0.363947 -0.583781
vn 0.471431 -0.881778 0.014167
vn 0.555456 -0.831949 -0.003420
vn 0.471431 -0.881778 0.014167
vn 0.555456 -0.831949 -0.003420
vn 0.385451 -0.922814 0.015144
vn 0.385451 -0.922814 0.015144
vn 0.290678 -0.957010 -0.001466
vn 0.290678 -0.957010 -0.001466
vn 0.409877 0.903273 0.125550
vn 0.439188 0.889595 -0.125550
vn 0.409877 0.903273 0.125550
vn 0.439188 0.889595 -0.125550
vn 0.432349 0.163654 -0.886663
vn 0.432349 0.163654 -0.886663
vn 0.425510 -0.230093 -0.874939
vn 0.425510 -0.230093 -0.874939
vn 0.429418 -0.822179 -0.374695
vn 0.429418 -0.822179 -0.374695
vn 0.408900 -0.903273 -0.131412
vn 0.408900 -0.903273 -0.131412
vn 0.287747 -0.757694 -0.585735
vn 0.287747 -0.757694 -0.585735
vn 0.287747 -0.757694 -0.585735
vn 0.287747 -0.757694 -0.585735
vn -0.000479 0.000489 -1.000000
vn 0.000498 -0.057157 -0.998046
vn 0.011245 -0.706888 -0.706888
vn -0.013181 -0.706888 -0.706888
vn -0.001456 -0.056180 -0.998046
vn -0.001456 -0.056180 -0.998046
vn -0.024905 -0.060088 -0.998046
vn -0.013181 -0.706888 -0.706888
vn -0.267211 -0.650220 -0.710796
vn -0.019043 -0.008305 -1.000000
vn -0.008296 -0.000489 -1.000000
vn -0.709810 -0.013190 -0.703957
vn -0.651188 -0.267220 -0.709819
vn -0.024905 -0.024915 -0.999023
vn -0.019043 -0.008305 -1.000000
vn -0.651188 -0.267220 -0.709819
vn -0.497793 -0.497802 -0.709819
vn -0.914989 -0.404006 0.010259
vn -0.914989 -0.404006 0.010259
vn -0.914989 -0.404006 0.010259
vn -0.914989 -0.404006 0.010259
vn 0.831958 -0.554470 -0.003420
vn 0.877879 -0.477284 -0.021006
vn 0.831958 -0.554470 -0.003420
vn 0.877879 -0.477284 -0.021006
vn 0.915007 -0.402052 -0.021006
vn 0.915007 -0.402052 -0.021006
vn 0.946272 -0.321935 -0.005374
vn 0.946272 -0.321935 -0.006351
vn -0.329742 -0.944309 -0.000489
vn -0.329742 -0.944309 -0.000489
vn -0.329742 -0.944309 -0.000489
vn -0.329742 -0.944309 -0.000489
vn -0.000479 1.000000 -0.001466
vn -0.000479 1.000000 -0.001466
vn -0.000479 1.000000 -0.001466
vn -0.000479 1.000000 -0.001466
vn -0.000479 1.000000 -0.001466
vn -0.000479 1.000000 -0.001466
vn 0.864201 -0.492916 0.102101
vn 0.973629 -0.196873 -0.116756
vn 0.975583 -0.197851 0.100147
vn 0.613101 -0.349292 0.708842
vn 0.695173 -0.140205 0.704934
vn 0.993170 -0.012213 -0.115779
vn 0.995124 -0.012213 0.099169
vn 0.695173 -0.140205 0.704934
vn 0.713736 -0.008305 0.700049
vn 0.688333 -0.139228 -0.711773
vn 0.703966 -0.008305 -0.709819
vn 0.608216 -0.346361 -0.713727
vn 0.688333 -0.139228 -0.711773
vn 0.863224 -0.491939 -0.115779
vn 0.649252 -0.753786 0.103078
vn 0.613101 -0.349292 0.708842
vn 0.460683 -0.535906 0.707865
vn 0.648275 -0.752809 -0.112848
vn 0.608216 -0.346361 -0.713727
vn 0.458729 -0.532975 -0.710796
vn 0.460683 -0.535906 0.707865
vn 0.254528 -0.656082 0.710796
vn 0.359071 -0.926722 0.106986
vn 0.648275 -0.752809 -0.112848
vn 0.359071 -0.926722 -0.110894
vn 0.458729 -0.532975 -0.710796
vn 0.253551 -0.654128 -0.712750
vn 0.017107 -0.994138 -0.107963
vn 0.253551 -0.654128 -0.712750
vn 0.011245 -0.706888 -0.706888
vn 0.017107 -0.994138 0.107963
vn 0.359071 -0.926722 0.106986
vn 0.254528 -0.656082 0.710796
vn 0.012222 -0.706888 0.706888
vn -0.733259 0.568148 -0.373718
vn -0.885677 0.043478 -0.462628
vn -0.729351 0.560332 -0.392281
vn -0.894471 0.044455 -0.445042
vn -0.998037 0.056180 0.024915
vn -0.764524 0.644358 0.033708
vn -0.598428 0.641426 0.481192
vn -0.774295 0.057157 0.629702
vn -0.253533 0.638495 0.726429
vn -0.328765 0.056180 0.942355
vn 0.214469 0.057157 0.974597
vn 0.169525 0.641426 0.748901
vn 0.765520 0.056180 0.640449
vn 0.576951 0.644358 0.501710
vn 0.800693 0.576942 0.161700
vn 0.977537 0.045432 0.205667
vn 0.981445 0.044455 0.185149
vn 0.809486 0.570103 0.144113
vn 0.234987 -0.966781 -0.102101
vn 0.456775 -0.883732 0.100147
vn 0.235964 -0.966781 0.100147
vn 0.322921 -0.624817 0.710796
vn 0.167571 -0.685393 0.707865
vn 0.456775 -0.883732 -0.104055
vn 0.322921 -0.623840 -0.711773
vn 0.167571 -0.686370 -0.707865
vn -0.000479 0.000489 -1.000000
vn 0.005383 0.014167 -1.000000
vn 0.005383 0.000489 -1.000000
vn 0.703966 0.009282 -0.710796
vn 0.703966 0.000489 -0.709819
vn 0.006360 0.000489 -1.000000
vn 0.703966 -0.008305 -0.709819
vn 0.005383 0.000489 -1.000000
vn 0.013199 -0.007328 -1.000000
vn 0.031763 -0.036639 -0.999023
vn 0.458729 -0.532975 -0.710796
vn 0.608216 -0.346361 -0.713727
vn 0.031763 -0.036639 -0.999023
vn 0.028832 -0.075721 -0.997069
vn 0.458729 -0.532975 -0.710796
vn 0.253551 -0.654128 -0.712750
vn 0.028832 -0.075721 -0.997069
vn 0.000498 -0.057157 -0.998046
vn 0.011245 -0.706888 -0.706888
vn 0.253551 -0.654128 -0.712750
vn 0.006360 0.000489 -1.000000
vn 0.013199 -0.007328 -1.000000
vn 0.019061 -0.003420 -1.000000
vn 0.703966 -0.008305 -0.709819
vn 0.688333 -0.139228 -0.711773
vn 0.688333 -0.139228 -0.711773
vn 0.608216 -0.346361 -0.713727
vn -0.002434 -0.000489 -1.000000
vn -0.008296 -0.000489 -1.000000
vn -0.001456 -0.000489 -1.000000
vn -0.001456 -0.000489 -1.000000
vn -0.618945 0.582804 -0.527113
vn -0.618945 0.582804 -0.527113
vn -0.618945 0.582804 -0.527113
vn -0.618945 0.582804 -0.527113
vn -0.372732 -0.927699 0.004397
vn -0.372732 -0.927699 0.004397
vn -0.372732 -0.927699 0.004397
vn -0.372732 -0.927699 0.004397
vn 0.157801 -0.987298 0.006351
vn 0.194928 -0.980459 -0.000489
vn 0.157801 -0.987298 0.006351
vn 0.194928 -0.980459 -0.000489
vn 0.123605 -0.992184 0.007328
vn 0.123605 -0.992184 0.007328
vn 0.086477 -0.996092 0.000489
vn 0.086477 -0.996092 0.000489
vn -0.910103 -0.414753 -0.006351
vn -0.910103 -0.414753 -0.005374
vn -0.910103 -0.414753 -0.006351
vn -0.910103 -0.414753 -0.005374
vn -0.985335 0.052272 -0.163654
vn -0.990221 -0.050318 -0.132389
vn -0.990221 0.050318 -0.132389
vn -0.982404 0.118710 -0.143136
vn -0.977519 0.125550 -0.171470
vn -0.723489 0.185149 -0.665852
vn -0.985335 -0.053249 -0.162677
vn -0.982404 -0.118710 -0.143136
vn -0.977519 -0.125550 -0.171470
vn -0.723489 -0.185149 -0.665852
vn -0.729351 -0.075721 -0.679531
vn -0.729351 0.075721 -0.679531
vn -0.229107 -0.074744 -0.970689
vn -0.224222 -0.184172 -0.957010
vn -0.229107 0.074744 -0.970689
vn -0.224222 0.184172 -0.957010
vn 0.328783 -0.074744 -0.941378
vn 0.323898 -0.183195 -0.928676
vn 0.770405 -0.184172 -0.610161
vn 0.328783 0.074744 -0.941378
vn 0.323898 0.183195 -0.928676
vn 0.770405 0.184172 -0.610161
vn 0.783106 -0.074744 -0.617977
vn 0.980468 -0.185149 -0.071812
vn 0.783106 0.074744 -0.617977
vn 0.980468 0.185149 -0.071812
vn 0.994147 -0.075721 -0.078652
vn 0.877879 -0.061065 0.475330
vn 0.872994 -0.144113 0.466536
vn 0.860292 -0.139228 0.490962
vn 0.863224 -0.059111 0.501710
vn 0.994147 0.075721 -0.078652
vn 0.877879 0.061065 0.475330
vn 0.872994 0.144113 0.466536
vn 0.863224 0.059111 0.501710
vn 0.860292 0.139228 0.490962
vn -0.384456 -0.923791 0.002443
vn -0.384456 -0.923791 0.002443
vn -0.384456 -0.923791 0.002443
vn -0.383479 -0.923791 0.002443
vn -0.410836 0.709819 -0.573034
vn -0.410836 0.709819 -0.573034
vn -0.410836 0.709819 -0.573034
vn -0.410836 0.709819 -0.573034
vn 0.647298 0.744016 0.164631
vn 0.647298 0.744016 0.164631
vn 0.647298 0.744016 0.164631
vn 0.647298 0.744016 0.164631
vn -0.105023 -0.831949 -0.544700
vn -0.106000 -0.831949 -0.544700
vn -0.106000 -0.831949 -0.544700
vn -0.106000 -0.831949 -0.544700
vn 0.389359 -0.032731 -0.919883
vn 0.389359 -0.032731 -0.920860
vn 0.389359 -0.032731 -0.920860
vn 0.389359 -0.032731 -0.919883
vn -0.721535 -0.375672 -0.580850
vn -0.721535 -0.375672 -0.580850
vn -0.721535 -0.375672 -0.580850
vn -0.721535 -0.375672 -0.580850
vn 0.307288 -0.740107 -0.598437
vn 0.307288 -0.740107 -0.598437
vn 0.307288 -0.740107 -0.598437
vn 0.307288 -0.740107 -0.598437
vn -0.858320 0.513434 0.002443
vn -0.857343 0.514411 0.002443
vn -0.858320 0.513434 0.002443
vn -0.858320 0.513434 0.002443
vn 0.897420 -0.428432 -0.109917
vn 0.995124 -0.040547 0.093307
vn 0.898397 -0.428432 0.097215
vn 0.632642 -0.302394 0.712750
vn 0.707874 -0.028823 0.705911
vn 0.993170 -0.040547 -0.109917
vn 0.629711 -0.300440 -0.716659
vn 0.702012 -0.028823 -0.711773
vn -0.000479 -1.000000 -0.001466
vn -0.000479 -1.000000 -0.001466
vn -0.000479 -1.000000 -0.001466
vn -0.000479 -1.000000 -0.001466
vn 0.000498 -1.000000 -0.000489
vn -0.000479 -1.000000 -0.001466
vn 0.000498 -1.000000 -0.000489
vn 0.000498 -1.000000 -0.000489
vn -0.000479 -1.000000 -0.001466
vn -0.000479 -1.000000 -0.001466
vn -0.000479 -1.000000 -0.001466
vn -0.000479 -1.000000 -0.001466
vn 0.000498 -1.000000 -0.000489
vn -0.000479 -1.000000 -0.000489
vn 0.000498 -1.000000 0.000489
vn 0.000498 -1.000000 0.000489
vn -0.000479 -1.000000 -0.001466
vn -0.000479 -1.000000 -0.001466
vn -0.000479 -1.000000 -0.001466
vn -0.000479 -1.000000 -0.001466
vn 0.000498 -1.000000 -0.000489
vn 0.000498 -1.000000 0.000489
vn 0.000498 -1.000000 0.000489
vn 0.000498 -1.000000 0.001466
vn -0.000479 -1.000000 -0.000489
vn -0.000479 -1.000000 -0.001466
vn -0.000479 -1.000000 -0.000489
vn -0.000479 -1.000000 -0.001466
vn 0.000498 -1.000000 0.000489
vn 0.000498 -1.000000 -0.000489
vn 0.000498 -1.000000 0.001466
vn 0.000498 -1.000000 0.001466
vn -0.000479 -1.000000 -0.000489
vn -0.000479 -1.000000 -0.001466
vn 0.000498 -1.000000 -0.000489
vn -0.000479 -1.000000 -0.001466
vn 0.000498 -1.000000 0.000489
vn 0.000498 -1.000000 0.000489
vn 0.000498 -1.000000 0.001466
vn 0.000498 -1.000000 0.001466
vn -0.000479 -1.000000 -0.000489
vn -0.000479 -1.000000 -0.001466
vn 0.000498 -1.000000 -0.000489
vn -0.000479 -1.000000 -0.001466
vn 0.000498 -1.000000 0.000489
vn 0.000498 -1.000000 0.000489
vn 0.000498 -1.000000 0.001466
vn 0.000498 -1.000000 0.001466
vn 0.983399 -0.155838 0.095261
vn 0.973629 -0.158769 0.163654
vn 0.983399 0.155838 0.095261
vn 0.973629 0.158769 0.163654
vn 0.974606 -0.194919 0.107963
vn 0.974606 0.194919 0.107963
vn 0.976560 -0.106986 0.186126
vn 0.976560 0.106986 0.186126
vn 0.451890 0.775281 0.440156
vn 0.976560 -0.000489 0.214460
vn 0.445051 -0.447973 0.775281
vn 0.445051 0.447973 0.775281
vn 0.445051 0.000489 0.895457
vn -0.018066 -0.994138 0.107963
vn 0.017107 -0.994138 -0.107963
vn 0.017107 -0.994138 0.107963
vn -0.012204 -0.706888 0.707865
vn 0.012222 -0.706888 0.706888
vn -0.018066 -0.994138 -0.107963
vn 0.011245 -0.706888 -0.706888
vn -0.013181 -0.706888 -0.706888
vn -0.000479 -1.000000 -0.000489
vn -0.000479 -1.000000 -0.001466
vn 0.000498 -1.000000 0.000489
vn -0.000479 -1.000000 -0.001466
vn 0.000498 -1.000000 0.000489
vn 0.000498 -1.000000 0.000489
vn 0.000498 -1.000000 0.001466
vn 0.000498 -1.000000 0.001466
vn 0.000498 -1.000000 0.000489
vn 0.000498 -1.000000 -0.000489
vn 0.000498 -1.000000 0.000489
vn -0.000479 -1.000000 -0.001466
vn 0.000498 -1.000000 0.001466
vn 0.000498 -1.000000 0.001466
vn 0.000498 -1.000000 0.001466
vn 0.000498 -1.000000 0.001466
vn 0.000498 -1.000000 0.000489
vn 0.000498 -1.000000 0.000489
vn 0.000498 -1.000000 0.000489
vn 0.000498 -1.000000 -0.000489
vn 0.000498 -1.000000 0.001466
vn 0.000498 -1.000000 0.001466
vn 0.000498 -1.000000 0.001466
vn 0.000498 -1.000000 0.001466
vn 0.000498 -1.000000 0.000489
vn 0.000498 -1.000000 0.000489
vn 0.000498 -1.000000 0.001466
vn -0.000479 -1.000000 0.000489
vn 0.000498 -1.000000 0.001466
vn 0.000498 -1.000000 0.001466
vn 0.000498 -1.000000 0.001466
vn 0.000498 -1.000000 0.001466
vn -0.015135 -0.995115 -0.100147
vn 0.015153 -0.995115 0.099169
vn -0.014158 -0.995115 0.099169
vn 0.015153 -0.995115 -0.100147
vn 0.011245 -0.705911 0.707865
vn -0.010250 -0.705911 0.707865
vn 0.010268 -0.706888 -0.706888
vn -0.011227 -0.706888 -0.706888
vn -0.010250 -0.705911 0.707865
vn -0.233015 -0.662921 0.711773
vn -0.331696 -0.938447 0.101124
vn -0.015135 -0.995115 -0.100147
vn -0.330719 -0.938447 -0.099169
vn -0.233992 -0.663898 -0.709819
vn -0.011227 -0.706888 -0.706888
vn 0.234987 -0.966781 -0.102101
vn 0.010268 -0.706888 -0.706888
vn 0.167571 -0.686370 -0.707865
vn 0.015153 -0.995115 0.099169
vn 0.235964 -0.966781 0.100147
vn 0.167571 -0.685393 0.707865
vn 0.011245 -0.705911 0.707865
vn -0.803606 -0.594529 -0.028823
vn -0.743030 -0.664875 0.069858
vn -0.733259 -0.679531 -0.028823
vn -0.074734 -0.989253 -0.128481
vn -0.421584 -0.887640 -0.185149
vn -0.796767 -0.599414 0.074744
vn -0.794813 -0.601368 0.081583
vn -0.036630 -0.999023 0.003420
vn -0.027837 -1.000000 0.002443
vn -0.018066 -1.000000 -0.000489
vn -0.017089 -1.000000 -0.005374
vn -0.209566 -0.977528 0.021006
vn 0.065959 -0.989253 0.128481
vn -0.752800 -0.612115 -0.241817
vn -0.010250 -1.000000 -0.010259
vn 0.199814 -0.979482 -0.015144
vn 0.141191 -0.951148 0.274060
vn 0.409877 -0.911089 -0.032731
vn -0.197841 -0.980459 -0.008305
vn 0.215446 -0.976551 0.012213
vn 0.410854 -0.911089 0.023937
vn -0.688315 -0.690278 -0.225208
vn -0.179278 -0.982413 -0.060088
vn 0.198837 -0.977528 0.063996
vn 0.387405 -0.913043 0.125550
vn -0.546645 -0.648266 -0.531021
vn -0.000479 -1.000000 -0.012213
vn -0.002434 -0.671715 -0.741085
vn -0.494861 -0.717636 -0.489008
vn -0.002434 -0.740107 -0.671715
vn -0.122609 -0.984367 -0.124573
vn -0.001456 -0.986321 -0.164631
vn 0.001475 -0.978505 0.205667
vn 0.138260 -0.979482 0.148998
vn 0.264298 -0.920860 0.286761
vn 0.002452 -0.925745 0.378603
vn -0.233015 -0.972643 0.013190
vn -0.233015 -0.972643 0.014167
vn -0.233015 -0.972643 0.013190
vn -0.233015 -0.972643 0.013190
vn 0.983399 -0.155838 0.095261
vn 0.973629 -0.158769 0.163654
vn 0.983399 0.155838 0.095261
vn 0.973629 0.158769 0.163654
vn 0.974606 -0.194919 0.107963
vn 0.974606 0.194919 0.107963
vn 0.976560 -0.106986 0.186126
vn 0.976560 0.106986 0.186126
vn 0.452867 0.775281 0.441133
vn 0.976560 -0.000489 0.214460
vn 0.445051 -0.447973 0.775281
vn 0.445051 0.447973 0.775281
vn 0.445051 0.000489 0.895457
vn 0.390336 -0.460674 0.797753
vn -0.000479 1.000000 -0.001466
vn -0.000479 1.000000 -0.001466
vn -0.000479 1.000000 -0.001466
vn -0.000479 1.000000 -0.001466
vn -0.000479 1.000000 -0.001466
vn -0.000479 1.000000 -0.001466
vn 0.991216 -0.130435 -0.017098
vn 0.995124 -0.096238 -0.021006
vn 0.991216 -0.130435 -0.017098
vn 0.995124 -0.096238 -0.021006
vn 0.986331 -0.161700 -0.012213
vn 0.986331 -0.161700 -0.012213
vn 0.981445 -0.193942 -0.005374
vn 0.981445 -0.193942 -0.005374
vn 0.405969 -0.032731 -0.913043
vn 0.405969 -0.032731 -0.913043
vn 0.405969 -0.032731 -0.913043
vn 0.405969 -0.032731 -0.913043
vn 0.430395 -0.031754 -0.902296
vn 0.430395 -0.031754 -0.902296
vn 0.430395 -0.031754 -0.902296
vn 0.430395 -0.031754 -0.902296
vn -0.909126 -0.417684 0.011236
vn -0.909126 -0.417684 0.011236
vn -0.909126 -0.417684 0.011236
vn -0.909126 -0.417684 0.011236
vn 0.433326 -0.032731 -0.900342
vn 0.433326 -0.032731 -0.900342
vn 0.433326 -0.032731 -0.900342
vn 0.433326 -0.032731 -0.900342
vn -0.794813 0.000489 0.607230
vn -0.794813 0.000489 0.606253
vn -0.794813 0.000489 0.607230
vn -0.794813 -0.000489 0.606253
vn -0.794813 0.000489 0.607230
vn -0.794813 0.000489 0.607230
vn -0.794813 0.000489 0.607230
vn -0.794813 -0.000489 0.607230
vn -0.793836 0.000489 0.608207
vn -0.793836 0.000489 0.608207
vn -0.793836 0.000489 0.608207
vn -0.793836 0.000489 0.608207
vn -0.819239 0.573034 0.020029
vn -0.819239 0.573034 0.020029
vn -0.819239 0.573034 0.020029
vn -0.819239 0.573034 0.020029
vn -0.379571 -0.924768 0.004397
vn -0.379571 -0.924768 0.005374
vn -0.379571 -0.924768 0.005374
vn -0.379571 -0.924768 0.005374
vn -0.416698 0.706888 -0.571080
vn -0.416698 0.706888 -0.571080
vn -0.416698 0.706888 -0.571080
vn -0.416698 0.706888 -0.571080
vn -0.757685 -0.093307 0.645335
vn -0.757685 -0.093307 0.645335
vn -0.757685 -0.093307 0.645335
vn -0.757685 -0.093307 0.645335
vn -0.717627 -0.387396 -0.577919
vn -0.717627 -0.387396 -0.577919
vn -0.718604 -0.387396 -0.577919
vn -0.718604 -0.387396 -0.577919
vn 0.993170 0.000489 -0.114802
vn 0.995124 -0.012213 0.099169
vn 0.993170 -0.012213 -0.115779
vn 0.703966 -0.008305 -0.709819
vn 0.703966 0.000489 -0.709819
vn 0.995124 0.000489 0.099169
vn 0.713736 -0.008305 0.700049
vn 0.713736 0.000489 0.700049
vn 0.703966 0.009282 -0.710796
vn 0.993170 0.001466 -0.115779
vn 0.993170 0.000489 -0.114802
vn 0.995124 0.000489 0.099169
vn 0.995124 -0.000489 0.099169
vn 0.714713 -0.005374 0.699072
vn 0.744025 -0.331705 0.580850
vn 0.995124 -0.000489 0.099169
vn 0.995124 -0.049340 0.080606
vn 0.990239 0.064973 -0.123595
vn 0.993170 0.001466 -0.115779
vn 0.703966 0.009282 -0.710796
vn 0.704943 0.344406 -0.619932
vn 0.993170 -0.105032 0.057157
vn 0.739139 -0.578896 0.344406
vn 0.995124 -0.049340 0.080606
vn 0.986331 0.137274 -0.089399
vn 0.990239 0.064973 -0.123595
vn 0.703966 0.607230 -0.369809
vn 0.704943 0.344406 -0.619932
vn 0.980468 0.141182 -0.136297
vn 0.987308 -0.114802 0.110894
vn 0.980468 0.141182 -0.136297
vn 0.706897 0.509526 -0.491939
vn 0.706897 0.509526 -0.491939
vn 0.987308 -0.114802 0.110894
vn 0.707874 -0.508549 0.490962
vn 0.707874 -0.508549 0.490962
vn 1.000009 0.000489 -0.005374
vn 1.000009 -0.004397 -0.004397
vn 1.000009 -0.004397 -0.004397
vn 1.000009 0.000489 -0.005374
vn 1.000009 -0.007328 -0.004397
vn 1.000009 -0.007328 -0.004397
vn 1.000009 -0.012213 -0.005374
vn 1.000009 -0.012213 -0.005374
vn 0.001475 0.990230 0.137274
vn 0.002452 0.986321 0.166585
vn 0.001475 0.990230 0.137274
vn 0.002452 0.986321 0.166585
vn -0.001456 0.983390 -0.183195
vn 0.005383 0.858329 0.512457
vn -0.001456 0.983390 -0.183195
vn 0.005383 0.859306 0.512457
vn -0.004388 0.812408 -0.582804
vn 0.007337 0.591597 0.806546
vn -0.004388 0.812408 -0.582804
vn 0.007337 0.591597 0.806546
vn -0.007319 0.403029 -0.914998
vn 0.009291 0.046409 0.999023
vn -0.007319 0.403029 -0.914998
vn 0.009291 0.046409 0.999023
vn 0.009291 0.020029 1.000000
vn 0.009291 0.020029 1.000000
vn -0.008296 -0.007328 -1.000000
vn -0.008296 -0.007328 -1.000000
vn -0.008296 -0.020029 -1.000000
vn -0.008296 -0.020029 -1.000000
vn 0.993170 -0.105032 0.057157
vn 0.980468 0.195896 -0.028823
vn 0.989262 -0.148022 0.011236
vn 0.986331 0.137274 -0.089399
vn 0.705920 0.703957 -0.085491
vn 0.703966 0.607230 -0.369809
vn 0.727415 -0.682462 0.072789
vn 0.984376 -0.173425 -0.041524
vn 0.707874 -0.690278 -0.148022
vn 0.989262 -0.148022 0.011236
vn 0.984376 0.172447 0.028823
vn 0.980468 0.195896 -0.028823
vn 0.706897 0.695164 0.133366
vn 0.705920 0.703957 -0.085491
vn 0.984376 -0.173425 -0.041524
vn 0.707874 -0.687347 -0.159746
vn 0.984376 -0.170493 -0.044455
vn 0.984376 0.172447 0.028823
vn 0.985353 0.168539 0.032731
vn 0.706897 0.695164 0.133366
vn 0.706897 0.690278 0.153884
vn 0.724484 -0.556424 -0.405960
vn 0.984376 -0.170493 -0.044455
vn 0.992193 -0.098192 -0.077675
vn 0.985353 0.168539 0.032731
vn 0.989262 0.123595 0.080606
vn 0.706897 0.690278 0.153884
vn 0.706897 0.579873 0.404983
vn 0.727415 -0.349292 -0.590620
vn 0.992193 -0.098192 -0.077675
vn 0.994147 -0.051295 -0.093307
vn 0.989262 0.123595 0.080606
vn 0.992193 0.064973 0.102101
vn 0.706897 0.579873 0.404983
vn 0.709828 0.363947 0.603322
vn 0.994147 -0.005374 -0.109917
vn 0.703966 -0.032731 -0.709819
vn 0.994147 -0.051295 -0.093307
vn 0.992193 0.064973 0.102101
vn 0.996101 0.005374 0.092330
vn 0.708851 0.036639 0.703957
vn 0.709828 0.363947 0.603322
vn 0.994147 -0.005374 -0.109917
vn 0.702989 -0.026869 -0.710796
vn 0.994147 -0.004397 -0.110894
vn 0.996101 0.003420 0.091353
vn 0.996101 0.005374 0.092330
vn 0.708851 0.036639 0.703957
vn 0.708851 0.026869 0.704934
vn 0.994147 0.000489 -0.109917
vn 0.995124 -0.040547 0.093307
vn 0.993170 -0.040547 -0.109917
vn 0.702012 -0.028823 -0.711773
vn 0.703966 0.000489 -0.710796
vn 0.996101 0.000489 0.092330
vn 0.708851 0.000489 0.704934
vn 0.707874 -0.028823 0.705911
vn 1.000009 0.000489 -0.005374
vn 1.000009 0.000489 -0.005374
vn 1.000009 0.000489 -0.005374
vn 1.000009 0.000489 -0.005374
vn 1.000009 0.000489 -0.005374
vn 1.000009 0.000489 -0.005374
vn 1.000009 0.000489 -0.005374
vn 1.000009 0.000489 -0.005374
vn -0.599405 -0.463605 0.652174
vn -0.599405 -0.463605 0.653151
vn -0.599405 -0.463605 0.652174
vn -0.599405 -0.463605 0.652174
vn 1.000009 0.000489 -0.004397
vn 1.000009 0.000489 -0.004397
vn 1.000009 0.000489 -0.004397
vn 1.000009 -0.000489 -0.004397
vn 1.000009 -0.000489 -0.004397
vn 1.000009 -0.000489 -0.003420
vn 1.000009 0.000489 -0.003420
vn 1.000009 0.000489 -0.003420
vn 1.000009 0.000489 -0.003420
vn 1.000009 0.000489 -0.004397
vn 1.000009 -0.000489 -0.003420
vn 1.000009 0.000489 -0.003420
vn 0.314127 -0.738153 -0.596483
vn 0.314127 -0.738153 -0.596483
vn 0.314127 -0.738153 -0.596483
vn 0.314127 -0.738153 -0.596483
vn 1.000009 -0.000489 -0.002443
vn 1.000009 -0.004397 -0.002443
vn 1.000009 0.000489 -0.001466
vn 1.000009 0.003420 -0.000489
vn 1.000009 0.000489 -0.002443
vn 1.000009 0.004397 0.012213
vn 1.000009 0.000489 0.002443
vn 1.000009 -0.002443 -0.003420
vn 1.000009 -0.002443 -0.003420
vn 1.000009 -0.002443 -0.003420
vn 1.000009 -0.002443 -0.003420
vn 1.000009 -0.004397 0.015144
vn 1.000009 -0.004397 0.015144
vn 1.000009 -0.007328 -0.003420
vn 1.000009 -0.006351 -0.003420
vn 1.000009 0.000489 -0.004397
vn 1.000009 0.000489 -0.003420
vn 1.000009 0.000489 -0.003420
vn 1.000009 0.000489 -0.003420
vn 1.000009 0.000489 -0.003420
vn 1.000009 -0.000489 -0.003420
vn 1.000009 0.000489 -0.003420
vn 1.000009 0.000489 -0.003420
vn 1.000009 -0.000489 -0.003420
vn 1.000009 -0.000489 -0.003420
vn 1.000009 -0.000489 -0.003420
vn 1.000009 -0.004397 -0.002443
vn 1.000009 -0.000489 -0.003420
vn 0.468500 0.872985 0.134343
vn 0.468500 0.872985 0.134343
vn 0.468500 0.872985 0.134343
vn 0.468500 0.872985 0.134343
vn -0.903264 -0.428432 -0.006351
vn -0.903264 -0.428432 -0.006351
vn -0.903264 -0.428432 -0.006351
vn -0.903264 -0.428432 -0.006351
vn -0.701994 -0.245725 0.668784
vn -0.701994 -0.245725 0.668784
vn -0.701994 -0.245725 0.668784
vn -0.701994 -0.245725 0.668784
vn 0.011245 -1.000000 -0.010259
vn 0.017107 -1.000000 -0.005374
vn -0.017089 -1.000000 -0.005374
vn -0.010250 -1.000000 -0.010259
vn -0.000479 -1.000000 -0.012213
vn -0.018066 -1.000000 -0.000489
vn 0.018084 -1.000000 -0.000489
vn 0.036648 -0.999023 0.001466
vn -0.036630 -0.999023 0.003420
vn -0.027837 -1.000000 0.002443
vn 0.027855 -1.000000 0.002443
vn -0.391295 -0.919883 0.002443
vn -0.391295 -0.919883 0.002443
vn -0.391295 -0.919883 0.002443
vn -0.391295 -0.919883 0.002443
vn -0.456757 0.685393 -0.566194
vn -0.456757 0.685393 -0.566194
vn -0.456757 0.685393 -0.566194
vn -0.456757 0.685393 -0.566194
vn 1.000009 -0.000489 -0.007328
vn 1.000009 -0.000489 -0.005374
vn 1.000009 -0.000489 -0.005374
vn 1.000009 -0.000489 -0.007328
vn 1.000009 -0.000489 -0.007328
vn 1.000009 -0.000489 -0.007328
vn 1.000009 0.000489 -0.007328
vn 1.000009 0.006351 -0.007328
vn 1.000009 0.000489 -0.006351
vn 1.000009 0.000489 -0.006351
vn 1.000009 0.000489 -0.006351
vn 1.000009 0.000489 -0.007328
vn 1.000009 0.000489 -0.007328
vn 1.000009 0.000489 -0.007328
vn 1.000009 0.000489 -0.007328
vn 1.000009 0.000489 -0.006351
vn 1.000009 0.006351 -0.006351
vn 1.000009 0.006351 -0.007328
vn -0.083528 -0.996092 -0.020029
vn -0.083528 -0.996092 -0.020029
vn -0.083528 -0.996092 -0.020029
vn -0.083528 -0.996092 -0.020029
vn 1.000009 -0.000489 -0.004397
vn 1.000009 -0.000489 -0.003420
vn 1.000009 -0.000489 -0.004397
vn 1.000009 -0.000489 -0.004397
vn 1.000009 -0.000489 -0.004397
vn 1.000009 -0.000489 -0.004397
vn 1.000009 -0.000489 -0.004397
vn 1.000009 -0.000489 -0.004397
vn 1.000009 -0.000489 -0.004397
vn 1.000009 -0.000489 -0.004397
vn 1.000009 -0.000489 -0.004397
vn 1.000009 -0.000489 -0.004397
vn 1.000009 -0.000489 -0.004397
vn -0.380548 -0.753786 -0.534929
vn -0.380548 -0.753786 -0.534929
vn -0.380548 -0.753786 -0.534929
vn -0.380548 -0.753786 -0.534929
vn -0.902287 -0.430386 0.011236
vn -0.902287 -0.430386 0.011236
vn -0.902287 -0.430386 0.011236
vn -0.902287 -0.430386 0.011236
vn 0.233033 -0.972643 -0.011236
vn 0.233033 -0.972643 -0.011236
vn 0.233033 -0.972643 -0.011236
vn 0.233033 -0.972643 -0.011236
vn 0.322921 -0.946263 0.008305
vn 0.322921 -0.946263 0.008305
vn 0.322921 -0.946263 0.008305
vn 0.322921 -0.946263 0.008305
vn -0.420606 -0.656082 0.626771
vn -0.420606 -0.656082 0.626771
vn -0.420606 -0.656082 0.626771
vn -0.420606 -0.656082 0.626771
vn 0.425510 0.896434 0.128481
vn 0.425510 0.896434 0.128481
vn 0.425510 0.896434 0.128481
vn -0.714695 -0.399121 -0.574988
vn -0.714695 -0.399121 -0.574988
vn -0.714695 -0.399121 -0.574988
vn -0.714695 -0.399121 -0.574988
vn 0.418671 0.900342 0.118710
vn 0.418671 0.900342 0.118710
vn 0.418671 0.900342 0.118710
vn 0.418671 0.900342 0.118710
vn -0.114793 -0.001466 -0.993161
vn -0.010250 -0.000489 -1.000000
vn -0.011227 -0.000489 -1.000000
vn -0.115770 -0.000489 -0.993161
vn -0.713718 -0.007328 -0.700049
vn -0.737167 -0.047386 -0.674646
vn -0.114793 -0.001466 -0.993161
vn -0.011227 -0.003420 -1.000000
vn -0.106977 -0.023937 -0.994138
vn -0.713718 -0.007328 -0.700049
vn -0.692223 -0.151930 -0.704934
vn -0.387387 -0.921837 0.005374
vn -0.387387 -0.921837 0.005374
vn -0.387387 -0.921837 0.005374
vn -0.387387 -0.921837 0.005374
vn 0.100156 -0.995115 0.015144
vn 0.100156 -0.995115 0.015144
vn 0.100156 -0.995115 0.015144
vn 0.100156 -0.995115 0.015144
vn -0.106977 -0.023937 -0.994138
vn -0.008296 -0.004397 -1.000000
vn -0.089390 -0.048363 -0.995115
vn -0.692223 -0.151930 -0.704934
vn -0.618945 -0.336590 -0.708842
vn -0.005365 -0.006351 -1.000000
vn -0.065941 -0.077675 -0.995115
vn -0.618945 -0.336590 -0.708842
vn -0.455780 -0.535906 -0.710796
vn -0.032722 -0.030777 0.999023
vn -0.000479 -0.434294 0.900342
vn -0.000479 -0.434294 0.900342
vn 0.940410 -0.339521 -0.009282
vn 0.940410 -0.339521 -0.009282
vn 0.940410 -0.339521 -0.009282
vn 0.940410 -0.339521 -0.009282
vn -0.897402 -0.442110 -0.006351
vn -0.897402 -0.442110 -0.006351
vn -0.897402 -0.442110 -0.006351
vn -0.897402 -0.442110 -0.006351
vn 0.356140 -0.934538 -0.012213
vn 0.356140 -0.934538 -0.012213
vn 0.356140 -0.934538 -0.012213
vn 0.356140 -0.934538 -0.012213
vn 0.421602 -0.887640 -0.185149
vn 0.797762 -0.598437 0.074744
vn 0.743048 -0.665852 0.069858
vn 0.794831 -0.601368 0.081583
vn 0.074753 -0.989253 -0.128481
vn 0.036648 -0.999023 0.001466
vn 0.027855 -1.000000 0.002443
vn 0.018084 -1.000000 -0.000489
vn 0.803624 -0.593552 -0.029800
vn 0.017107 -1.000000 -0.005374
vn 0.209584 -0.977528 0.021006
vn -0.065941 -0.989253 0.128481
vn 0.733277 -0.679531 -0.029800
vn 0.753795 -0.610161 -0.244748
vn 0.011245 -1.000000 -0.010259
vn -0.199796 -0.979482 -0.015144
vn -0.142150 -0.951148 0.273083
vn -0.409859 -0.911089 -0.032731
vn 0.197860 -0.980459 -0.008305
vn -0.215428 -0.976551 0.013190
vn -0.410836 -0.911089 0.024915
vn 0.687356 -0.689301 -0.228139
vn 0.178319 -0.982413 -0.060088
vn -0.197841 -0.977528 0.064973
vn -0.386410 -0.913043 0.127504
vn 0.545686 -0.643381 -0.536883
vn -0.000479 -1.000000 -0.012213
vn -0.002434 -0.671715 -0.741085
vn 0.490971 -0.716659 -0.495848
vn -0.002434 -0.740107 -0.671715
vn 0.119696 -0.984367 -0.126527
vn -0.001456 -0.986321 -0.164631
vn 0.001475 -0.978505 0.205667
vn -0.136288 -0.979482 0.150953
vn -0.259395 -0.920860 0.290669
vn 0.002452 -0.925745 0.378603
vn 0.010268 -0.934538 0.356131
vn 0.010268 -0.000489 1.000000
vn 0.776267 -0.447973 0.444064
vn 0.895466 -0.000489 0.445042
vn 0.798739 -0.459697 0.388373
vn 0.463614 -0.797753 0.384465
vn 0.153893 -0.263312 0.952125
vn 0.003429 -0.336590 0.941378
vn 0.028832 -0.338544 0.940401
vn 0.172457 -0.931607 0.319981
vn 0.447982 -0.338544 0.827064
vn 0.378612 -0.889595 0.256473
vn 0.299472 -0.931607 0.205667
vn 0.447982 0.338544 0.827064
vn 0.824142 0.020029 0.566194
vn 0.774313 -0.338544 0.533952
vn 0.775290 0.337567 0.533952
vn 0.932593 0.321935 0.165608
vn 0.984376 0.019052 0.176356
vn 0.925754 -0.339521 0.163654
vn 0.945295 0.318026 0.072789
vn 1.000009 0.001466 0.006351
vn 0.354186 -0.932584 0.062042
vn 0.936502 -0.336590 0.094284
vn 0.946272 0.281876 -0.157792
vn 1.000009 0.000489 -0.000489
vn 1.000009 0.000489 -0.000489
vn 0.465568 -0.881778 0.079629
vn 0.983399 -0.155838 0.095261
vn 0.472408 -0.878847 0.066927
vn 0.360048 -0.931607 0.058134
vn 0.451890 -0.775281 0.440156
vn 0.386428 -0.798730 0.460674
vn 0.952134 -0.265266 0.153884
vn 0.953111 -0.151930 0.263312
vn 0.976560 -0.106986 0.186126
vn 0.445051 -0.447973 0.775281
vn 0.390336 -0.460674 0.797753
vn 0.976560 0.106986 0.186126
vn 0.976560 -0.000489 0.214460
vn 0.445051 -0.000489 0.895457
vn 0.445051 0.447973 0.775281
vn 0.390336 0.000489 0.920860
vn 0.390336 0.460674 0.797753
vn 0.386428 0.798730 0.460674
vn 0.952134 0.265266 0.154861
vn 0.952134 0.151930 0.263312
vn 0.948226 -0.156815 -0.275037
vn 1.000009 -0.000489 -0.000489
vn 0.953111 -0.000489 0.302394
vn 0.948226 -0.000489 -0.318026
vn 1.000009 -0.000489 -0.000489
vn 0.948226 0.156815 -0.275037
vn -0.065941 -0.077675 -0.995115
vn -0.001456 -0.003420 -1.000000
vn -0.233992 -0.663898 -0.709819
vn -0.455780 -0.535906 -0.710796
vn -0.036630 -0.101124 -0.994138
vn -0.000479 -0.000489 -1.000000
vn -0.002434 -0.105032 -0.994138
vn -0.011227 -0.706888 -0.706888
vn -0.233992 -0.663898 -0.709819
vn -0.033699 -0.999023 0.007328
vn -0.033699 -0.999023 0.007328
vn -0.033699 -0.999023 0.007328
vn -0.033699 -0.999023 0.007328
vn 0.002452 0.816317 0.577919
vn 0.010268 0.814363 0.579873
vn 0.008314 0.974597 0.223253
vn 0.706897 0.579873 0.404983
vn 0.706897 0.690278 0.153884
vn 0.000498 0.974597 0.223253
vn 0.008314 0.974597 0.223253
vn 0.008314 0.980459 0.193942
vn 0.706897 0.690278 0.153884
vn 0.706897 0.695164 0.133366
vn 0.000498 0.981436 0.193942
vn 0.007337 0.993161 -0.115779
vn -0.000479 0.993161 -0.115779
vn 0.008314 0.980459 0.193942
vn 0.705920 0.703957 -0.085491
vn 0.706897 0.695164 0.133366
vn 0.006360 0.856375 -0.516365
vn 0.703966 0.607230 -0.369809
vn 0.705920 0.703957 -0.085491
vn -0.666820 -0.745970 -0.003420
vn -0.356122 -0.934538 -0.029800
vn -0.355145 -0.934538 -0.029800
vn -0.015135 -1.000000 -0.019052
vn -0.015135 -1.000000 -0.019052
vn -0.000479 -1.000000 -0.016121
vn -0.000479 -1.000000 -0.016121
vn -0.000479 -1.000000 -0.016121
vn -0.000479 -1.000000 -0.016121
vn -0.000479 -1.000000 -0.016121
vn 0.014176 -1.000000 -0.015144
vn -0.000479 -1.000000 -0.016121
vn -0.000479 -1.000000 -0.016121
vn -0.000479 -1.000000 -0.016121
vn -0.000479 -1.000000 -0.016121
vn 0.014176 -1.000000 -0.015144
vn 0.237918 -0.971666 -0.003420
vn 0.237918 -0.971666 -0.003420
vn 0.458729 -0.888618 -0.002443
vn 0.458729 -0.888618 -0.002443
vn 0.689310 -0.724475 -0.004397
vn 0.689310 -0.724475 -0.004397
vn 0.902305 -0.430386 -0.006351
vn 0.902305 -0.430386 -0.006351
vn 0.999032 -0.038593 -0.007328
vn 0.999032 -0.038593 -0.007328
vn 1.000009 0.000489 -0.007328
vn 1.000009 0.000489 -0.007328
vn 1.000009 0.000489 -0.006351
vn 1.000009 0.006351 -0.006351
vn 0.993170 -0.118710 -0.014167
vn 0.993170 -0.118710 -0.014167
vn 0.993170 -0.118710 -0.014167
vn 0.993170 -0.118710 -0.014167
vn -0.491930 0.870054 0.006351
vn -0.491930 0.870054 0.006351
vn -0.491930 0.870054 0.006351
vn -0.491930 0.870054 0.006351
vn -0.709810 -0.410845 -0.571080
vn -0.709810 -0.410845 -0.571080
vn -0.709810 -0.410845 -0.571080
vn -0.709810 -0.410845 -0.571080
vn -0.896425 -0.444064 0.011236
vn -0.896425 -0.444064 0.011236
vn -0.896425 -0.444064 0.011236
vn -0.896425 -0.444064 0.011236
vn 0.367864 -0.929653 0.009282
vn 0.367864 -0.929653 0.009282
vn 0.367864 -0.929653 0.009282
vn 0.367864 -0.929653 0.009282
vn 0.926731 -0.375672 0.004397
vn 0.926731 -0.375672 0.004397
vn 0.926731 -0.375672 0.004397
vn 0.926731 -0.375672 0.004397
vn -0.597451 -0.602345 -0.530044
vn -0.597451 -0.602345 -0.530044
vn -0.597451 -0.602345 -0.530044
vn -0.597451 -0.602345 -0.530044
vn 0.001475 -0.105032 -0.994138
vn -0.002434 -0.105032 -0.994138
vn -0.011227 -0.706888 -0.706888
vn 0.010268 -0.706888 -0.706888
vn -0.000479 0.000489 -1.000000
vn 0.024924 -0.103078 -0.994138
vn -0.000479 0.002443 -1.000000
vn 0.001475 -0.105032 -0.994138
vn 0.167571 -0.686370 -0.707865
vn 0.010268 -0.706888 -0.706888
vn 0.024924 -0.103078 -0.994138
vn -0.002434 0.004397 -1.000000
vn 0.046418 -0.090376 -0.995115
vn 0.167571 -0.686370 -0.707865
vn 0.322921 -0.623840 -0.711773
vn 0.046418 -0.090376 -0.995115
vn -0.006342 0.007328 -1.000000
vn 0.069867 -0.071812 -0.995115
vn 0.489994 -0.505618 -0.709819
vn 0.322921 -0.623840 -0.711773
vn 0.069867 -0.071812 -0.995115
vn -0.012204 0.006351 -1.000000
vn 0.087454 -0.041524 -0.995115
vn 0.489994 -0.505618 -0.709819
vn 0.629711 -0.300440 -0.716659
vn 0.093316 -0.003420 -0.995115
vn 0.087454 -0.041524 -0.995115
vn 0.702012 -0.028823 -0.711773
vn 0.629711 -0.300440 -0.716659
vn -0.014158 0.000489 -1.000000
vn 0.093316 0.000489 -0.996092
vn -0.014158 0.000489 -1.000000
vn 0.703966 0.000489 -0.710796
vn 0.702012 -0.028823 -0.711773
vn 0.978514 -0.198828 0.047386
vn 0.978514 -0.198828 0.047386
vn 0.978514 -0.198828 0.047386
vn 0.978514 -0.198828 0.047386
vn 1.000009 0.000489 -0.008305
vn 1.000009 -0.010259 -0.008305
vn 1.000009 0.000489 -0.008305
vn 1.000009 0.000489 -0.008305
vn 1.000009 -0.010259 -0.008305
vn 0.981445 -0.193942 -0.007328
vn 0.981445 -0.193942 -0.007328
vn 0.869086 -0.493894 -0.006351
vn 0.869086 -0.493894 -0.006351
vn 0.652183 -0.757694 -0.004397
vn 0.652183 -0.757694 -0.004397
vn 0.366887 -0.930630 -0.002443
vn 0.365910 -0.930630 -0.002443
vn 0.017107 -1.000000 -0.026869
vn 0.017107 -1.000000 -0.026869
vn 0.001475 -1.000000 -0.028823
vn 0.001475 -1.000000 -0.028823
vn 0.001475 -1.000000 -0.028823
vn 0.001475 -1.000000 -0.028823
vn 0.001475 -1.000000 -0.028823
vn 0.001475 -1.000000 -0.028823
vn 0.001475 -1.000000 -0.028823
vn 0.001475 -1.000000 -0.028823
vn 0.001475 -1.000000 -0.028823
vn -0.001456 -1.000000 -0.020029
vn 0.924777 -0.379580 -0.005374
vn 0.924777 -0.379580 -0.005374
vn 0.924777 -0.379580 -0.005374
vn 0.924777 -0.379580 -0.005374
vn -0.499747 0.866146 -0.001466
vn -0.499747 0.866146 -0.001466
vn -0.499747 0.866146 -0.001466
vn -0.499747 0.866146 -0.001466
vn 1.000009 0.000489 0.020029
vn 1.000009 -0.001466 0.003420
vn 1.000009 0.000489 -0.000489
vn 1.000009 0.000489 -0.000489
vn 1.000009 -0.000489 -0.000489
vn 1.000009 -0.000489 -0.000489
vn 1.000009 0.000489 -0.000489
vn 1.000009 -0.000489 -0.000489
vn 1.000009 0.000489 -0.000489
vn 1.000009 -0.001466 0.006351
vn 1.000009 0.001466 0.006351
vn 0.984376 0.019052 0.176356
vn 0.984376 -0.019052 0.176356
vn 0.824142 -0.020029 0.566194
vn 0.824142 0.020029 0.566194
vn 0.475339 -0.020029 0.879824
vn 0.475339 0.020029 0.879824
vn 0.006360 -0.004397 1.000000
vn 0.006360 0.004397 1.000000
vn -0.000479 -0.004397 1.000000
vn -0.000479 0.004397 1.000000
vn -0.000479 -0.000489 1.000000
vn -0.000479 0.000489 1.000000
vn -0.000479 -0.000489 1.000000
vn -0.000479 0.000489 1.000000
vn -0.000479 -0.000489 1.000000
vn -0.000479 -0.000489 1.000000
vn -0.000479 0.000489 1.000000
vn -0.000479 -0.000489 1.000000
vn -0.000479 0.000489 1.000000
vn -0.000479 -0.000489 1.000000
vn -0.000479 0.004397 1.000000
vn -0.000479 -0.004397 1.000000
vn 0.006360 0.004397 1.000000
vn 0.006360 -0.004397 1.000000
vn 0.475339 -0.020029 0.879824
vn 0.475339 0.020029 0.879824
vn 0.824142 -0.020029 0.566194
vn 0.824142 0.020029 0.566194
vn 0.984376 -0.019052 0.175379
vn 0.984376 0.019052 0.175379
vn 1.000009 -0.001466 0.006351
vn 1.000009 0.001466 0.006351
vn 1.000009 0.000489 -0.000489
vn 1.000009 -0.000489 -0.000489
vn 1.000009 0.000489 -0.000489
vn 1.000009 -0.000489 -0.000489
vn 1.000009 0.003420 0.006351
vn 1.000009 -0.000489 -0.000489
vn 1.000009 -0.000489 -0.000489
vn 1.000009 -0.000489 -0.000489
vn 1.000009 -0.000489 -0.000489
vn 1.000009 0.001466 0.003420
vn 1.000009 0.003420 0.019052
vn 0.999032 -0.043478 0.021983
vn 0.999032 -0.043478 0.006351
vn 0.999032 -0.050318 0.005374
vn 0.983399 -0.039570 0.174402
vn 0.936502 -0.352223 0.004397
vn 0.932593 -0.360039 -0.008305
vn 0.936502 -0.350269 0.027846
vn 0.982422 -0.063019 0.175379
vn 0.911098 -0.364924 0.191011
vn 0.826096 -0.056180 0.560332
vn 0.823165 -0.039570 0.566194
vn 0.761611 -0.320957 0.562286
vn 0.695173 -0.691256 0.197850
vn 0.711782 -0.702003 0.030777
vn 0.711782 -0.702980 0.003420
vn 0.710805 -0.702980 -0.013190
vn 0.362002 -0.932584 0.005374
vn 0.367864 -0.929653 -0.007328
vn 0.361025 -0.932584 0.029800
vn 0.026878 -1.000000 0.010259
vn 0.035671 -0.999023 0.002443
vn 0.368842 -0.909135 0.194919
vn 0.003429 -1.000000 0.004397
vn 0.003429 -1.000000 0.004397
vn 0.003429 -1.000000 0.004397
vn 0.004406 -1.000000 0.011236
vn 0.004406 -1.000000 0.013190
vn 0.023947 -0.999023 0.028823
vn 0.000498 -1.000000 0.028823
vn 0.000498 -1.000000 0.013190
vn 0.021992 -0.983390 0.180264
vn -0.000479 -0.983390 0.179287
vn 0.321944 -0.759648 0.565217
vn 0.018084 -0.822179 0.569126
vn -0.000479 -0.821202 0.570103
vn -0.000479 -0.473376 0.880801
vn 0.585744 -0.584758 0.561309
vn 0.200791 -0.465559 0.862237
vn 0.009291 -0.477284 0.878847
vn 0.466545 -0.200782 0.861260
vn 0.363956 -0.362970 0.858329
vn 0.000498 -0.002443 1.000000
vn 0.000498 -0.014167 1.000000
vn 0.001475 -0.001466 1.000000
vn 0.002452 -0.000489 1.000000
vn 0.487063 -0.030777 0.872985
vn 0.474362 -0.039570 0.878847
vn 0.004406 -0.000489 1.000000
vn 0.003429 -0.004397 1.000000
vn -0.890563 -0.454812 -0.006351
vn -0.890563 -0.454812 -0.007328
vn -0.890563 -0.454812 -0.006351
vn -0.890563 -0.454812 -0.006351
vn 0.691265 -0.691256 -0.211529
vn 0.374704 -0.905227 0.199805
vn 0.374704 -0.903273 -0.208598
vn 0.036648 -0.978505 0.201759
vn 0.348324 -0.840743 -0.414753
vn 0.643390 -0.643381 -0.415730
vn 0.035671 -0.977528 -0.206644
vn 0.031763 -0.912066 -0.407914
vn -0.074734 -0.989253 -0.128481
vn -0.421584 -0.887640 -0.185149
vn 0.065959 -0.989253 0.128481
vn 0.141191 -0.951148 0.274060
vn 0.034694 -0.911089 0.409868
vn 0.349301 -0.843674 0.407914
vn 0.694196 -0.693210 0.193942
vn 0.647298 -0.646312 0.403029
vn 0.844660 -0.347338 0.406937
vn 0.903282 -0.373718 -0.209575
vn 0.840752 -0.348315 -0.414753
vn 0.906213 -0.373718 0.198828
vn 0.975583 -0.081583 -0.202736
vn 0.909144 -0.075721 -0.408891
vn 0.975583 -0.080606 0.204690
vn 0.910121 -0.073766 0.408891
vn 0.979491 -0.000489 -0.202736
vn 0.913053 -0.000489 -0.406937
vn 0.978514 -0.000489 0.207621
vn 0.911098 0.000489 0.411822
vn 0.978514 -0.000489 0.207621
vn 0.911098 -0.000489 0.411822
vn 0.979491 0.000489 -0.202736
vn 0.913053 0.000489 -0.406937
vn 0.913053 0.000489 -0.406937
vn 0.979491 0.000489 -0.201759
vn 0.909144 0.076698 -0.408891
vn 0.978514 0.000489 0.207621
vn 0.911098 0.000489 0.411822
vn 0.909144 0.074744 0.408891
vn 0.975583 0.081583 0.204690
vn 0.844660 0.347338 0.406937
vn 0.975583 0.082560 -0.202736
vn 0.840752 0.348315 -0.414753
vn 0.906213 0.373718 0.198828
vn 0.694196 0.693210 0.193942
vn 0.647298 0.646312 0.403029
vn 0.903282 0.373718 -0.209575
vn 0.643390 0.643381 -0.415730
vn 0.691265 0.691255 -0.211529
vn 0.374704 0.905227 0.198828
vn -0.691246 -0.448950 -0.566194
vn -0.691246 -0.448950 -0.566194
vn -0.691246 -0.448950 -0.566194
vn -0.691246 -0.448950 -0.566194
vn 0.362979 -0.931607 -0.013190
vn 0.362979 -0.931607 -0.013190
vn 0.362979 -0.931607 -0.013190
vn 0.362979 -0.931607 -0.013190
vn 0.429418 0.899365 0.083537
vn 0.429418 0.899365 0.083537
vn 0.429418 0.899365 0.083537
vn 0.429418 0.899365 0.083537
vn 0.084523 -0.996092 0.025892
vn 0.084523 -0.996092 0.025892
vn 0.084523 -0.996092 0.025892
vn 0.084523 -0.996092 0.025892
vn 0.002452 0.908158 0.418661
vn 0.002452 0.908158 0.418661
vn 0.002452 0.908158 0.418661
vn 0.002452 0.908158 0.418661
vn 0.100156 0.716658 -0.690278
vn -0.005365 0.719590 -0.694187
vn -0.005365 0.719590 -0.694187
vn 0.100156 0.716658 -0.690278
vn 0.706897 0.509526 -0.491939
vn 0.706897 0.509526 -0.491939
vn -0.498770 0.866146 0.006351
vn -0.498770 0.866146 0.006351
vn -0.498770 0.866146 0.006351
vn -0.498770 0.866146 0.006351
vn -0.152898 -0.788959 0.595506
vn -0.152898 -0.788959 0.595506
vn -0.152898 -0.788959 0.595506
vn -0.152898 -0.788959 0.595506
vn -0.633601 0.773327 0.021983
vn -0.633601 0.773327 0.021983
vn -0.633601 0.773327 0.021983
vn -0.633601 0.773327 0.021983
vn -0.889585 -0.456766 0.012213
vn -0.889585 -0.456766 0.012213
vn -0.889585 -0.456766 0.012213
vn -0.889585 -0.456766 0.012213
vn -0.598428 0.801661 0.002443
vn -0.598428 0.801661 0.002443
vn -0.598428 0.801661 0.002443
vn -0.598428 0.801661 0.002443
vn 0.920869 -0.389350 0.005374
vn 0.920869 -0.389350 0.005374
vn 0.920869 -0.389350 0.005374
vn 0.920869 -0.389350 0.005374
vn 0.374704 -0.926722 0.009282
vn 0.374704 -0.926722 0.009282
vn 0.374704 -0.926722 0.009282
vn 0.374704 -0.926722 0.009282
vn -0.287729 -0.957010 0.048363
vn -0.287729 -0.957010 0.048363
vn -0.287729 -0.957010 0.048363
vn -0.287729 -0.957010 0.048363
vn 0.980468 0.198828 -0.005374
vn 0.980468 0.198828 -0.005374
vn 0.980468 0.198828 -0.005374
vn 0.980468 0.198828 -0.005374
vn -0.392272 -0.919883 -0.013190
vn -0.392272 -0.919883 -0.013190
vn -0.392272 -0.919883 -0.013190
vn -0.392272 -0.919883 -0.013190
vn -0.506586 0.862237 -0.001466
vn -0.506586 0.862237 -0.002443
vn -0.506586 0.862237 -0.001466
vn -0.506586 0.862237 -0.001466
vn 0.918915 -0.393258 -0.006351
vn 0.918915 -0.393258 -0.006351
vn 0.918915 -0.393258 -0.006351
vn 0.918915 -0.393258 -0.006351
vn -0.883723 -0.467513 -0.007328
vn -0.883723 -0.467513 -0.007328
vn -0.883723 -0.467513 -0.007328
vn -0.883723 -0.467513 -0.007328
vn 0.872994 0.017098 0.488031
vn 0.872994 0.017098 0.488031
vn 0.872994 0.017098 0.488031
vn 0.872994 0.017098 0.488031
vn 0.991216 0.113825 0.062042
vn 0.991216 0.113825 0.062042
vn 0.991216 0.113825 0.062042
vn 0.991216 0.113825 0.062042
vn 0.370796 -0.928676 -0.013190
vn 0.370796 -0.928676 -0.013190
vn 0.370796 -0.928676 -0.013190
vn 0.370796 -0.928676 -0.013190
vn -0.505609 0.863214 0.006351
vn -0.505609 0.863214 0.006351
vn -0.505609 0.863214 0.006351
vn -0.505609 0.863214 0.006351
vn 0.242803 -0.969712 -0.016121
vn 0.242803 -0.969712 -0.016121
vn 0.242803 -0.969712 -0.016121
vn 0.242803 -0.969712 -0.016121
vn 0.847591 -0.336590 0.409868
vn 0.847591 -0.336590 0.409868
vn 0.847591 -0.336590 0.409868
vn 0.847591 -0.336590 0.409868
vn 0.805578 -0.169516 0.568148
vn 0.805578 -0.169516 0.568148
vn 0.805578 -0.169516 0.568148
vn 0.805578 -0.169516 0.568148
vn -0.882746 -0.469468 0.012213
vn -0.882746 -0.469468 0.012213
vn -0.882746 -0.469468 0.012213
vn -0.882746 -0.469468 0.012213
vn 0.915007 -0.403029 0.005374
vn 0.915007 -0.403029 0.005374
vn 0.915007 -0.403029 0.005374
vn 0.915007 -0.403029 0.005374
vn -0.286752 -0.757694 0.585735
vn -0.286752 -0.757694 0.585735
vn -0.286752 -0.757694 0.585735
vn -0.286752 -0.757694 0.585735
vn 0.605285 -0.451881 0.655105
vn 0.605285 -0.451881 0.655105
vn 0.605285 -0.451881 0.655105
vn 0.605285 -0.451881 0.655105
vn -0.000479 -0.794822 0.606253
vn 0.000498 -0.795799 0.606253
vn 0.000498 -0.795799 0.606253
vn -0.000479 -0.794822 0.606253
vn -0.000479 -0.793845 0.608207
vn 0.000498 -0.794822 0.607230
vn -0.000479 -0.793845 0.608207
vn -0.000479 -0.793845 0.607230
vn -0.000479 -0.794822 0.607230
vn 0.000498 -0.794822 0.606253
vn -0.000479 -0.794822 0.607230
vn 0.000498 -0.794822 0.606253
vn 0.000498 -0.792868 0.609184
vn -0.000479 -0.792868 0.609184
vn -0.000479 -0.792868 0.609184
vn 0.000498 -0.792868 0.609184
vn -0.000479 -0.793845 0.608207
vn 0.000498 -0.793845 0.608207
vn -0.000479 -0.793845 0.608207
vn -0.000479 -0.793845 0.608207
vn 0.000498 -0.791891 0.611138
vn -0.000479 -0.791891 0.610161
vn -0.000479 -0.791891 0.610161
vn 0.000498 -0.791891 0.611138
vn 0.000498 -0.792868 0.610161
vn -0.000479 -0.792868 0.610161
vn 0.000498 -0.792868 0.610161
vn 0.000498 -0.791891 0.610161
vn -0.000479 -0.790914 0.612115
vn -0.000479 -0.790914 0.612115
vn -0.000479 -0.790914 0.612115
vn -0.000479 -0.790914 0.612115
vn 0.000498 -0.790914 0.611138
vn -0.000479 -0.791891 0.611138
vn -0.000479 -0.791891 0.611138
vn -0.000479 -0.790914 0.611138
vn 0.913053 -0.406937 -0.006351
vn 0.913053 -0.406937 -0.006351
vn 0.913053 -0.406937 -0.006351
vn 0.913053 -0.406937 -0.006351
vn -0.001456 -0.787982 0.616023
vn -0.001456 -0.787982 0.616023
vn -0.001456 -0.787982 0.616023
vn -0.001456 -0.787982 0.616023
vn -0.877861 -0.479238 -0.007328
vn -0.877861 -0.479238 -0.007328
vn -0.877861 -0.479238 -0.007328
vn -0.877861 -0.479238 -0.007328
vn -0.571071 -0.820225 0.029800
vn -0.571071 -0.820225 0.029800
vn -0.571071 -0.820225 0.029800
vn -0.571071 -0.820225 0.029800
vn 0.919892 0.389350 0.042501
vn 0.919892 0.389350 0.042501
vn 0.919892 0.389350 0.042501
vn 0.919892 0.389350 0.042501
vn -0.644349 -0.764533 -0.001466
vn -0.644349 -0.764533 -0.001466
vn -0.644349 -0.764533 -0.001466
vn -0.644349 -0.764533 -0.001466
vn -0.644349 -0.764533 -0.001466
vn -0.153875 -0.807523 0.569126
vn -0.153875 -0.807523 0.569126
vn -0.153875 -0.807523 0.569126
vn -0.153875 -0.807523 0.569126
vn 0.809486 -0.004397 0.587689
vn 0.809486 -0.004397 0.587689
vn 0.809486 -0.004397 0.587689
vn 0.809486 -0.004397 0.587689
vn -0.820216 0.572057 0.002443
vn -0.688315 0.182218 0.702003
vn -0.989244 0.143136 0.006351
vn -0.677568 0.168539 0.715681
vn -0.991198 0.130435 0.006351
vn -0.656073 0.514411 0.551539
vn -0.305316 0.952125 -0.001466
vn -0.257441 0.800684 0.539814
vn 0.180273 0.821202 0.541768
vn 0.242803 0.969712 0.000489
vn 0.565226 0.607230 0.559355
vn 0.717645 0.697118 0.006351
vn 0.792877 0.164631 0.586712
vn 0.992193 0.121641 0.015144
vn 0.654137 -0.141182 0.743039
vn 0.945295 -0.324866 0.019052
vn 0.636550 -0.148022 0.756717
vn 0.941387 -0.336590 0.020029
vn 0.636550 -0.148022 0.756717
vn 0.802647 0.000489 0.596483
vn 0.802647 0.000489 0.596483
vn 0.802647 0.000489 0.596483
vn 0.802647 0.000489 0.596483
vn 0.802647 0.000489 0.596483
vn 0.802647 0.000489 0.596483
vn 0.802647 0.000489 0.596483
vn 0.802647 0.000489 0.596483
vn 0.857361 0.514411 -0.000489
vn 0.858338 0.513434 0.000489
vn 0.858338 0.513434 0.000489
vn 0.857361 0.513434 0.000489
vn 0.472408 0.880801 -0.017098
vn 0.472408 0.880801 -0.017098
vn 0.472408 0.880801 -0.017098
vn 0.472408 0.880801 -0.017098
vn -0.307270 -0.740107 0.598437
vn -0.307270 -0.740107 0.598437
vn -0.307270 -0.740107 0.598437
vn -0.307270 -0.740107 0.598437
vn 0.097224 -0.726429 0.680508
vn 0.097224 -0.726429 0.680508
vn 0.097224 -0.726429 0.680508
vn 0.097224 -0.726429 0.680508
vn -0.875907 -0.481192 0.013190
vn -0.875907 -0.481192 0.013190
vn -0.875907 -0.481192 0.013190
vn -0.875907 -0.481192 0.013190
vn -0.894471 0.044455 -0.445042
vn -0.885677 -0.043478 -0.462628
vn -0.885677 0.043478 -0.462628
vn -0.894471 -0.044455 -0.445042
vn -0.998037 0.056180 0.024915
vn -0.998037 -0.056180 0.024915
vn -0.774295 0.057157 0.629702
vn -0.774295 -0.057157 0.629702
vn -0.328765 0.056180 0.942355
vn -0.328765 -0.056180 0.942355
vn 0.214469 0.057157 0.974597
vn 0.214469 -0.057157 0.974597
vn 0.765520 0.056180 0.640449
vn 0.765520 -0.056180 0.640449
vn 0.977537 0.045432 0.205667
vn 0.977537 -0.045432 0.205667
vn 0.981445 -0.044455 0.185149
vn 0.981445 0.044455 0.185149
vn 0.909144 -0.415730 0.006351
vn 0.909144 -0.415730 0.006351
vn 0.909144 -0.415730 0.006351
vn 0.909144 -0.415730 0.006351
vn 0.390336 -0.545677 0.742061
vn 0.390336 -0.545677 0.742061
vn 0.390336 -0.545677 0.742061
vn 0.390336 -0.545677 0.742061
vn 0.907190 -0.420616 -0.007328
vn 0.907190 -0.420616 -0.007328
vn 0.907190 -0.420616 -0.007328
vn 0.907190 -0.420616 -0.007328
vn -0.871022 -0.491939 -0.008305
vn -0.871022 -0.491939 -0.008305
vn -0.871022 -0.491939 -0.008305
vn -0.871022 -0.491939 -0.008305
vn 0.202745 -0.642403 0.739130
vn 0.202745 -0.642403 0.739130
vn 0.202745 -0.642403 0.739130
vn 0.202745 -0.642403 0.739130
vn 0.789946 0.614069 0.007328
vn 0.789946 0.614069 0.007328
vn 0.789946 0.614069 0.007328
vn 0.789946 0.614069 0.007328
vn 0.487063 0.872985 0.012213
vn 0.487063 0.872985 0.012213
vn 0.487063 0.872985 0.012213
vn 0.487063 0.872985 0.012213
vn 0.384474 -0.922814 0.006351
vn 0.384474 -0.922814 0.006351
vn 0.384474 -0.922814 0.006351
vn 0.384474 -0.922814 0.006351
vn -0.314109 -0.738153 0.597460
vn -0.314109 -0.738153 0.597460
vn -0.314109 -0.738153 0.597460
vn -0.314109 -0.738153 0.597460
vn -0.821193 -0.570103 -0.007328
vn -0.821193 -0.570103 -0.007328
vn -0.821193 -0.570103 -0.007328
vn -0.821193 -0.570103 -0.007328
vn -0.990221 0.141182 -0.017098
vn -0.660958 0.038593 -0.749878
vn -0.672683 0.055203 -0.737176
vn -0.991198 0.128481 -0.017098
vn -0.660958 0.038593 -0.749878
vn -0.821193 0.571080 -0.023937
vn -0.659981 0.430386 -0.615046
vn -0.245716 0.742061 -0.622863
vn -0.305316 0.952125 -0.027846
vn 0.243780 0.969712 -0.025892
vn 0.218377 0.757694 -0.614069
vn 0.718622 0.695164 -0.021006
vn 0.609193 0.518319 -0.600391
vn 0.993170 0.119687 -0.011236
vn 0.814372 0.057157 -0.576942
vn 0.665861 -0.265266 -0.697118
vn 0.945295 -0.326820 -0.003420
vn 0.648275 -0.274060 -0.709819
vn 0.941387 -0.338544 -0.003420
vn 0.479247 0.877870 -0.017098
vn 0.479247 0.877870 -0.017098
vn 0.479247 0.877870 -0.017098
vn 0.479247 0.877870 -0.017098
vn -0.869068 -0.493894 0.013190
vn -0.869068 -0.493894 0.013190
vn -0.869068 -0.493894 0.013190
vn -0.869068 -0.493894 0.013190
vn 0.429418 -0.898388 -0.087445
vn 0.429418 -0.898388 -0.087445
vn 0.429418 -0.898388 -0.087445
vn 0.429418 -0.898388 -0.087445
vn 0.805578 -0.172448 0.567171
vn 0.805578 -0.172448 0.567171
vn 0.805578 -0.172448 0.567171
vn 0.805578 -0.172448 0.567171
vn -0.797744 -0.602345 0.035662
vn -0.797744 -0.602345 0.035662
vn -0.797744 -0.602345 0.035662
vn -0.797744 -0.602345 0.035662
vn 0.903282 -0.428432 0.007328
vn 0.903282 -0.428432 0.007328
vn 0.903282 -0.428432 0.007328
vn 0.903282 -0.428432 0.007328
vn 0.749887 -0.297509 0.591597
vn 0.749887 -0.297509 0.591597
vn 0.749887 -0.297509 0.591597
vn 0.749887 -0.297509 0.591597
vn 0.441142 -0.186126 0.877870
vn 0.441142 -0.887640 0.133366
vn 0.441142 -0.186126 0.877870
vn 0.441142 -0.887640 0.133366
vn 0.408900 -0.903273 -0.128481
vn 0.408900 -0.903273 -0.128481
vn 0.431372 0.238886 0.870054
vn 0.431372 0.238886 0.870054
vn 0.431372 0.826087 0.362970
vn 0.431372 0.826087 0.362970
vn 0.409877 0.903273 0.129458
vn 0.409877 0.903273 0.129458
vn 0.670747 0.741084 0.012213
vn 0.670747 0.741084 0.012213
vn 0.670747 0.741084 0.012213
vn 0.670747 0.741084 0.012213
vn 0.901328 -0.433317 -0.007328
vn 0.901328 -0.433317 -0.007328
vn 0.901328 -0.433317 -0.007328
vn 0.901328 -0.433317 -0.007328
vn 0.609193 0.792868 -0.012213
vn 0.609193 0.792868 -0.012213
vn 0.609193 0.792868 -0.012213
vn 0.609193 0.792868 -0.012213
vn 0.493903 0.870054 0.012213
vn 0.493903 0.870054 0.012213
vn 0.493903 0.870054 0.012213
vn 0.493903 0.870054 0.012213
vn 0.836843 0.086468 0.539814
vn 0.836843 0.086468 0.539814
vn 0.836843 0.086468 0.539814
vn 0.836843 0.086468 0.539814
vn 0.497811 0.867123 -0.022960
vn 0.497811 0.867123 -0.022960
vn 0.497811 0.867123 -0.022960
vn 0.497811 0.867123 -0.022960
vn 0.107972 -0.829995 0.547631
vn 0.107972 -0.829995 0.547631
vn 0.107972 -0.829995 0.547631
vn 0.107972 -0.829995 0.547631
vn 0.897420 -0.441133 0.007328
vn 0.897420 -0.441133 0.007328
vn 0.897420 -0.441133 0.007328
vn 0.897420 -0.441133 0.008305
vn 0.739139 -0.316072 0.595506
vn 0.739139 -0.316072 0.595506
vn 0.739139 -0.316072 0.595506
vn 0.739139 -0.316072 0.595506
vn 0.441142 -0.888618 -0.125550
vn 0.441142 -0.888618 -0.125550
vn 0.441142 -0.888618 -0.125550
vn 0.441142 -0.888618 -0.125550
vn 0.441142 -0.888618 -0.125550
vn 0.538846 -0.841720 -0.002443
vn 0.538846 -0.841720 -0.002443
vn 0.538846 -0.841720 -0.002443
vn 0.538846 -0.841720 -0.002443
vn 0.895466 -0.446019 -0.007328
vn 0.895466 -0.446019 -0.008305
vn 0.895466 -0.446019 -0.008305
vn 0.895466 -0.446019 -0.008305
vn 0.473385 -0.871031 -0.132389
vn 0.473385 -0.871031 -0.132389
vn 0.473385 -0.871031 -0.132389
vn 0.473385 -0.871031 -0.132389
vn 0.736208 -0.327797 0.592574
vn 0.736208 -0.327797 0.592574
vn 0.736208 -0.327797 0.592574
vn 0.736208 -0.327797 0.592574
vn 0.770405 0.357108 0.529067
vn 0.770405 0.357108 0.529067
vn 0.770405 0.357108 0.529067
vn 0.770405 0.357108 0.529067
vn 0.423556 -0.896434 -0.127504
vn 0.423556 -0.896434 -0.127504
vn 0.423556 -0.896434 -0.127504
vn 0.891558 -0.453835 0.008305
vn 0.891558 -0.453835 0.008305
vn 0.891558 -0.453835 0.008305
vn 0.891558 -0.453835 0.008305
vn 0.888627 -0.458720 -0.008305
vn 0.888627 -0.458720 -0.008305
vn 0.888627 -0.458720 -0.008305
vn 0.888627 -0.458720 -0.008305
vn 0.639481 -0.768442 -0.000489
vn 0.639481 -0.768442 -0.000489
vn 0.639481 -0.768442 -0.000489
vn 0.639481 -0.768442 -0.000489
vn 0.435280 0.032731 0.899365
vn 0.435280 0.032731 0.899365
vn 0.435280 0.032731 0.899365
vn 0.435280 0.032731 0.899365
vn 0.437234 0.031754 0.898388
vn 0.436257 0.031754 0.899365
vn 0.437234 0.031754 0.898388
vn 0.436257 0.031754 0.899365
vn 0.732300 -0.339521 0.589643
vn 0.732300 -0.339521 0.589643
vn 0.732300 -0.339521 0.589643
vn 0.732300 -0.339521 0.589643
vn 0.412808 0.032731 0.910112
vn 0.412808 0.032731 0.910112
vn 0.412808 0.032731 0.910112
vn 0.412808 0.032731 0.910112
vn 0.410854 0.708842 0.573034
vn 0.410854 0.708842 0.573034
vn 0.410854 0.708842 0.573034
vn 0.410854 0.708842 0.573034
vn 0.884718 -0.465559 0.009282
vn 0.884718 -0.465559 0.009282
vn 0.884718 -0.465559 0.009282
vn 0.884718 -0.465559 0.009282
vn 0.882764 -0.470445 -0.009282
vn 0.882764 -0.470445 -0.009282
vn 0.882764 -0.470445 -0.009282
vn 0.882764 -0.470445 -0.009282
vn 0.618964 0.584758 0.524182
vn 0.618964 0.584758 0.524182
vn 0.618964 0.584758 0.524182
vn 0.618964 0.584758 0.524182
vn 0.729369 -0.352223 0.586712
vn 0.729369 -0.352223 0.586712
vn 0.729369 -0.352223 0.586712
vn 0.729369 -0.352223 0.586712
vn 0.397176 0.033708 0.916952
vn 0.397176 0.033708 0.916952
vn 0.396199 0.033708 0.916952
vn 0.397176 0.033708 0.916952
vn -0.110885 -0.934538 -0.337567
vn -0.004388 -0.896434 -0.444064
vn -0.110885 -0.936492 -0.333659
vn -0.004388 -0.896434 -0.444064
vn -0.719581 -0.655105 -0.228139
vn -0.720558 -0.654128 -0.229116
vn 0.383497 -0.751832 0.536883
vn 0.383497 -0.751832 0.536883
vn 0.383497 -0.751832 0.536883
vn 0.383497 -0.751832 0.536883
vn 0.416716 0.706888 0.571080
vn 0.416716 0.706888 0.571080
vn 0.416716 0.706888 0.571080
vn 0.416716 0.706888 0.571080
vn 0.878856 -0.477284 0.010259
vn 0.878856 -0.477284 0.010259
vn 0.878856 -0.477284 0.010259
vn 0.878856 -0.477284 0.010259
vn 0.436257 0.032731 0.899365
vn 0.437234 0.032731 0.899365
vn 0.436257 0.032731 0.899365
vn 0.437234 0.032731 0.899365
vn 0.003429 0.051295 0.999023
vn 0.011245 0.036639 0.999023
vn 0.011245 0.051295 0.999023
vn 0.003429 0.036639 0.999023
vn 0.708851 0.026869 0.704934
vn 0.708851 0.036639 0.703957
vn 0.011245 0.051295 0.999023
vn 0.011245 0.513434 0.858329
vn 0.003429 0.513434 0.858329
vn 0.709828 0.363947 0.603322
vn 0.708851 0.036639 0.703957
vn 0.010268 0.814363 0.579873
vn 0.709828 0.363947 0.603322
vn 0.706897 0.579873 0.404983
vn 0.875925 -0.482169 -0.010259
vn 0.875925 -0.482169 -0.010259
vn 0.875925 -0.482169 -0.010259
vn 0.875925 -0.482169 -0.010259
vn 0.456775 0.686370 0.566194
vn 0.456775 0.686370 0.566194
vn 0.456775 0.686370 0.566194
vn 0.456775 0.686370 0.566194
vn 0.725461 -0.363947 0.584758
vn 0.725461 -0.363947 0.583781
vn 0.725461 -0.363947 0.583781
vn 0.725461 -0.363947 0.583781
vn 0.774313 -0.632633 -0.006351
vn 0.774313 -0.632633 -0.006351
vn 0.774313 -0.632633 -0.006351
vn 0.774313 -0.632633 -0.006351
vn 0.707874 -0.508549 0.490962
vn 0.009291 -0.719590 0.694187
vn 0.707874 -0.508549 0.490962
vn 0.009291 -0.719590 0.695164
vn 0.001475 -0.719590 0.694187
vn 0.001475 -0.719590 0.694187
vn 0.009291 -0.719590 0.695164
vn 0.001475 -0.719590 0.694187
vn -0.014158 -0.016121 1.000000
vn -0.023928 -0.069858 0.997069
vn 0.001475 0.000489 1.000000
vn -0.233015 -0.662921 0.711773
vn -0.455780 -0.533952 0.712750
vn -0.023928 -0.069858 0.997069
vn 0.000498 -0.056180 0.998046
vn -0.010250 -0.705911 0.707865
vn -0.233015 -0.662921 0.711773
vn -0.014158 -0.003420 1.000000
vn -0.014158 -0.016121 1.000000
vn -0.021974 -0.012213 1.000000
vn -0.455780 -0.533952 0.712750
vn -0.616991 -0.334636 0.711773
vn -0.687338 -0.149976 0.709819
vn -0.616991 -0.334636 0.711773
vn 0.821211 -0.570103 0.006351
vn 0.821211 -0.570103 0.006351
vn 0.821211 -0.570103 0.006351
vn 0.821211 -0.570103 0.006351
vn 0.030786 -0.058134 0.998046
vn 0.031763 -0.032731 0.999023
vn 0.000498 -0.000489 1.000000
vn 0.491948 -0.508549 0.706888
vn 0.322921 -0.624817 0.710796
vn 0.031763 -0.032731 0.999023
vn 0.021992 -0.010259 1.000000
vn 0.491948 -0.508549 0.706888
vn 0.632642 -0.302394 0.712750
vn 0.021992 -0.010259 1.000000
vn 0.008314 -0.000489 1.000000
vn 0.707874 -0.028823 0.705911
vn 0.632642 -0.302394 0.712750
vn 0.029809 -0.123595 0.992184
vn 0.001475 -0.055203 0.998046
vn 0.011245 -0.705911 0.707865
vn 0.167571 -0.685393 0.707865
vn 0.030786 -0.058134 0.998046
vn 0.167571 -0.685393 0.707865
vn 0.322921 -0.624817 0.710796
vn 0.872017 -0.489008 0.011236
vn 0.872017 -0.489008 0.011236
vn 0.872017 -0.489008 0.011236
vn 0.872017 -0.489008 0.011236
vn 0.721553 -0.375672 0.580850
vn 0.721553 -0.375672 0.580850
vn 0.721553 -0.375672 0.580850
vn 0.721553 -0.375672 0.580850
vn 0.869086 -0.493894 -0.010259
vn 0.869086 -0.493894 -0.010259
vn 0.869086 -0.493894 -0.010259
vn 0.869086 -0.493894 -0.010259
vn 0.001475 -0.055203 0.998046
vn -0.010250 -0.705911 0.707865
vn 0.011245 -0.705911 0.707865
vn 0.000498 -0.056180 0.998046
vn 0.001475 0.000489 1.000000
vn -0.005365 0.000489 1.000000
vn -0.733259 0.064973 0.676600
vn -0.703948 -0.007328 0.710796
vn -0.004388 0.000489 1.000000
vn 0.002452 0.000489 1.000000
vn -0.005365 0.000489 1.000000
vn -0.014158 -0.003420 1.000000
vn -0.703948 -0.007328 0.710796
vn -0.687338 -0.149976 0.709819
vn 0.001475 -0.000489 1.000000
vn 0.008314 -0.000489 1.000000
vn 0.007337 -0.000489 1.000000
vn 0.000498 -0.000489 1.000000
vn 0.707874 -0.028823 0.705911
vn 0.708851 0.000489 0.704934
vn 0.116765 0.000489 0.993161
vn 0.013199 -0.000489 1.000000
vn 0.117742 -0.001466 0.993161
vn 0.012222 0.000489 1.000000
vn 0.713736 0.000489 0.700049
vn 0.713736 -0.008305 0.700049
vn 0.116765 -0.007328 0.993161
vn 0.116765 0.000489 0.993161
vn 0.012222 -0.007328 1.000000
vn 0.714713 -0.005374 0.699072
vn 0.116765 -0.007328 0.993161
vn 0.121650 -0.487054 0.864192
vn 0.744025 -0.331705 0.580850
vn 0.010268 -0.489985 0.872008
vn 0.739139 -0.578896 0.344406
vn 0.116765 -0.851490 0.510503
vn 0.006360 -0.857352 0.514411
vn 0.727415 -0.682462 0.072789
vn 0.109926 -0.988276 0.109917
vn 0.001475 -0.994138 0.110894
vn 0.109926 -0.988276 0.109917
vn 0.707874 -0.690278 -0.148022
vn 0.102110 -0.973620 -0.203713
vn -0.002434 -0.978505 -0.204690
vn 0.102110 -0.969712 -0.220322
vn 0.707874 -0.687347 -0.159746
vn -0.002434 -0.975574 -0.221299
vn 0.102110 -0.808500 -0.579873
vn 0.102110 -0.969712 -0.220322
vn 0.724484 -0.556424 -0.405960
vn -0.006342 -0.813385 -0.581827
vn 0.101133 -0.509526 -0.854421
vn 0.727415 -0.349292 -0.590620
vn 0.102110 -0.808500 -0.579873
vn -0.009273 -0.512457 -0.859306
vn 0.101133 -0.509526 -0.854421
vn 0.703966 -0.032731 -0.709819
vn 0.094293 -0.045432 -0.994138
vn -0.011227 -0.045432 -0.999023
vn 0.702989 -0.026869 -0.710796
vn 0.093316 -0.037616 -0.995115
vn -0.012204 -0.037616 -0.999023
vn 0.094293 -0.045432 -0.994138
vn 0.718622 -0.387396 0.577919
vn 0.717645 -0.387396 0.577919
vn 0.717645 -0.387396 0.577919
vn 0.718622 -0.387396 0.577919
vn 0.598446 -0.600391 0.531021
vn 0.598446 -0.600391 0.531021
vn 0.598446 -0.600391 0.531021
vn 0.598446 -0.600391 0.531021
vn 0.714713 -0.399121 0.574988
vn 0.714713 -0.399121 0.574988
vn 0.714713 -0.399121 0.574988
vn 0.714713 -0.399121 0.574988
vn -0.110885 -0.936492 -0.333659
vn -0.001456 -1.000000 -0.000489
vn -0.106977 -0.994138 0.000489
vn -0.001456 -1.000000 -0.000489
vn -0.719581 -0.655105 -0.228139
vn -0.737167 -0.047386 -0.674646
vn 0.709828 -0.410845 0.572057
vn 0.709828 -0.410845 0.572057
vn 0.709828 -0.410845 0.572057
vn 0.709828 -0.410845 0.572057
vn -0.106000 -0.994138 0.000489
vn 0.000498 -1.000000 -0.000489
vn -0.110885 -0.934538 -0.337567
vn 0.000498 -1.000000 -0.000489
vn -0.720558 -0.654128 -0.229116
vn -0.722512 -0.040547 0.690278
vn 0.692242 -0.447973 0.566194
vn 0.692242 -0.447973 0.566194
vn 0.692242 -0.447973 0.566194
vn 0.692242 -0.447973 0.566194
vn -0.032722 -0.079629 0.996092
vn -0.001456 -0.098192 0.995115
vn 0.000498 0.000489 1.000000
vn -0.012204 -0.706888 0.707865
vn -0.266234 -0.648266 0.713727
vn 0.002452 0.004397 1.000000
vn -0.069849 -0.069858 0.995115
vn -0.032722 -0.079629 0.996092
vn -0.266234 -0.648266 0.713727
vn -0.494861 -0.494871 0.713727
vn 0.008314 0.008305 1.000000
vn -0.089390 -0.036639 0.995115
vn -0.069849 -0.069858 0.995115
vn -0.494861 -0.494871 0.713727
vn -0.647280 -0.265266 0.714704
vn 0.016130 0.006351 1.000000
vn -0.092321 -0.001466 0.996092
vn -0.089390 -0.036639 0.995115
vn 0.015153 0.000489 1.000000
vn -0.701994 -0.014167 0.711773
vn -0.647280 -0.265266 0.714704
vn -0.092321 0.000489 0.996092
vn 0.015153 0.000489 1.000000
vn -0.092321 -0.001466 0.996092
vn -0.701994 -0.014167 0.711773
vn -0.722512 -0.040547 0.690278
vn 0.981445 -0.044455 0.185149
vn 0.800693 -0.576942 0.161700
vn 0.977537 -0.045432 0.205667
vn 0.809486 -0.570103 0.144113
vn 0.765520 -0.056180 0.640449
vn 0.576951 -0.644358 0.501710
vn 0.169525 -0.641426 0.748901
vn 0.214469 -0.057157 0.974597
vn -0.253533 -0.637518 0.727406
vn -0.328765 -0.056180 0.942355
vn -0.774295 -0.057157 0.629702
vn -0.598428 -0.641426 0.481192
vn -0.998037 -0.056180 0.024915
vn -0.764524 -0.644358 0.033708
vn -0.733259 -0.568148 -0.373718
vn -0.894471 -0.044455 -0.445042
vn -0.885677 -0.043478 -0.462628
vn -0.729351 -0.560332 -0.392281
vn 0.117742 -0.001466 0.993161
vn 0.016130 -0.003420 1.000000
vn 0.118719 -0.023937 0.992184
vn 0.713736 -0.008305 0.700049
vn 0.695173 -0.140205 0.704934
vn 0.118719 -0.023937 0.992184
vn 0.013199 -0.007328 1.000000
vn 0.104064 -0.059111 0.993161
vn 0.695173 -0.140205 0.704934
vn 0.613101 -0.349292 0.708842
vn 0.076707 -0.089399 0.993161
vn 0.007337 -0.008305 1.000000
vn 0.104064 -0.059111 0.993161
vn 0.460683 -0.535906 0.707865
vn 0.613101 -0.349292 0.708842
vn 0.076707 -0.089399 0.993161
vn 0.001475 -0.005374 1.000000
vn 0.040556 -0.105032 0.993161
vn 0.460683 -0.535906 0.707865
vn 0.254528 -0.656082 0.710796
vn 0.040556 -0.105032 0.993161
vn 0.000498 -0.000489 1.000000
vn 0.002452 -0.101124 0.995115
vn 0.012222 -0.706888 0.706888
vn 0.254528 -0.656082 0.710796
vn 0.002452 -0.101124 0.995115
vn -0.001456 -0.098192 0.995115
vn 0.012222 -0.706888 0.706888
vn -0.012204 -0.706888 0.707865
vn -0.000479 1.000000 -0.000489
vn -0.000479 1.000000 -0.000489
vn -0.000479 1.000000 -0.000489
vn -0.000479 1.000000 0.000489
vn -0.000479 1.000000 0.000489
vn -0.000479 1.000000 0.000489
vn -0.990221 0.141182 -0.017098
vn -0.991198 0.130435 0.006351
vn -0.991198 0.128481 -0.017098
vn -0.989244 0.143136 0.006351
vn -0.821193 0.571080 -0.023937
vn -0.820216 0.572057 0.002443
vn -0.305316 0.952125 -0.027846
vn -0.305316 0.952125 -0.001466
vn 0.242803 0.969712 0.000489
vn 0.243780 0.969712 -0.025892
vn 0.717645 0.697118 0.006351
vn 0.718622 0.695164 -0.021006
vn 0.992193 0.121641 0.015144
vn 0.993170 0.119687 -0.011236
vn 0.945295 -0.324866 0.019052
vn 0.945295 -0.326820 -0.003420
vn 0.941387 -0.336590 0.020029
vn 0.941387 -0.338544 -0.003420

vt 0.757149 0.163156 0.0
vt 0.761929 0.173713 0.0
vt 0.757149 0.175039 0.0
vt 0.761923 0.164033 0.0
vt 0.245529 0.272623 0.0
vt 0.250343 0.283119 0.0
vt 0.245529 0.284563 0.0
vt 0.250309 0.273243 0.0
vt 0.800758 0.232699 0.0
vt 0.795898 0.221022 0.0
vt 0.800870 0.222244 0.0
vt 0.795898 0.234328 0.0
vt 0.700732 0.001935 0.0
vt 0.705569 0.100612 0.0
vt 0.700732 0.103969 0.0
vt 0.705563 0.003217 0.0
vt 0.717604 0.193169 0.0
vt 0.722435 0.205110 0.0
vt 0.717604 0.206808 0.0
vt 0.722433 0.194423 0.0
vt 0.325164 0.019943 0.0
vt 0.325164 0.014055 0.0
vt 0.330117 0.015787 0.0
vt 0.408682 0.001748 0.0
vt 0.415130 0.006797 0.0
vt 0.408682 0.009510 0.0
vt 0.459707 0.283952 0.0
vt 0.454822 0.294713 0.0
vt 0.454822 0.282777 0.0
vt 0.459980 0.293452 0.0
vt 0.751067 0.363378 0.0
vt 0.753203 0.376522 0.0
vt 0.751096 0.376528 0.0
vt 0.750117 0.363429 0.0
vt 0.750147 0.376500 0.0
vt 0.753174 0.363374 0.0
vt 0.754124 0.363413 0.0
vt 0.754152 0.376489 0.0
vt 0.713257 0.368393 0.0
vt 0.711396 0.353705 0.0
vt 0.713263 0.353695 0.0
vt 0.714207 0.368334 0.0
vt 0.714213 0.353746 0.0
vt 0.711389 0.368404 0.0
vt 0.710446 0.353763 0.0
vt 0.710439 0.368352 0.0
vt 0.713296 0.383376 0.0
vt 0.714207 0.368445 0.0
vt 0.714246 0.383345 0.0
vt 0.711389 0.368404 0.0
vt 0.711427 0.383387 0.0
vt 0.710439 0.368464 0.0
vt 0.710477 0.383365 0.0
vt 0.719936 0.347684 0.0
vt 0.726261 0.338659 0.0
vt 0.728612 0.343367 0.0
vt 0.717594 0.342971 0.0
vt 0.726188 0.356246 0.0
vt 0.717594 0.360589 0.0
vt 0.728294 0.360400 0.0
vt 0.719688 0.364749 0.0
vt 0.401735 0.362588 0.0
vt 0.412932 0.362611 0.0
vt 0.404205 0.367234 0.0
vt 0.410477 0.357956 0.0
vt 0.403927 0.349600 0.0
vt 0.412987 0.344787 0.0
vt 0.401735 0.345490 0.0
vt 0.410810 0.340669 0.0
vt 0.009941 0.880554 0.0
vt 0.071228 0.927416 0.0
vt 0.060333 0.938281 0.0
vt 0.099713 0.973107 0.0
vt 0.110416 0.961104 0.0
vt 0.023670 0.873508 0.0
vt 0.002282 0.859205 0.0
vt 0.079925 0.918430 0.0
vt 0.118457 0.951870 0.0
vt 0.033230 0.867900 0.0
vt 0.017154 0.856721 0.0
vt 0.001502 0.850626 0.0
vt 0.025695 0.854225 0.0
vt 0.087357 0.910461 0.0
vt 0.126352 0.942672 0.0
vt 0.040483 0.862551 0.0
vt 0.031953 0.850796 0.0
vt 0.023730 0.849027 0.0
vt 0.016277 0.850183 0.0
vt 0.002031 0.841831 0.0
vt 0.016587 0.843692 0.0
vt 0.003863 0.833514 0.0
vt 0.022251 0.843536 0.0
vt 0.029196 0.846295 0.0
vt 0.034006 0.842997 0.0
vt 0.021349 0.837886 0.0
vt 0.017986 0.837532 0.0
vt 0.028346 0.832484 0.0
vt 0.035306 0.793712 0.0
vt 0.024160 0.836883 0.0
vt 0.026610 0.841681 0.0
vt 0.057611 0.798868 0.0
vt 0.038448 0.788542 0.0
vt 0.039294 0.782211 0.0
vt 0.037584 0.775451 0.0
vt 0.033572 0.768967 0.0
vt 0.030418 0.839154 0.0
vt 0.026623 0.835284 0.0
vt 0.033449 0.835074 0.0
vt 0.061571 0.801900 0.0
vt 0.038055 0.837987 0.0
vt 0.065525 0.804830 0.0
vt 0.069453 0.807642 0.0
vt 0.042231 0.841111 0.0
vt 0.080536 0.814553 0.0
vt 0.037413 0.846716 0.0
vt 0.053131 0.850038 0.0
vt 0.046881 0.856891 0.0
vt 0.102105 0.893509 0.0
vt 0.131023 0.838974 0.0
vt 0.094480 0.902465 0.0
vt 0.134141 0.933332 0.0
vt 0.141836 0.923746 0.0
vt 0.172700 0.856894 0.0
vt 0.751059 0.350200 0.0
vt 0.753174 0.363374 0.0
vt 0.751067 0.363378 0.0
vt 0.750110 0.350255 0.0
vt 0.750117 0.363330 0.0
vt 0.753176 0.350198 0.0
vt 0.754123 0.363316 0.0
vt 0.754116 0.350251 0.0
vt 0.995342 0.363407 0.0
vt 0.998357 0.375723 0.0
vt 0.995526 0.376318 0.0
vt 0.998357 0.362540 0.0
vt 0.287488 0.349554 0.0
vt 0.299172 0.348534 0.0
vt 0.289692 0.353657 0.0
vt 0.296950 0.344440 0.0
vt 0.289978 0.336329 0.0
vt 0.299195 0.331348 0.0
vt 0.287488 0.331693 0.0
vt 0.296687 0.326722 0.0
vt 0.608668 0.021958 0.0
vt 0.620254 0.023768 0.0
vt 0.609825 0.026469 0.0
vt 0.619078 0.019261 0.0
vt 0.614255 0.009715 0.0
vt 0.624623 0.007029 0.0
vt 0.612948 0.004617 0.0
vt 0.623294 0.001937 0.0
vt 0.733244 0.231049 0.0
vt 0.737902 0.309534 0.0
vt 0.717531 0.320019 0.0
vt 0.737902 0.231040 0.0
vt 0.717531 0.222623 0.0
vt 0.722793 0.222614 0.0
vt 0.722168 0.518564 0.0
vt 0.713879 0.516932 0.0
vt 0.722590 0.516894 0.0
vt 0.712017 0.518590 0.0
vt 0.714825 0.515978 0.0
vt 0.722364 0.515945 0.0
vt 0.722590 0.516894 0.0
vt 0.742670 0.509000 0.0
vt 0.743021 0.506657 0.0
vt 0.742735 0.505738 0.0
vt 0.713296 0.383376 0.0
vt 0.714246 0.383398 0.0
vt 0.713879 0.516932 0.0
vt 0.711427 0.383387 0.0
vt 0.710477 0.383419 0.0
vt 0.712017 0.518590 0.0
vt 0.711070 0.519265 0.0
vt 0.722319 0.519514 0.0
vt 0.711350 0.519542 0.0
vt 0.722168 0.518564 0.0
vt 0.742882 0.509949 0.0
vt 0.722435 0.519488 0.0
vt 0.742670 0.509000 0.0
vt 0.753769 0.508970 0.0
vt 0.742670 0.509000 0.0
vt 0.754446 0.509919 0.0
vt 0.751654 0.506620 0.0
vt 0.742670 0.509000 0.0
vt 0.750700 0.505674 0.0
vt 0.742859 0.505708 0.0
vt 0.751143 0.389690 0.0
vt 0.750193 0.389709 0.0
vt 0.751654 0.506620 0.0
vt 0.753248 0.389683 0.0
vt 0.753769 0.508970 0.0
vt 0.754198 0.389694 0.0
vt 0.754722 0.509639 0.0
vt 0.754153 0.376549 0.0
vt 0.754198 0.389664 0.0
vt 0.753203 0.376522 0.0
vt 0.751143 0.389690 0.0
vt 0.751096 0.376527 0.0
vt 0.750147 0.376561 0.0
vt 0.750193 0.389679 0.0
vt 0.605762 0.353606 0.0
vt 0.611883 0.344633 0.0
vt 0.614253 0.349332 0.0
vt 0.603393 0.348906 0.0
vt 0.611853 0.362240 0.0
vt 0.603393 0.366589 0.0
vt 0.613986 0.366380 0.0
vt 0.605519 0.370733 0.0
vt 0.988263 0.353259 0.0
vt 0.991310 0.365860 0.0
vt 0.988263 0.366595 0.0
vt 0.991131 0.352515 0.0
vt 0.907626 0.243022 0.0
vt 0.896598 0.242015 0.0
vt 0.907905 0.242073 0.0
vt 0.896657 0.242965 0.0
vt 0.683896 0.475806 0.0
vt 0.684861 0.611587 0.0
vt 0.683911 0.611865 0.0
vt 0.684846 0.475740 0.0
vt 0.628524 0.021679 0.0
vt 0.623189 0.038952 0.0
vt 0.623345 0.022526 0.0
vt 0.628524 0.044590 0.0
vt 0.819401 0.321678 0.0
vt 0.815700 0.333520 0.0
vt 0.815577 0.316459 0.0
vt 0.819470 0.333458 0.0
vt 0.819686 0.345393 0.0
vt 0.815919 0.345470 0.0
vt 0.819932 0.357274 0.0
vt 0.816165 0.357373 0.0
vt 0.820222 0.369211 0.0
vt 0.816507 0.371496 0.0
vt 0.820665 0.382510 0.0
vt 0.821144 0.396140 0.0
vt 0.821140 0.503742 0.0
vt 0.824715 0.498111 0.0
vt 0.828674 0.503478 0.0
vt 0.831177 0.497885 0.0
vt 0.848782 0.492621 0.0
vt 0.845595 0.490014 0.0
vt 0.852585 0.489770 0.0
vt 0.856685 0.492336 0.0
vt 0.849570 0.403616 0.0
vt 0.852627 0.376434 0.0
vt 0.849093 0.389989 0.0
vt 0.848616 0.376363 0.0
vt 0.852220 0.364253 0.0
vt 0.848187 0.363579 0.0
vt 0.851827 0.352074 0.0
vt 0.847819 0.352140 0.0
vt 0.847446 0.340438 0.0
vt 0.750473 0.053002 0.0
vt 0.753662 0.065007 0.0
vt 0.750687 0.065741 0.0
vt 0.753662 0.051897 0.0
vt 0.415103 0.287927 0.0
vt 0.410211 0.298532 0.0
vt 0.410211 0.286751 0.0
vt 0.415306 0.297677 0.0
vt 0.279792 0.359248 0.0
vt 0.282693 0.371925 0.0
vt 0.279788 0.372654 0.0
vt 0.282693 0.358502 0.0
vt 0.879162 0.189134 0.0
vt 0.890728 0.188239 0.0
vt 0.890727 0.189188 0.0
vt 0.878883 0.188183 0.0
vt 0.751068 0.337078 0.0
vt 0.753176 0.350198 0.0
vt 0.751059 0.350200 0.0
vt 0.750110 0.350146 0.0
vt 0.750118 0.337126 0.0
vt 0.753185 0.337078 0.0
vt 0.754116 0.350144 0.0
vt 0.754126 0.337126 0.0
vt 0.579470 0.372090 0.0
vt 0.576245 0.377297 0.0
vt 0.576334 0.372035 0.0
vt 0.579470 0.381127 0.0
vt 0.374590 0.400001 0.0
vt 0.377832 0.404588 0.0
vt 0.374590 0.408664 0.0
vt 0.377723 0.399932 0.0
vt 0.735107 0.399964 0.0
vt 0.738076 0.404572 0.0
vt 0.735107 0.408624 0.0
vt 0.737999 0.399916 0.0
vt 0.482229 0.153759 0.0
vt 0.506999 0.172413 0.0
vt 0.504624 0.173912 0.0
vt 0.503193 0.176663 0.0
vt 0.503326 0.179820 0.0
vt 0.516601 0.243343 0.0
vt 0.542708 0.275817 0.0
vt 0.536187 0.247232 0.0
vt 0.538963 0.247240 0.0
vt 0.541109 0.245928 0.0
vt 0.574492 0.239308 0.0
vt 0.547009 0.279110 0.0
vt 0.572923 0.223713 0.0
vt 0.577552 0.243080 0.0
vt 0.551303 0.282292 0.0
vt 0.576771 0.231226 0.0
vt 0.577063 0.221784 0.0
vt 0.581136 0.246282 0.0
vt 0.585135 0.248996 0.0
vt 0.576380 0.237565 0.0
vt 0.583998 0.241577 0.0
vt 0.587941 0.243027 0.0
vt 0.589004 0.237709 0.0
vt 0.580113 0.239772 0.0
vt 0.585028 0.237120 0.0
vt 0.581107 0.236406 0.0
vt 0.577198 0.235505 0.0
vt 0.585381 0.232715 0.0
vt 0.589229 0.232485 0.0
vt 0.581446 0.233025 0.0
vt 0.577480 0.233422 0.0
vt 0.580435 0.229398 0.0
vt 0.581375 0.220048 0.0
vt 0.584253 0.227896 0.0
vt 0.585701 0.218536 0.0
vt 0.588183 0.226773 0.0
vt 0.599467 0.224708 0.0
vt 0.597370 0.254314 0.0
vt 0.555570 0.285346 0.0
vt 0.567606 0.292852 0.0
vt 0.622438 0.319375 0.0
vt 0.653844 0.260148 0.0
vt 0.667701 0.338836 0.0
vt 0.701220 0.266231 0.0
vt 0.702329 0.254176 0.0
vt 0.599376 0.245957 0.0
vt 0.654827 0.249445 0.0
vt 0.703002 0.242233 0.0
vt 0.655307 0.239958 0.0
vt 0.703283 0.230288 0.0
vt 0.600197 0.238999 0.0
vt 0.655324 0.230436 0.0
vt 0.703210 0.218144 0.0
vt 0.654797 0.219550 0.0
vt 0.600291 0.232244 0.0
vt 0.702343 0.201521 0.0
vt 0.653321 0.206487 0.0
vt 0.761929 0.321675 0.0
vt 0.762087 0.331437 0.0
vt 0.759486 0.331964 0.0
vt 0.757121 0.320598 0.0
vt 0.757121 0.332417 0.0
vt 0.004403 0.343792 0.0
vt 0.010610 0.352371 0.0
vt 0.002011 0.356681 0.0
vt 0.004097 0.360845 0.0
vt 0.012702 0.356531 0.0
vt 0.013090 0.339363 0.0
vt 0.010698 0.334675 0.0
vt 0.002011 0.339104 0.0
vt 0.698262 0.325380 0.0
vt 0.693673 0.335961 0.0
vt 0.693673 0.324512 0.0
vt 0.698698 0.335059 0.0
vt 0.524734 0.361289 0.0
vt 0.527658 0.373932 0.0
vt 0.524729 0.374695 0.0
vt 0.527658 0.360509 0.0
vt 0.760282 0.382091 0.0
vt 0.757181 0.387268 0.0
vt 0.757321 0.382007 0.0
vt 0.760282 0.391136 0.0
vt 0.741392 0.013521 0.0
vt 0.737929 0.018734 0.0
vt 0.738018 0.013472 0.0
vt 0.741392 0.022567 0.0
vt 0.762035 0.212485 0.0
vt 0.757140 0.224000 0.0
vt 0.757140 0.211127 0.0
vt 0.762031 0.222929 0.0
vt 0.713263 0.353695 0.0
vt 0.711433 0.339005 0.0
vt 0.713300 0.338996 0.0
vt 0.711396 0.353704 0.0
vt 0.714213 0.353636 0.0
vt 0.714249 0.339049 0.0
vt 0.710483 0.339064 0.0
vt 0.710446 0.353652 0.0
vt 0.711478 0.324024 0.0
vt 0.710483 0.338952 0.0
vt 0.710528 0.324054 0.0
vt 0.713347 0.324014 0.0
vt 0.714250 0.338938 0.0
vt 0.714296 0.324038 0.0
vt 0.865326 0.246787 0.0
vt 0.870162 0.257688 0.0
vt 0.865326 0.258936 0.0
vt 0.870125 0.247593 0.0
vt 0.388608 0.291636 0.0
vt 0.383497 0.295191 0.0
vt 0.383337 0.291515 0.0
vt 0.383231 0.288790 0.0
vt 0.383966 0.287490 0.0
vt 0.389930 0.290757 0.0
vt 0.375644 0.286366 0.0
vt 0.390311 0.295251 0.0
vt 0.391786 0.295041 0.0
vt 0.392258 0.303096 0.0
vt 0.375649 0.287806 0.0
vt 0.368072 0.288833 0.0
vt 0.367328 0.287538 0.0
vt 0.367984 0.291563 0.0
vt 0.362714 0.291718 0.0
vt 0.361385 0.290849 0.0
vt 0.367847 0.295234 0.0
vt 0.361038 0.295343 0.0
vt 0.359563 0.295145 0.0
vt 0.359153 0.303195 0.0
vt 0.367304 0.303379 0.0
vt 0.360694 0.303234 0.0
vt 0.359565 0.331693 0.0
vt 0.357809 0.337255 0.0
vt 0.365576 0.323312 0.0
vt 0.372301 0.318931 0.0
vt 0.379239 0.318965 0.0
vt 0.384091 0.303338 0.0
vt 0.385991 0.323317 0.0
vt 0.390714 0.303147 0.0
vt 0.392083 0.331682 0.0
vt 0.393891 0.337246 0.0
vt 0.568921 0.301232 0.0
vt 0.562701 0.309319 0.0
vt 0.562107 0.301172 0.0
vt 0.568541 0.296738 0.0
vt 0.570396 0.301022 0.0
vt 0.570868 0.309077 0.0
vt 0.567218 0.297617 0.0
vt 0.562577 0.293471 0.0
vt 0.561841 0.294771 0.0
vt 0.569324 0.309128 0.0
vt 0.570694 0.337664 0.0
vt 0.572501 0.343228 0.0
vt 0.564601 0.329298 0.0
vt 0.557850 0.324946 0.0
vt 0.554254 0.292347 0.0
vt 0.545914 0.309360 0.0
vt 0.550912 0.324912 0.0
vt 0.544186 0.329293 0.0
vt 0.539305 0.309215 0.0
vt 0.538175 0.337674 0.0
vt 0.537763 0.309177 0.0
vt 0.536419 0.343236 0.0
vt 0.539648 0.301325 0.0
vt 0.538173 0.301126 0.0
vt 0.539996 0.296830 0.0
vt 0.546457 0.301215 0.0
vt 0.541324 0.297699 0.0
vt 0.545938 0.293519 0.0
vt 0.561947 0.297496 0.0
vt 0.546594 0.297544 0.0
vt 0.546682 0.294814 0.0
vt 0.554258 0.293787 0.0
vt 0.475552 0.116236 0.0
vt 0.480217 0.105413 0.0
vt 0.480217 0.117519 0.0
vt 0.475510 0.106356 0.0
vt 0.687297 0.400061 0.0
vt 0.690454 0.404611 0.0
vt 0.687297 0.408711 0.0
vt 0.690289 0.399957 0.0
vt 0.772880 0.059293 0.0
vt 0.776176 0.071181 0.0
vt 0.773099 0.072034 0.0
vt 0.776176 0.057984 0.0
vt 0.783446 0.019818 0.0
vt 0.778262 0.021197 0.0
vt 0.783050 0.018326 0.0
vt 0.788178 0.019008 0.0
vt 0.787959 0.022753 0.0
vt 0.788268 0.017459 0.0
vt 0.794661 0.019044 0.0
vt 0.794052 0.020471 0.0
vt 0.793880 0.023117 0.0
vt 0.793591 0.026694 0.0
vt 0.798220 0.022378 0.0
vt 0.799410 0.021420 0.0
vt 0.800337 0.026375 0.0
vt 0.798928 0.026633 0.0
vt 0.800213 0.034436 0.0
vt 0.798810 0.034515 0.0
vt 0.793254 0.034472 0.0
vt 0.800046 0.041191 0.0
vt 0.798635 0.041192 0.0
vt 0.799708 0.056852 0.0
vt 0.798289 0.056829 0.0
vt 0.799640 0.063184 0.0
vt 0.793223 0.053355 0.0
vt 0.798220 0.063176 0.0
vt 0.794266 0.057274 0.0
vt 0.791986 0.054268 0.0
vt 0.792841 0.057505 0.0
vt 0.799645 0.091011 0.0
vt 0.794211 0.063657 0.0
vt 0.792787 0.063433 0.0
vt 0.792016 0.066572 0.0
vt 0.793307 0.067300 0.0
vt 0.790175 0.069256 0.0
vt 0.798227 0.091022 0.0
vt 0.791115 0.070477 0.0
vt 0.787699 0.070839 0.0
vt 0.788236 0.072304 0.0
vt 0.774068 0.077053 0.0
vt 0.772752 0.075820 0.0
vt 0.790330 0.089101 0.0
vt 0.786748 0.088773 0.0
vt 0.773935 0.092854 0.0
vt 0.772672 0.075924 0.0
vt 0.786860 0.090365 0.0
vt 0.772673 0.094831 0.0
vt 0.789800 0.090625 0.0
vt 0.793139 0.091574 0.0
vt 0.791936 0.092527 0.0
vt 0.794294 0.095446 0.0
vt 0.792883 0.095719 0.0
vt 0.798280 0.094878 0.0
vt 0.799695 0.094924 0.0
vt 0.798898 0.123338 0.0
vt 0.800337 0.124450 0.0
vt 0.794948 0.124428 0.0
vt 0.793575 0.126299 0.0
vt 0.800226 0.124570 0.0
vt 0.793753 0.126406 0.0
vt 0.982901 0.093405 0.0
vt 0.978051 0.081557 0.0
vt 0.983028 0.082693 0.0
vt 0.978051 0.094954 0.0
vt 0.933488 0.101499 0.0
vt 0.938319 0.113533 0.0
vt 0.933488 0.115088 0.0
vt 0.938320 0.102677 0.0
vt 0.475412 0.101278 0.0
vt 0.470581 0.089196 0.0
vt 0.475412 0.087690 0.0
vt 0.470581 0.100052 0.0
vt 0.782915 0.095561 0.0
vt 0.787744 0.107694 0.0
vt 0.782915 0.109150 0.0
vt 0.787745 0.096836 0.0
vt 0.001495 0.111522 0.0
vt 0.006323 0.123705 0.0
vt 0.001495 0.125111 0.0
vt 0.006323 0.112845 0.0
vt 0.761988 0.114904 0.0
vt 0.757161 0.127123 0.0
vt 0.757161 0.113534 0.0
vt 0.761988 0.125767 0.0
vt 0.761907 0.097035 0.0
vt 0.757080 0.109208 0.0
vt 0.757080 0.095619 0.0
vt 0.761906 0.107903 0.0
vt 0.722523 0.150891 0.0
vt 0.717698 0.163017 0.0
vt 0.717698 0.149428 0.0
vt 0.722523 0.161764 0.0
vt 0.761971 0.184809 0.0
vt 0.757146 0.196891 0.0
vt 0.757146 0.183302 0.0
vt 0.761970 0.195689 0.0
vt 0.722566 0.133085 0.0
vt 0.717743 0.145121 0.0
vt 0.717743 0.131533 0.0
vt 0.722566 0.143972 0.0
vt 0.467220 0.593512 0.0
vt 0.502023 0.596353 0.0
vt 0.467215 0.596357 0.0
vt 0.502026 0.593506 0.0
vt 0.466270 0.593587 0.0
vt 0.466265 0.596289 0.0
vt 0.467222 0.590654 0.0
vt 0.502026 0.590647 0.0
vt 0.466270 0.593436 0.0
vt 0.466272 0.590689 0.0
vt 0.696553 0.355373 0.0
vt 0.699499 0.367981 0.0
vt 0.696550 0.368779 0.0
vt 0.699499 0.354558 0.0
vt 0.793022 0.041007 0.0
vt 0.786942 0.050318 0.0
vt 0.786937 0.040753 0.0
vt 0.790502 0.050770 0.0
vt 0.789914 0.052280 0.0
vt 0.786981 0.051910 0.0
vt 0.773880 0.053635 0.0
vt 0.772497 0.055541 0.0
vt 0.774908 0.039922 0.0
vt 0.773513 0.039798 0.0
vt 0.772336 0.055387 0.0
vt 0.774189 0.033242 0.0
vt 0.775576 0.033390 0.0
vt 0.787299 0.034188 0.0
vt 0.776377 0.026008 0.0
vt 0.775006 0.025332 0.0
vt 0.787745 0.026380 0.0
vt 0.779102 0.022408 0.0
vt 0.984422 0.104228 0.0
vt 0.980578 0.123915 0.0
vt 0.982334 0.103251 0.0
vt 0.979546 0.123838 0.0
vt 0.985270 0.102477 0.0
vt 0.982923 0.124096 0.0
vt 0.981314 0.102935 0.0
vt 0.986037 0.104600 0.0
vt 0.982459 0.132042 0.0
vt 0.984892 0.124211 0.0
vt 0.984572 0.132113 0.0
vt 0.990817 0.124320 0.0
vt 0.986464 0.103373 0.0
vt 0.980026 0.131959 0.0
vt 0.979964 0.140133 0.0
vt 0.989900 0.103431 0.0
vt 0.982301 0.140084 0.0
vt 0.978945 0.140139 0.0
vt 0.984411 0.140056 0.0
vt 0.978985 0.131922 0.0
vt 0.979184 0.148088 0.0
vt 0.980217 0.148067 0.0
vt 0.982513 0.147992 0.0
vt 0.980221 0.210182 0.0
vt 0.978150 0.148103 0.0
vt 0.984483 0.147961 0.0
vt 0.977935 0.140141 0.0
vt 0.977963 0.131881 0.0
vt 0.976902 0.131847 0.0
vt 0.976919 0.140154 0.0
vt 0.978489 0.123757 0.0
vt 0.977440 0.123682 0.0
vt 0.977114 0.148112 0.0
vt 0.980205 0.103023 0.0
vt 0.979168 0.102729 0.0
vt 0.981763 0.099428 0.0
vt 0.980840 0.098723 0.0
vt 0.978031 0.210602 0.0
vt 0.976902 0.210809 0.0
vt 0.979134 0.210426 0.0
vt 0.979158 0.213987 0.0
vt 0.978079 0.214656 0.0
vt 0.981379 0.217907 0.0
vt 0.980219 0.213307 0.0
vt 0.982055 0.216742 0.0
vt 0.985978 0.217913 0.0
vt 0.985930 0.219255 0.0
vt 0.990619 0.218249 0.0
vt 0.981268 0.212609 0.0
vt 0.990027 0.217029 0.0
vt 0.994195 0.215148 0.0
vt 0.986022 0.216582 0.0
vt 0.982682 0.215642 0.0
vt 0.986059 0.215283 0.0
vt 0.993129 0.214382 0.0
vt 0.983307 0.214529 0.0
vt 0.989445 0.215857 0.0
vt 0.995605 0.211255 0.0
vt 0.983136 0.211298 0.0
vt 0.984492 0.212488 0.0
vt 0.994471 0.210989 0.0
vt 0.997738 0.148488 0.0
vt 0.982433 0.209505 0.0
vt 0.996701 0.148439 0.0
vt 0.984068 0.209174 0.0
vt 0.998238 0.140519 0.0
vt 0.984432 0.210410 0.0
vt 0.985189 0.211162 0.0
vt 0.988367 0.209211 0.0
vt 0.987965 0.210455 0.0
vt 0.990364 0.148060 0.0
vt 0.990778 0.140160 0.0
vt 0.992337 0.148166 0.0
vt 0.990018 0.209604 0.0
vt 0.990812 0.132212 0.0
vt 0.992871 0.140261 0.0
vt 0.992276 0.210446 0.0
vt 0.989213 0.211356 0.0
vt 0.987204 0.211189 0.0
vt 0.650483 0.400004 0.0
vt 0.653633 0.404593 0.0
vt 0.650483 0.408654 0.0
vt 0.653546 0.399937 0.0
vt 0.385619 0.382091 0.0
vt 0.382493 0.387272 0.0
vt 0.382625 0.382011 0.0
vt 0.385619 0.391137 0.0
vt 0.738693 0.222160 0.0
vt 0.735539 0.221599 0.0
vt 0.738162 0.221071 0.0
vt 0.741221 0.220159 0.0
vt 0.740275 0.219424 0.0
vt 0.742470 0.217466 0.0
vt 0.741450 0.217150 0.0
vt 0.742021 0.220974 0.0
vt 0.735523 0.222829 0.0
vt 0.732376 0.222073 0.0
vt 0.739223 0.223248 0.0
vt 0.731815 0.223145 0.0
vt 0.742944 0.221679 0.0
vt 0.744617 0.217672 0.0
vt 0.739732 0.224314 0.0
vt 0.743579 0.217378 0.0
vt 0.746344 0.196719 0.0
vt 0.735507 0.224067 0.0
vt 0.735492 0.225244 0.0
vt 0.731266 0.224204 0.0
vt 0.729062 0.220786 0.0
vt 0.728118 0.221451 0.0
vt 0.726582 0.217408 0.0
vt 0.729895 0.219998 0.0
vt 0.730866 0.219280 0.0
vt 0.727630 0.217148 0.0
vt 0.725511 0.196364 0.0
vt 0.728735 0.217264 0.0
vt 0.726563 0.196325 0.0
vt 0.725268 0.188189 0.0
vt 0.727621 0.196280 0.0
vt 0.729765 0.216980 0.0
vt 0.732668 0.217837 0.0
vt 0.731876 0.216074 0.0
vt 0.728655 0.196236 0.0
vt 0.731000 0.196132 0.0
vt 0.726329 0.188191 0.0
vt 0.726561 0.179930 0.0
vt 0.725546 0.179883 0.0
vt 0.727353 0.188184 0.0
vt 0.728396 0.188184 0.0
vt 0.730841 0.188185 0.0
vt 0.732972 0.188189 0.0
vt 0.727083 0.171962 0.0
vt 0.727572 0.179969 0.0
vt 0.726047 0.171914 0.0
vt 0.728590 0.180011 0.0
vt 0.728118 0.172016 0.0
vt 0.729313 0.109413 0.0
vt 0.728179 0.109146 0.0
vt 0.730419 0.109650 0.0
vt 0.730913 0.180141 0.0
vt 0.729150 0.172076 0.0
vt 0.731508 0.109956 0.0
vt 0.731447 0.172236 0.0
vt 0.733006 0.180242 0.0
vt 0.739212 0.188289 0.0
vt 0.733420 0.172341 0.0
vt 0.739373 0.180345 0.0
vt 0.735417 0.111190 0.0
vt 0.739301 0.172440 0.0
vt 0.741271 0.172409 0.0
vt 0.741483 0.180318 0.0
vt 0.741325 0.188359 0.0
vt 0.740861 0.196306 0.0
vt 0.743207 0.196486 0.0
vt 0.739362 0.216174 0.0
vt 0.744239 0.196564 0.0
vt 0.743758 0.188443 0.0
vt 0.743820 0.180269 0.0
vt 0.744799 0.188479 0.0
vt 0.745295 0.196644 0.0
vt 0.746883 0.188555 0.0
vt 0.745822 0.188521 0.0
vt 0.745850 0.180260 0.0
vt 0.746865 0.180248 0.0
vt 0.744839 0.180263 0.0
vt 0.745634 0.172299 0.0
vt 0.746669 0.172289 0.0
vt 0.744600 0.172313 0.0
vt 0.743568 0.172334 0.0
vt 0.743563 0.110219 0.0
vt 0.744651 0.109975 0.0
vt 0.745753 0.109799 0.0
vt 0.746883 0.109593 0.0
vt 0.744627 0.106415 0.0
vt 0.745705 0.105746 0.0
vt 0.742405 0.102494 0.0
vt 0.743565 0.107095 0.0
vt 0.741729 0.103660 0.0
vt 0.737806 0.102489 0.0
vt 0.737854 0.101146 0.0
vt 0.733165 0.102153 0.0
vt 0.742516 0.107793 0.0
vt 0.741102 0.104759 0.0
vt 0.737762 0.103819 0.0
vt 0.733757 0.103373 0.0
vt 0.729589 0.105253 0.0
vt 0.737725 0.105118 0.0
vt 0.730656 0.106019 0.0
vt 0.734339 0.104545 0.0
vt 0.731677 0.106757 0.0
vt 0.734916 0.105708 0.0
vt 0.732694 0.107510 0.0
vt 0.740477 0.105872 0.0
vt 0.740648 0.109103 0.0
vt 0.739292 0.107914 0.0
vt 0.737601 0.107473 0.0
vt 0.741351 0.110897 0.0
vt 0.735914 0.107887 0.0
vt 0.737589 0.108953 0.0
vt 0.739716 0.111228 0.0
vt 0.739351 0.109992 0.0
vt 0.738595 0.109240 0.0
vt 0.735819 0.109947 0.0
vt 0.736580 0.109213 0.0
vt 0.733766 0.110798 0.0
vt 0.734572 0.109046 0.0
vt 0.696492 0.293888 0.0
vt 0.701280 0.282610 0.0
vt 0.701280 0.295204 0.0
vt 0.696665 0.283308 0.0
vt 0.784986 0.124122 0.0
vt 0.784476 0.125208 0.0
vt 0.781846 0.124698 0.0
vt 0.786582 0.126857 0.0
vt 0.778687 0.124242 0.0
vt 0.779239 0.125308 0.0
vt 0.777198 0.127036 0.0
vt 0.781822 0.123471 0.0
vt 0.787526 0.126109 0.0
vt 0.776226 0.126326 0.0
vt 0.775082 0.129057 0.0
vt 0.776108 0.129337 0.0
vt 0.775392 0.125544 0.0
vt 0.778123 0.123177 0.0
vt 0.785510 0.123035 0.0
vt 0.774011 0.149928 0.0
vt 0.788331 0.125296 0.0
vt 0.781799 0.122236 0.0
vt 0.786023 0.121961 0.0
vt 0.781776 0.121059 0.0
vt 0.777569 0.122124 0.0
vt 0.774447 0.124887 0.0
vt 0.789251 0.124603 0.0
vt 0.772939 0.128921 0.0
vt 0.790913 0.128582 0.0
vt 0.773982 0.129176 0.0
vt 0.771911 0.149845 0.0
vt 0.772958 0.149885 0.0
vt 0.771631 0.157990 0.0
vt 0.789878 0.128876 0.0
vt 0.792677 0.149517 0.0
vt 0.788772 0.128796 0.0
vt 0.791629 0.149591 0.0
vt 0.793191 0.157661 0.0
vt 0.790577 0.149671 0.0
vt 0.787755 0.129113 0.0
vt 0.784833 0.128355 0.0
vt 0.785682 0.130086 0.0
vt 0.789547 0.149748 0.0
vt 0.787212 0.149929 0.0
vt 0.792132 0.157694 0.0
vt 0.792175 0.165951 0.0
vt 0.793191 0.165965 0.0
vt 0.791111 0.157735 0.0
vt 0.790069 0.157770 0.0
vt 0.787630 0.157849 0.0
vt 0.785503 0.157914 0.0
vt 0.791918 0.173935 0.0
vt 0.791164 0.165946 0.0
vt 0.792957 0.173949 0.0
vt 0.790146 0.165938 0.0
vt 0.790882 0.173915 0.0
vt 0.791742 0.236616 0.0
vt 0.792887 0.236846 0.0
vt 0.790628 0.236415 0.0
vt 0.787820 0.165883 0.0
vt 0.789847 0.173890 0.0
vt 0.789527 0.236146 0.0
vt 0.787544 0.173805 0.0
vt 0.785725 0.165850 0.0
vt 0.779271 0.158009 0.0
vt 0.785567 0.173764 0.0
vt 0.779360 0.165945 0.0
vt 0.785574 0.235038 0.0
vt 0.779680 0.173857 0.0
vt 0.777709 0.173951 0.0
vt 0.777253 0.166037 0.0
vt 0.777161 0.158004 0.0
vt 0.777380 0.150076 0.0
vt 0.774919 0.166155 0.0
vt 0.775041 0.149972 0.0
vt 0.778218 0.130239 0.0
vt 0.774733 0.157993 0.0
vt 0.773710 0.157989 0.0
vt 0.775411 0.174100 0.0
vt 0.773884 0.166194 0.0
vt 0.772689 0.157993 0.0
vt 0.774377 0.174154 0.0
vt 0.772874 0.166241 0.0
vt 0.771859 0.166282 0.0
vt 0.777452 0.236278 0.0
vt 0.773341 0.174204 0.0
vt 0.772305 0.174247 0.0
vt 0.776371 0.236558 0.0
vt 0.775274 0.236772 0.0
vt 0.774150 0.237016 0.0
vt 0.776513 0.240122 0.0
vt 0.775455 0.240827 0.0
vt 0.778865 0.243973 0.0
vt 0.777552 0.239406 0.0
vt 0.779504 0.242784 0.0
vt 0.783470 0.243827 0.0
vt 0.783465 0.245172 0.0
vt 0.788126 0.244011 0.0
vt 0.778580 0.238672 0.0
vt 0.780095 0.241663 0.0
vt 0.783469 0.242494 0.0
vt 0.787493 0.242809 0.0
vt 0.791603 0.240789 0.0
vt 0.783464 0.241192 0.0
vt 0.790511 0.240057 0.0
vt 0.786872 0.241655 0.0
vt 0.789464 0.239353 0.0
vt 0.786256 0.240510 0.0
vt 0.788420 0.238632 0.0
vt 0.780684 0.240528 0.0
vt 0.780406 0.237300 0.0
vt 0.781803 0.238446 0.0
vt 0.783511 0.238831 0.0
vt 0.779644 0.235527 0.0
vt 0.785185 0.238361 0.0
vt 0.783474 0.237350 0.0
vt 0.781270 0.235142 0.0
vt 0.781675 0.236368 0.0
vt 0.782457 0.237095 0.0
vt 0.785213 0.236296 0.0
vt 0.784475 0.237056 0.0
vt 0.787239 0.235377 0.0
vt 0.786491 0.237157 0.0
vt 0.081650 0.015905 0.0
vt 0.096621 0.023699 0.0
vt 0.087940 0.083852 0.0
vt 0.113297 0.028370 0.0
vt 0.031011 0.062821 0.0
vt 0.053814 0.002071 0.0
vt 0.130779 0.027943 0.0
vt 0.026269 0.076576 0.0
vt 0.082607 0.097207 0.0
vt 0.021719 0.090219 0.0
vt 0.158866 0.116286 0.0
vt 0.151400 0.017835 0.0
vt 0.216807 0.073043 0.0
vt 0.229662 0.093626 0.0
vt 0.078297 0.108951 0.0
vt 0.152537 0.126230 0.0
vt 0.017350 0.103935 0.0
vt 0.172564 0.128264 0.0
vt 0.233813 0.100894 0.0
vt 0.166256 0.134972 0.0
vt 0.148318 0.134967 0.0
vt 0.074425 0.120729 0.0
vt 0.013099 0.117959 0.0
vt 0.162517 0.141583 0.0
vt 0.070509 0.134174 0.0
vt 0.145089 0.143831 0.0
vt 0.007949 0.136881 0.0
vt 0.066530 0.150439 0.0
vt 0.001571 0.283848 0.0
vt 0.062920 0.272207 0.0
vt 0.142624 0.154243 0.0
vt 0.140609 0.167877 0.0
vt 0.138172 0.256769 0.0
vt 0.159908 0.148490 0.0
vt 0.158746 0.156745 0.0
vt 0.158409 0.169110 0.0
vt 0.155756 0.255950 0.0
vt 0.165203 0.149865 0.0
vt 0.164642 0.156977 0.0
vt 0.165016 0.169122 0.0
vt 0.162312 0.256097 0.0
vt 0.169091 0.256509 0.0
vt 0.171914 0.168938 0.0
vt 0.175875 0.257208 0.0
vt 0.170668 0.151098 0.0
vt 0.170559 0.156518 0.0
vt 0.167567 0.144077 0.0
vt 0.176223 0.152129 0.0
vt 0.176363 0.155437 0.0
vt 0.178919 0.168448 0.0
vt 0.241745 0.251594 0.0
vt 0.224089 0.272339 0.0
vt 0.230853 0.272707 0.0
vt 0.240408 0.261497 0.0
vt 0.236590 0.269150 0.0
vt 0.241745 0.115812 0.0
vt 0.182375 0.145309 0.0
vt 0.237972 0.108419 0.0
vt 0.177398 0.149383 0.0
vt 0.179926 0.139277 0.0
vt 0.179253 0.146926 0.0
vt 0.172508 0.146656 0.0
vt 0.175211 0.142564 0.0
vt 0.176665 0.133580 0.0
vt 0.170846 0.138570 0.0
vt 0.756904 0.075787 0.0
vt 0.761741 0.063609 0.0
vt 0.761741 0.077244 0.0
vt 0.756904 0.064666 0.0
vt 0.756999 0.091683 0.0
vt 0.761836 0.079531 0.0
vt 0.761836 0.093166 0.0
vt 0.757000 0.080562 0.0
vt 0.948194 0.595683 0.0
vt 0.948256 0.612386 0.0
vt 0.944159 0.612403 0.0
vt 0.952462 0.595688 0.0
vt 0.944127 0.595701 0.0
vt 0.956524 0.595698 0.0
vt 0.956515 0.612536 0.0
vt 0.948161 0.499770 0.0
vt 0.944079 0.499771 0.0
vt 0.952471 0.499770 0.0
vt 0.956546 0.499769 0.0
vt 0.944105 0.403839 0.0
vt 0.956502 0.403839 0.0
vt 0.952440 0.403850 0.0
vt 0.956489 0.387008 0.0
vt 0.948172 0.403856 0.0
vt 0.944134 0.387136 0.0
vt 0.948231 0.387153 0.0
vt 0.952395 0.387017 0.0
vt 0.952397 0.370524 0.0
vt 0.956339 0.370506 0.0
vt 0.948245 0.370592 0.0
vt 0.944247 0.370584 0.0
vt 0.956319 0.354177 0.0
vt 0.948192 0.354212 0.0
vt 0.944239 0.354234 0.0
vt 0.952290 0.354196 0.0
vt 0.952221 0.337753 0.0
vt 0.948059 0.337875 0.0
vt 0.944081 0.337919 0.0
vt 0.956196 0.337723 0.0
vt 0.947826 0.316458 0.0
vt 0.943807 0.316379 0.0
vt 0.952039 0.316360 0.0
vt 0.956048 0.316206 0.0
vt 0.942402 0.170394 0.0
vt 0.950632 0.170260 0.0
vt 0.954644 0.170335 0.0
vt 0.954376 0.148835 0.0
vt 0.946418 0.170238 0.0
vt 0.942258 0.148872 0.0
vt 0.950401 0.148883 0.0
vt 0.954180 0.132374 0.0
vt 0.946237 0.148839 0.0
vt 0.942101 0.132557 0.0
vt 0.950152 0.132433 0.0
vt 0.949943 0.116112 0.0
vt 0.953884 0.116054 0.0
vt 0.946054 0.132502 0.0
vt 0.941793 0.116209 0.0
vt 0.953715 0.099557 0.0
vt 0.945790 0.116123 0.0
vt 0.941358 0.099661 0.0
vt 0.949621 0.099628 0.0
vt 0.949341 0.082788 0.0
vt 0.953401 0.082721 0.0
vt 0.952145 0.014606 0.0
vt 0.947932 0.010509 0.0
vt 0.945455 0.099565 0.0
vt 0.945072 0.082863 0.0
vt 0.943519 0.005815 0.0
vt 0.941004 0.082959 0.0
vt 0.939345 0.001766 0.0
vt 0.879624 0.322693 0.0
vt 0.885522 0.276383 0.0
vt 0.885564 0.326468 0.0
vt 0.879174 0.274969 0.0
vt 0.885564 0.244889 0.0
vt 0.880725 0.245965 0.0
vt 0.626105 0.400047 0.0
vt 0.629282 0.404601 0.0
vt 0.626105 0.408695 0.0
vt 0.629130 0.399947 0.0
vt 0.494731 0.361393 0.0
vt 0.497697 0.373967 0.0
vt 0.494731 0.374799 0.0
vt 0.497697 0.360543 0.0
vt 0.077885 0.001579 0.0
vt 0.074238 0.006778 0.0
vt 0.074340 0.001516 0.0
vt 0.077885 0.010638 0.0
vt 0.386906 0.327252 0.0
vt 0.392083 0.331682 0.0
vt 0.393625 0.337422 0.0
vt 0.385991 0.323317 0.0
vt 0.379537 0.321917 0.0
vt 0.379239 0.318965 0.0
vt 0.371999 0.321884 0.0
vt 0.372301 0.318931 0.0
vt 0.365576 0.323312 0.0
vt 0.364691 0.327241 0.0
vt 0.359565 0.331693 0.0
vt 0.358071 0.337422 0.0
vt 0.565516 0.333233 0.0
vt 0.570694 0.337664 0.0
vt 0.572235 0.343403 0.0
vt 0.564601 0.329298 0.0
vt 0.558147 0.327898 0.0
vt 0.557850 0.324946 0.0
vt 0.550610 0.327865 0.0
vt 0.550912 0.324912 0.0
vt 0.544186 0.329293 0.0
vt 0.543301 0.333222 0.0
vt 0.538175 0.337674 0.0
vt 0.536681 0.343403 0.0
vt 0.822638 0.013447 0.0
vt 0.845200 0.014395 0.0
vt 0.822576 0.014397 0.0
vt 0.845200 0.013445 0.0
vt 0.600736 0.619066 0.0
vt 0.617052 0.619066 0.0
vt 0.608895 0.822895 0.0
vt 0.504998 0.743111 0.0
vt 0.504998 0.664095 0.0
vt 0.504998 0.774196 0.0
vt 0.598599 0.617904 0.0
vt 0.536915 0.615083 0.0
vt 0.597714 0.615038 0.0
vt 0.504998 0.647001 0.0
vt 0.524701 0.617513 0.0
vt 0.507427 0.634786 0.0
vt 0.514346 0.624432 0.0
vt 0.536915 0.822895 0.0
vt 0.504998 0.790977 0.0
vt 0.524701 0.820465 0.0
vt 0.507427 0.803192 0.0
vt 0.514346 0.813546 0.0
vt 0.680874 0.822895 0.0
vt 0.712792 0.774533 0.0
vt 0.712792 0.790977 0.0
vt 0.693088 0.820465 0.0
vt 0.710362 0.803192 0.0
vt 0.703443 0.813546 0.0
vt 0.712792 0.663430 0.0
vt 0.619190 0.617905 0.0
vt 0.680874 0.615083 0.0
vt 0.620076 0.615038 0.0
vt 0.712792 0.647001 0.0
vt 0.693088 0.617513 0.0
vt 0.710362 0.634786 0.0
vt 0.703443 0.624432 0.0
vt 0.876043 0.378096 0.0
vt 0.872892 0.383281 0.0
vt 0.873018 0.378019 0.0
vt 0.876043 0.387143 0.0
vt 0.830714 0.138772 0.0
vt 0.831657 0.109725 0.0
vt 0.831657 0.139270 0.0
vt 0.830714 0.110073 0.0
vt 0.395291 0.357767 0.0
vt 0.388400 0.367210 0.0
vt 0.386002 0.362525 0.0
vt 0.397696 0.362449 0.0
vt 0.388743 0.349377 0.0
vt 0.397696 0.344805 0.0
vt 0.395574 0.340659 0.0
vt 0.386623 0.345231 0.0
vt 0.589109 0.347034 0.0
vt 0.600123 0.347345 0.0
vt 0.591497 0.351724 0.0
vt 0.597748 0.342648 0.0
vt 0.597721 0.360296 0.0
vt 0.589109 0.364608 0.0
vt 0.591200 0.368768 0.0
vt 0.599801 0.364462 0.0
vt 0.661198 0.441521 0.0
vt 0.673107 0.449475 0.0
vt 0.646523 0.443094 0.0
vt 0.673743 0.448758 0.0
vt 0.661612 0.440655 0.0
vt 0.751197 0.151195 0.0
vt 0.753257 0.163416 0.0
vt 0.751191 0.163415 0.0
vt 0.750241 0.163368 0.0
vt 0.750248 0.151230 0.0
vt 0.753264 0.151194 0.0
vt 0.754207 0.163371 0.0
vt 0.754214 0.151229 0.0
vt 0.626221 0.379252 0.0
vt 0.623441 0.366853 0.0
vt 0.626115 0.366341 0.0
vt 0.623441 0.380004 0.0
vt 0.215866 0.028158 0.0
vt 0.216866 0.045310 0.0
vt 0.214927 0.028420 0.0
vt 0.217858 0.045352 0.0
vt 0.215563 0.026680 0.0
vt 0.190930 0.028618 0.0
vt 0.187674 0.044294 0.0
vt 0.190073 0.028375 0.0
vt 0.186741 0.044336 0.0
vt 0.190479 0.026968 0.0
vt 0.191310 0.027125 0.0
vt 0.190669 0.025573 0.0
vt 0.214658 0.026842 0.0
vt 0.191530 0.025627 0.0
vt 0.190712 0.024114 0.0
vt 0.214593 0.025313 0.0
vt 0.215429 0.025269 0.0
vt 0.191605 0.024106 0.0
vt 0.190633 0.022637 0.0
vt 0.214625 0.023825 0.0
vt 0.215407 0.023821 0.0
vt 0.215468 0.022362 0.0
vt 0.191577 0.022557 0.0
vt 0.214635 0.022327 0.0
vt 0.215618 0.020937 0.0
vt 0.214724 0.020791 0.0
vt 0.191332 0.021015 0.0
vt 0.190444 0.021203 0.0
vt 0.214991 0.019203 0.0
vt 0.215920 0.019443 0.0
vt 0.216837 0.001961 0.0
vt 0.217825 0.001896 0.0
vt 0.190920 0.019501 0.0
vt 0.190015 0.019759 0.0
vt 0.187260 0.003496 0.0
vt 0.186281 0.003458 0.0
vt 0.751190 0.138439 0.0
vt 0.753264 0.151194 0.0
vt 0.751197 0.151195 0.0
vt 0.750241 0.138505 0.0
vt 0.750248 0.151160 0.0
vt 0.753258 0.138434 0.0
vt 0.754208 0.138497 0.0
vt 0.754214 0.151158 0.0
vt 0.823103 0.349491 0.0
vt 0.826084 0.362032 0.0
vt 0.823103 0.362898 0.0
vt 0.826088 0.348607 0.0
vt 0.662452 0.357762 0.0
vt 0.656102 0.366846 0.0
vt 0.653742 0.362142 0.0
vt 0.664824 0.362460 0.0
vt 0.656096 0.349261 0.0
vt 0.664824 0.344798 0.0
vt 0.662701 0.340654 0.0
vt 0.653977 0.345114 0.0
vt 0.027218 0.058121 0.0
vt 0.029769 0.056614 0.0
vt 0.027706 0.058970 0.0
vt 0.028954 0.056137 0.0
vt 0.029365 0.054979 0.0
vt 0.030298 0.055122 0.0
vt 0.030145 0.051020 0.0
vt 0.029224 0.051192 0.0
vt 0.028649 0.049523 0.0
vt 0.029481 0.049091 0.0
vt 0.027218 0.047544 0.0
vt 0.027702 0.046633 0.0
vt 0.016298 0.393650 0.0
vt 0.013322 0.381098 0.0
vt 0.016298 0.380379 0.0
vt 0.013636 0.394371 0.0
vt 0.501992 0.443087 0.0
vt 0.504287 0.438695 0.0
vt 0.504219 0.437745 0.0
vt 0.646836 0.437745 0.0
vt 0.646773 0.438695 0.0
vt 0.646773 0.438695 0.0
vt 0.661198 0.441521 0.0
vt 0.646890 0.437750 0.0
vt 0.661511 0.440614 0.0
vt 0.681065 0.461380 0.0
vt 0.683896 0.475806 0.0
vt 0.684840 0.475686 0.0
vt 0.681971 0.461064 0.0
vt 0.673107 0.449475 0.0
vt 0.681065 0.461380 0.0
vt 0.681929 0.460962 0.0
vt 0.673821 0.448834 0.0
vt 0.601842 0.400036 0.0
vt 0.605038 0.404594 0.0
vt 0.601842 0.408682 0.0
vt 0.604896 0.399940 0.0
vt 0.743554 0.336663 0.0
vt 0.736791 0.345214 0.0
vt 0.734726 0.341040 0.0
vt 0.745631 0.340830 0.0
vt 0.743249 0.353677 0.0
vt 0.734449 0.358122 0.0
vt 0.745631 0.358370 0.0
vt 0.736812 0.362826 0.0
vt 0.963430 0.001494 0.0
vt 0.966864 0.006767 0.0
vt 0.963430 0.010564 0.0
vt 0.966849 0.001504 0.0
vt 0.907905 0.204717 0.0
vt 0.896598 0.242015 0.0
vt 0.896649 0.204682 0.0
vt 0.907905 0.204717 0.0
vt 0.907905 0.242073 0.0
vt 0.896598 0.242015 0.0
vt 0.713827 0.141933 0.0
vt 0.711903 0.129035 0.0
vt 0.713809 0.129025 0.0
vt 0.714776 0.141877 0.0
vt 0.714759 0.129059 0.0
vt 0.711855 0.115741 0.0
vt 0.713760 0.115733 0.0
vt 0.714758 0.128983 0.0
vt 0.714710 0.115739 0.0
vt 0.710953 0.129002 0.0
vt 0.710905 0.115755 0.0
vt 0.710970 0.141895 0.0
vt 0.710953 0.129076 0.0
vt 0.711920 0.141943 0.0
vt 0.713812 0.154331 0.0
vt 0.714776 0.141982 0.0
vt 0.714762 0.154286 0.0
vt 0.711905 0.154341 0.0
vt 0.710970 0.141999 0.0
vt 0.710955 0.154302 0.0
vt 0.714762 0.154370 0.0
vt 0.714729 0.167148 0.0
vt 0.713779 0.167203 0.0
vt 0.711905 0.154341 0.0
vt 0.711871 0.167213 0.0
vt 0.710955 0.154386 0.0
vt 0.710922 0.167163 0.0
vt 0.711828 0.181354 0.0
vt 0.710921 0.167267 0.0
vt 0.710879 0.181329 0.0
vt 0.713735 0.181344 0.0
vt 0.713779 0.167203 0.0
vt 0.714729 0.167253 0.0
vt 0.714685 0.181314 0.0
vt 0.057602 0.305542 0.0
vt 0.060143 0.317082 0.0
vt 0.059433 0.320496 0.0
vt 0.058821 0.305244 0.0
vt 0.058524 0.303971 0.0
vt 0.057247 0.304250 0.0
vt 0.057073 0.303018 0.0
vt 0.058315 0.302902 0.0
vt 0.057025 0.301751 0.0
vt 0.058225 0.301748 0.0
vt 0.058326 0.300572 0.0
vt 0.057039 0.300478 0.0
vt 0.058410 0.299490 0.0
vt 0.057195 0.299253 0.0
vt 0.057516 0.297980 0.0
vt 0.058700 0.298264 0.0
vt 0.059958 0.286600 0.0
vt 0.059219 0.283224 0.0
vt 0.751180 0.175614 0.0
vt 0.753257 0.163416 0.0
vt 0.753256 0.175615 0.0
vt 0.754207 0.163463 0.0
vt 0.754197 0.175616 0.0
vt 0.751191 0.163414 0.0
vt 0.750241 0.163460 0.0
vt 0.750230 0.175593 0.0
vt 0.502014 0.540907 0.0
vt 0.467222 0.590654 0.0
vt 0.467204 0.540914 0.0
vt 0.466272 0.590620 0.0
vt 0.466255 0.540915 0.0
vt 0.467186 0.482255 0.0
vt 0.466236 0.482233 0.0
vt 0.467204 0.540914 0.0
vt 0.472227 0.457256 0.0
vt 0.480068 0.448072 0.0
vt 0.479410 0.447379 0.0
vt 0.471422 0.456736 0.0
vt 0.480068 0.448072 0.0
vt 0.490675 0.441363 0.0
vt 0.479473 0.447325 0.0
vt 0.490272 0.440495 0.0
vt 0.490675 0.441363 0.0
vt 0.504287 0.438695 0.0
vt 0.504166 0.437751 0.0
vt 0.490366 0.440456 0.0
vt 0.467186 0.482255 0.0
vt 0.472227 0.457256 0.0
vt 0.468065 0.469151 0.0
vt 0.466237 0.482214 0.0
vt 0.467123 0.468997 0.0
vt 0.467138 0.468924 0.0
vt 0.471372 0.456825 0.0
vt 0.646555 0.611873 0.0
vt 0.683896 0.475806 0.0
vt 0.683911 0.611865 0.0
vt 0.646523 0.443094 0.0
vt 0.530644 0.360013 0.0
vt 0.533846 0.371934 0.0
vt 0.530644 0.372916 0.0
vt 0.533389 0.358826 0.0
vt 0.540918 0.408797 0.0
vt 0.544095 0.404195 0.0
vt 0.544039 0.408852 0.0
vt 0.540918 0.400166 0.0
vt 0.841533 0.345991 0.0
vt 0.835097 0.355374 0.0
vt 0.832625 0.350728 0.0
vt 0.844010 0.350635 0.0
vt 0.834818 0.337726 0.0
vt 0.844019 0.332820 0.0
vt 0.841827 0.328711 0.0
vt 0.832625 0.333618 0.0
vt 0.984148 0.376102 0.0
vt 0.980972 0.381289 0.0
vt 0.981092 0.376027 0.0
vt 0.984148 0.385149 0.0
vt 0.052832 0.296991 0.0
vt 0.046256 0.280388 0.0
vt 0.053698 0.280553 0.0
vt 0.059219 0.283224 0.0
vt 0.057516 0.297980 0.0
vt 0.057195 0.299253 0.0
vt 0.046960 0.297029 0.0
vt 0.040627 0.283038 0.0
vt 0.042276 0.298030 0.0
vt 0.042621 0.299319 0.0
vt 0.047132 0.298617 0.0
vt 0.052674 0.298606 0.0
vt 0.047224 0.300201 0.0
vt 0.042787 0.300544 0.0
vt 0.052600 0.300201 0.0
vt 0.057039 0.300478 0.0
vt 0.047250 0.301789 0.0
vt 0.042824 0.301800 0.0
vt 0.042789 0.303058 0.0
vt 0.052592 0.301794 0.0
vt 0.057025 0.301751 0.0
vt 0.057073 0.303018 0.0
vt 0.047237 0.303378 0.0
vt 0.042623 0.304289 0.0
vt 0.052623 0.303386 0.0
vt 0.057247 0.304250 0.0
vt 0.047158 0.304974 0.0
vt 0.046996 0.306594 0.0
vt 0.042277 0.305588 0.0
vt 0.040619 0.320711 0.0
vt 0.046328 0.323334 0.0
vt 0.052720 0.304979 0.0
vt 0.052897 0.306581 0.0
vt 0.057602 0.305542 0.0
vt 0.053836 0.323158 0.0
vt 0.059433 0.320496 0.0
vt 0.613517 0.379356 0.0
vt 0.610300 0.374100 0.0
vt 0.613517 0.370287 0.0
vt 0.610340 0.379362 0.0
vt 0.933786 0.074894 0.0
vt 0.937010 0.087260 0.0
vt 0.933837 0.088324 0.0
vt 0.937010 0.073802 0.0
vt 0.752213 0.045201 0.0
vt 0.748142 0.015710 0.0
vt 0.752138 0.020413 0.0
vt 0.748142 0.050943 0.0
vt 0.413953 0.365547 0.0
vt 0.416872 0.377671 0.0
vt 0.414114 0.378289 0.0
vt 0.416872 0.364605 0.0
vt 0.986919 0.092157 0.0
vt 0.985999 0.084320 0.0
vt 0.986919 0.083925 0.0
vt 0.985995 0.092593 0.0
vt 0.695215 0.339591 0.0
vt 0.698211 0.352099 0.0
vt 0.695215 0.352997 0.0
vt 0.698219 0.338673 0.0
vt 0.004248 0.413745 0.0
vt 0.001503 0.400992 0.0
vt 0.004248 0.400315 0.0
vt 0.001558 0.414416 0.0
vt 0.007234 0.400143 0.0
vt 0.010639 0.404631 0.0
vt 0.007234 0.408793 0.0
vt 0.010422 0.399979 0.0
vt 0.751190 0.138439 0.0
vt 0.753215 0.125263 0.0
vt 0.753259 0.138434 0.0
vt 0.754208 0.138366 0.0
vt 0.754165 0.125290 0.0
vt 0.751146 0.125271 0.0
vt 0.750240 0.138377 0.0
vt 0.750197 0.125306 0.0
vt 0.610294 0.335981 0.0
vt 0.603129 0.345713 0.0
vt 0.600674 0.341058 0.0
vt 0.612757 0.340632 0.0
vt 0.603258 0.327877 0.0
vt 0.612757 0.322865 0.0
vt 0.610579 0.318749 0.0
vt 0.601084 0.323759 0.0
vt 0.928036 0.216973 0.0
vt 0.935136 0.207201 0.0
vt 0.937619 0.211841 0.0
vt 0.925545 0.212337 0.0
vt 0.935115 0.225037 0.0
vt 0.925545 0.230162 0.0
vt 0.927748 0.234265 0.0
vt 0.937317 0.229140 0.0
vt 0.161909 0.270750 0.0
vt 0.169002 0.260980 0.0
vt 0.171486 0.265621 0.0
vt 0.159417 0.266114 0.0
vt 0.168983 0.278816 0.0
vt 0.159417 0.283939 0.0
vt 0.161618 0.288042 0.0
vt 0.171185 0.282919 0.0
vt 0.088282 0.278722 0.0
vt 0.095371 0.268955 0.0
vt 0.097854 0.273595 0.0
vt 0.085790 0.274086 0.0
vt 0.095354 0.286790 0.0
vt 0.085790 0.291911 0.0
vt 0.087991 0.296016 0.0
vt 0.097556 0.290893 0.0
vt 0.731091 0.322545 0.0
vt 0.738174 0.312780 0.0
vt 0.740659 0.317420 0.0
vt 0.728598 0.317910 0.0
vt 0.738160 0.330614 0.0
vt 0.728598 0.335736 0.0
vt 0.730799 0.339840 0.0
vt 0.740363 0.334717 0.0
vt 0.413086 0.330077 0.0
vt 0.406006 0.339842 0.0
vt 0.403522 0.335202 0.0
vt 0.415579 0.334713 0.0
vt 0.406017 0.322009 0.0
vt 0.415579 0.316886 0.0
vt 0.413378 0.312782 0.0
vt 0.403815 0.317906 0.0
vt 0.784084 0.130457 0.0
vt 0.785253 0.150044 0.0
vt 0.779839 0.130554 0.0
vt 0.779344 0.150127 0.0
vt 0.783650 0.129259 0.0
vt 0.780223 0.129317 0.0
vt 0.782893 0.128553 0.0
vt 0.780943 0.128582 0.0
vt 0.779003 0.128465 0.0
vt 0.781913 0.128302 0.0
vt 0.783529 0.127255 0.0
vt 0.780263 0.127314 0.0
vt 0.781886 0.126833 0.0
vt 0.713347 0.324014 0.0
vt 0.711828 0.181354 0.0
vt 0.713735 0.181344 0.0
vt 0.714297 0.323984 0.0
vt 0.714685 0.181368 0.0
vt 0.711478 0.324024 0.0
vt 0.710879 0.181383 0.0
vt 0.710528 0.324000 0.0
vt 0.233128 0.280704 0.0
vt 0.240204 0.270940 0.0
vt 0.242690 0.275579 0.0
vt 0.230634 0.276069 0.0
vt 0.240196 0.288772 0.0
vt 0.230634 0.293896 0.0
vt 0.232835 0.298000 0.0
vt 0.242400 0.292875 0.0
vt 0.175934 0.274737 0.0
vt 0.183009 0.264973 0.0
vt 0.185496 0.269611 0.0
vt 0.173441 0.270102 0.0
vt 0.183004 0.282804 0.0
vt 0.173441 0.287931 0.0
vt 0.175643 0.292034 0.0
vt 0.185208 0.286907 0.0
vt 0.189950 0.278721 0.0
vt 0.197024 0.268956 0.0
vt 0.199513 0.273593 0.0
vt 0.187457 0.274085 0.0
vt 0.197023 0.286787 0.0
vt 0.187457 0.291915 0.0
vt 0.189659 0.296018 0.0
vt 0.199227 0.290889 0.0
vt 0.049971 0.344019 0.0
vt 0.043021 0.353718 0.0
vt 0.040530 0.349082 0.0
vt 0.052462 0.348655 0.0
vt 0.042893 0.335956 0.0
vt 0.052462 0.330825 0.0
vt 0.050259 0.326721 0.0
vt 0.040689 0.331854 0.0
vt 0.751081 0.323878 0.0
vt 0.753243 0.188944 0.0
vt 0.753197 0.323880 0.0
vt 0.751166 0.188942 0.0
vt 0.754183 0.188969 0.0
vt 0.754137 0.323857 0.0
vt 0.750216 0.188965 0.0
vt 0.750131 0.323854 0.0
vt 0.754137 0.323904 0.0
vt 0.754126 0.337031 0.0
vt 0.753185 0.337078 0.0
vt 0.751081 0.323878 0.0
vt 0.751068 0.337078 0.0
vt 0.750119 0.337030 0.0
vt 0.750131 0.323900 0.0
vt 0.751180 0.175614 0.0
vt 0.750216 0.188917 0.0
vt 0.750230 0.175633 0.0
vt 0.753243 0.188944 0.0
vt 0.753256 0.175615 0.0
vt 0.754197 0.175655 0.0
vt 0.754183 0.188922 0.0
vt 0.982417 0.044632 0.0
vt 0.985622 0.032610 0.0
vt 0.985622 0.044632 0.0
vt 0.989020 0.001496 0.0
vt 0.985622 0.001496 0.0
vt 0.982417 0.032610 0.0
vt 0.982417 0.001496 0.0
vt 0.979655 0.032610 0.0
vt 0.979655 0.001496 0.0
vt 0.979655 0.044632 0.0
vt 0.979655 0.056674 0.0
vt 0.989020 0.032610 0.0
vt 0.992592 0.001496 0.0
vt 0.982417 0.056674 0.0
vt 0.979655 0.068666 0.0
vt 0.992592 0.032610 0.0
vt 0.995990 0.001496 0.0
vt 0.995990 0.032610 0.0
vt 0.989020 0.044632 0.0
vt 0.992592 0.044632 0.0
vt 0.995990 0.044632 0.0
vt 0.985622 0.056674 0.0
vt 0.989020 0.056674 0.0
vt 0.992592 0.056674 0.0
vt 0.995990 0.056674 0.0
vt 0.982417 0.068666 0.0
vt 0.979655 0.080077 0.0
vt 0.982417 0.080077 0.0
vt 0.985622 0.068666 0.0
vt 0.985622 0.080077 0.0
vt 0.989020 0.068666 0.0
vt 0.989020 0.080077 0.0
vt 0.992592 0.080077 0.0
vt 0.992592 0.068666 0.0
vt 0.995990 0.068666 0.0
vt 0.995990 0.080077 0.0
vt 0.517178 0.380244 0.0
vt 0.513716 0.384712 0.0
vt 0.513953 0.380061 0.0
vt 0.517178 0.388894 0.0
vt 0.733490 0.215755 0.0
vt 0.732967 0.196082 0.0
vt 0.737747 0.215802 0.0
vt 0.738892 0.196191 0.0
vt 0.733884 0.216970 0.0
vt 0.737320 0.217028 0.0
vt 0.734619 0.217704 0.0
vt 0.736573 0.217741 0.0
vt 0.738514 0.217925 0.0
vt 0.735592 0.217988 0.0
vt 0.733939 0.218983 0.0
vt 0.737211 0.219033 0.0
vt 0.735569 0.219460 0.0
vt 0.732922 0.221002 0.0
vt 0.890780 0.150929 0.0
vt 0.878883 0.188183 0.0
vt 0.878885 0.150897 0.0
vt 0.890780 0.150929 0.0
vt 0.890728 0.188239 0.0
vt 0.878883 0.188183 0.0
vt 0.553574 0.349770 0.0
vt 0.546540 0.359254 0.0
vt 0.544163 0.354554 0.0
vt 0.555971 0.354456 0.0
vt 0.546908 0.341431 0.0
vt 0.555971 0.336839 0.0
vt 0.544813 0.337273 0.0
vt 0.553858 0.332690 0.0
vt 0.367633 0.018799 0.0
vt 0.366706 0.025801 0.0
vt 0.366706 0.018345 0.0
vt 0.367633 0.025482 0.0
vt 0.699403 0.110459 0.0
vt 0.698465 0.117445 0.0
vt 0.698465 0.109983 0.0
vt 0.699404 0.117114 0.0
vt 0.503981 0.400044 0.0
vt 0.507196 0.404606 0.0
vt 0.503981 0.408689 0.0
vt 0.507060 0.399952 0.0
vt 0.812573 0.138329 0.0
vt 0.811631 0.158998 0.0
vt 0.811631 0.137865 0.0
vt 0.812573 0.158685 0.0
vt 0.779167 0.067617 0.0
vt 0.784165 0.055670 0.0
vt 0.784165 0.069305 0.0
vt 0.779169 0.056842 0.0
vt 0.469326 0.063665 0.0
vt 0.474327 0.051690 0.0
vt 0.474327 0.065325 0.0
vt 0.469328 0.052893 0.0
vt 0.740891 0.306727 0.0
vt 0.745899 0.227001 0.0
vt 0.745899 0.313207 0.0
vt 0.740898 0.228233 0.0
vt 0.409428 0.382051 0.0
vt 0.406320 0.387257 0.0
vt 0.406436 0.381995 0.0
vt 0.409428 0.391123 0.0
vt 0.478373 0.408794 0.0
vt 0.481566 0.404192 0.0
vt 0.481511 0.408850 0.0
vt 0.478373 0.400163 0.0
vt 0.934157 0.056996 0.0
vt 0.937385 0.069344 0.0
vt 0.934209 0.070426 0.0
vt 0.937385 0.055886 0.0
vt 0.733637 0.073131 0.0
vt 0.738759 0.061634 0.0
vt 0.738759 0.074425 0.0
vt 0.733469 0.062856 0.0
vt 0.860689 0.327694 0.0
vt 0.863696 0.340170 0.0
vt 0.860689 0.341100 0.0
vt 0.863708 0.326742 0.0
vt 0.711602 0.057050 0.0
vt 0.713760 0.115733 0.0
vt 0.711855 0.115742 0.0
vt 0.710905 0.115736 0.0
vt 0.710652 0.057054 0.0
vt 0.713507 0.056970 0.0
vt 0.714710 0.115720 0.0
vt 0.714457 0.056966 0.0
vt 0.710439 0.007349 0.0
vt 0.711389 0.007429 0.0
vt 0.711602 0.057050 0.0
vt 0.713507 0.056970 0.0
vt 0.713292 0.007044 0.0
vt 0.714243 0.007158 0.0
vt 0.714593 0.005749 0.0
vt 0.713292 0.007044 0.0
vt 0.713733 0.005270 0.0
vt 0.711987 0.005021 0.0
vt 0.711389 0.007429 0.0
vt 0.710447 0.007281 0.0
vt 0.711109 0.004615 0.0
vt 0.715085 0.003888 0.0
vt 0.715601 0.004718 0.0
vt 0.713733 0.005270 0.0
vt 0.713632 0.003333 0.0
vt 0.711987 0.005021 0.0
vt 0.713066 0.002553 0.0
vt 0.711179 0.004488 0.0
vt 0.045436 0.013167 0.0
vt 0.044570 0.004211 0.0
vt 0.045436 0.002170 0.0
vt 0.046385 0.012743 0.0
vt 0.046385 0.001889 0.0
vt 0.044569 0.015164 0.0
vt 0.043620 0.004614 0.0
vt 0.043620 0.015465 0.0
vt 0.935327 0.145369 0.0
vt 0.923048 0.145825 0.0
vt 0.932886 0.140705 0.0
vt 0.925462 0.150502 0.0
vt 0.925749 0.132638 0.0
vt 0.935327 0.127654 0.0
vt 0.923613 0.128501 0.0
vt 0.933169 0.123528 0.0
vt 0.837181 0.250011 0.0
vt 0.822716 0.285336 0.0
vt 0.822626 0.249971 0.0
vt 0.837270 0.285378 0.0
vt 0.837175 0.246575 0.0
vt 0.822720 0.288336 0.0
vt 0.822619 0.246535 0.0
vt 0.837275 0.288378 0.0
vt 0.837170 0.243554 0.0
vt 0.822721 0.291270 0.0
vt 0.822615 0.243516 0.0
vt 0.837276 0.291311 0.0
vt 0.837169 0.240837 0.0
vt 0.822718 0.293817 0.0
vt 0.822614 0.240800 0.0
vt 0.837273 0.293857 0.0
vt 0.837169 0.327218 0.0
vt 0.822614 0.327178 0.0
vt 0.837174 0.238077 0.0
vt 0.822618 0.238041 0.0
vt 0.837241 0.204716 0.0
vt 0.822686 0.204680 0.0
vt 0.715085 0.003888 0.0
vt 0.716221 0.002472 0.0
vt 0.716994 0.003262 0.0
vt 0.713632 0.003333 0.0
vt 0.716043 0.001530 0.0
vt 0.713177 0.002483 0.0
vt 0.717115 0.004222 0.0
vt 0.719034 0.003393 0.0
vt 0.718904 0.004336 0.0
vt 0.716994 0.003262 0.0
vt 0.719493 0.002662 0.0
vt 0.716222 0.002472 0.0
vt 0.719596 0.001717 0.0
vt 0.716147 0.001516 0.0
vt 0.719034 0.003393 0.0
vt 0.753371 0.011630 0.0
vt 0.753668 0.010722 0.0
vt 0.719493 0.002662 0.0
vt 0.754532 0.009916 0.0
vt 0.719637 0.001722 0.0
vt 0.754795 0.009000 0.0
vt 0.754897 0.012321 0.0
vt 0.753668 0.010722 0.0
vt 0.755459 0.011533 0.0
vt 0.754532 0.009916 0.0
vt 0.757047 0.011037 0.0
vt 0.754851 0.009019 0.0
vt 0.757554 0.010223 0.0
vt 0.756018 0.013507 0.0
vt 0.755459 0.011533 0.0
vt 0.756862 0.013017 0.0
vt 0.757047 0.011037 0.0
vt 0.758803 0.012883 0.0
vt 0.757643 0.010286 0.0
vt 0.759600 0.012343 0.0
vt 0.757376 0.014711 0.0
vt 0.756432 0.014871 0.0
vt 0.756862 0.013017 0.0
vt 0.758803 0.012883 0.0
vt 0.759457 0.015027 0.0
vt 0.760390 0.014831 0.0
vt 0.759665 0.012453 0.0
vt 0.757376 0.014711 0.0
vt 0.758276 0.058790 0.0
vt 0.759243 0.059174 0.0
vt 0.761277 0.058400 0.0
vt 0.759457 0.015027 0.0
vt 0.760402 0.014901 0.0
vt 0.762239 0.058660 0.0
vt 0.750859 0.068237 0.0
vt 0.753215 0.125263 0.0
vt 0.751146 0.125272 0.0
vt 0.750196 0.125245 0.0
vt 0.749908 0.067954 0.0
vt 0.752924 0.067432 0.0
vt 0.753876 0.067830 0.0
vt 0.754165 0.125228 0.0
vt 0.323257 0.023945 0.0
vt 0.310984 0.024546 0.0
vt 0.320761 0.019311 0.0
vt 0.313453 0.029194 0.0
vt 0.313531 0.011328 0.0
vt 0.323257 0.006120 0.0
vt 0.311347 0.007216 0.0
vt 0.321050 0.002021 0.0
vt 0.307276 0.271159 0.0
vt 0.312498 0.260734 0.0
vt 0.312498 0.272441 0.0
vt 0.307198 0.261639 0.0
vt 0.182391 0.032756 0.0
vt 0.171863 0.030683 0.0
vt 0.171864 0.022536 0.0
vt 0.182391 0.004057 0.0
vt 0.164434 0.001700 0.0
vt 0.164434 0.021274 0.0
vt 0.229130 0.006171 0.0
vt 0.229130 0.002382 0.0
vt 0.232668 0.002052 0.0
vt 0.230073 0.001592 0.0
vt 0.230262 0.007526 0.0
vt 0.232664 0.007962 0.0
vt 0.397212 0.379879 0.0
vt 0.394457 0.367143 0.0
vt 0.397212 0.366449 0.0
vt 0.394514 0.380567 0.0
vt 0.466519 0.067269 0.0
vt 0.464634 0.081319 0.0
vt 0.462692 0.041335 0.0
vt 0.465425 0.046136 0.0
vt 0.468917 0.031247 0.0
vt 0.485116 0.047701 0.0
vt 0.487663 0.038646 0.0
vt 0.483666 0.009748 0.0
vt 0.488926 0.009649 0.0
vt 0.468437 0.001585 0.0
vt 0.473089 0.001499 0.0
vt 0.488926 0.086392 0.0
vt 0.486709 0.078081 0.0
vt 0.474532 0.076506 0.0
vt 0.468594 0.075776 0.0
vt 0.472596 0.075852 0.0
vt 0.474016 0.074529 0.0
vt 0.474102 0.068224 0.0
vt 0.473784 0.070106 0.0
vt 0.472204 0.068411 0.0
vt 0.468173 0.067500 0.0
vt 0.468991 0.075406 0.0
vt 0.468612 0.067971 0.0
vt 0.468154 0.075302 0.0
vt 0.467777 0.067863 0.0
vt 0.466959 0.067751 0.0
vt 0.466937 0.075569 0.0
vt 0.467333 0.075200 0.0
vt 0.706780 0.210174 0.0
vt 0.705838 0.199171 0.0
vt 0.706811 0.199445 0.0
vt 0.705838 0.210674 0.0
vt 0.415638 0.380083 0.0
vt 0.412438 0.385272 0.0
vt 0.412553 0.380010 0.0
vt 0.415638 0.389131 0.0
vt 0.315493 0.270989 0.0
vt 0.320854 0.260664 0.0
vt 0.320854 0.272109 0.0
vt 0.315511 0.261347 0.0
vt 0.020288 0.004570 0.0
vt 0.024970 0.013604 0.0
vt 0.002751 0.013603 0.0
vt 0.007433 0.004568 0.0
vt 0.013860 0.001641 0.0
vt 0.001499 0.023749 0.0
vt 0.026223 0.023749 0.0
vt 0.025504 0.033917 0.0
vt 0.002215 0.033917 0.0
vt 0.005701 0.067882 0.0
vt 0.022017 0.067882 0.0
vt 0.599433 0.377366 0.0
vt 0.596200 0.372109 0.0
vt 0.599433 0.368298 0.0
vt 0.596240 0.377371 0.0
vt 0.001490 0.128739 0.0
vt 0.004713 0.141031 0.0
vt 0.001490 0.141999 0.0
vt 0.004553 0.127625 0.0
vt 0.853794 0.011696 0.0
vt 0.820238 0.001620 0.0
vt 0.854703 0.008913 0.0
vt 0.856230 0.009604 0.0
vt 0.857350 0.010790 0.0
vt 0.857765 0.012154 0.0
vt 0.855641 0.056223 0.0
vt 0.859609 0.056072 0.0
vt 0.819380 0.004149 0.0
vt 0.818449 0.001506 0.0
vt 0.816935 0.002002 0.0
vt 0.815926 0.003033 0.0
vt 0.815577 0.004442 0.0
vt 0.819598 0.054233 0.0
vt 0.775027 0.020514 0.0
vt 0.772234 0.012557 0.0
vt 0.775027 0.009734 0.0
vt 0.772421 0.023511 0.0
vt 0.314291 0.340167 0.0
vt 0.317314 0.345486 0.0
vt 0.314291 0.349239 0.0
vt 0.317380 0.340224 0.0
vt 0.631639 0.047282 0.0
vt 0.633645 0.011974 0.0
vt 0.671532 0.051195 0.0
vt 0.638392 0.055028 0.0
vt 0.631982 0.050701 0.0
vt 0.633385 0.053373 0.0
vt 0.635636 0.054893 0.0
vt 0.636142 0.006707 0.0
vt 0.638392 0.005514 0.0
vt 0.634404 0.009071 0.0
vt 0.633645 0.011974 0.0
vt 0.671532 0.001682 0.0
vt 0.671532 0.051195 0.0
vt 0.415257 0.347833 0.0
vt 0.418285 0.359845 0.0
vt 0.415414 0.360573 0.0
vt 0.418285 0.346741 0.0
vt 0.392816 0.400034 0.0
vt 0.396048 0.404600 0.0
vt 0.392816 0.408679 0.0
vt 0.395919 0.399945 0.0
vt 0.732118 0.399900 0.0
vt 0.729272 0.405164 0.0
vt 0.729239 0.399900 0.0
vt 0.732022 0.408935 0.0
vt 0.778011 0.009492 0.0
vt 0.781038 0.014189 0.0
vt 0.778011 0.018150 0.0
vt 0.781073 0.009533 0.0
vt 0.353254 0.261850 0.0
vt 0.348223 0.272597 0.0
vt 0.348223 0.260803 0.0
vt 0.353450 0.271474 0.0
vt 0.022912 0.002120 0.0
vt 0.022912 0.003115 0.0
vt 0.022136 0.002404 0.0
vt 0.772027 0.279938 0.0
vt 0.775045 0.292381 0.0
vt 0.772027 0.293344 0.0
vt 0.775056 0.278954 0.0
vt 0.671866 0.109187 0.0
vt 0.672795 0.101950 0.0
vt 0.672793 0.109533 0.0
vt 0.671866 0.101651 0.0
vt 0.736921 0.826720 0.0
vt 0.620998 0.824719 0.0
vt 0.736971 0.824757 0.0
vt 0.620992 0.826701 0.0
vt 0.736957 0.827670 0.0
vt 0.620991 0.827651 0.0
vt 0.736921 0.826720 0.0
vt 0.749064 0.823237 0.0
vt 0.749855 0.825318 0.0
vt 0.736987 0.827668 0.0
vt 0.750029 0.826254 0.0
vt 0.405257 0.408793 0.0
vt 0.408466 0.404191 0.0
vt 0.408411 0.408848 0.0
vt 0.405257 0.400162 0.0
vt 0.741062 0.400022 0.0
vt 0.743940 0.404600 0.0
vt 0.741062 0.408679 0.0
vt 0.743783 0.399946 0.0
vt 0.749855 0.825318 0.0
vt 0.760609 0.819340 0.0
vt 0.762065 0.821218 0.0
vt 0.750088 0.826241 0.0
vt 0.762479 0.822081 0.0
vt 0.770177 0.811790 0.0
vt 0.772101 0.813232 0.0
vt 0.762564 0.822035 0.0
vt 0.772795 0.813893 0.0
vt 0.773935 0.092854 0.0
vt 0.772515 0.094702 0.0
vt 0.772672 0.075924 0.0
vt 0.939470 0.239914 0.0
vt 0.936161 0.234731 0.0
vt 0.939470 0.230843 0.0
vt 0.936298 0.239992 0.0
vt 0.638596 0.374107 0.0
vt 0.635372 0.379297 0.0
vt 0.635484 0.374036 0.0
vt 0.638596 0.383156 0.0
vt 0.616955 0.400127 0.0
vt 0.613956 0.405240 0.0
vt 0.614200 0.399982 0.0
vt 0.616955 0.409172 0.0
vt 0.849395 0.139344 0.0
vt 0.846301 0.107663 0.0
vt 0.849395 0.107663 0.0
vt 0.846301 0.139344 0.0
vt 0.852675 0.139344 0.0
vt 0.843635 0.107663 0.0
vt 0.843635 0.139344 0.0
vt 0.843635 0.095438 0.0
vt 0.846301 0.095438 0.0
vt 0.843635 0.083195 0.0
vt 0.852675 0.107663 0.0
vt 0.856123 0.139344 0.0
vt 0.849395 0.095438 0.0
vt 0.846301 0.083195 0.0
vt 0.843635 0.070998 0.0
vt 0.856123 0.107663 0.0
vt 0.859403 0.139344 0.0
vt 0.859403 0.107663 0.0
vt 0.852675 0.095438 0.0
vt 0.856123 0.095438 0.0
vt 0.859403 0.095438 0.0
vt 0.849395 0.083195 0.0
vt 0.852675 0.083195 0.0
vt 0.856123 0.083195 0.0
vt 0.859403 0.083195 0.0
vt 0.846301 0.070998 0.0
vt 0.843635 0.059262 0.0
vt 0.846301 0.059262 0.0
vt 0.849395 0.070998 0.0
vt 0.849395 0.059262 0.0
vt 0.852675 0.070998 0.0
vt 0.852675 0.059262 0.0
vt 0.856123 0.059262 0.0
vt 0.856123 0.070998 0.0
vt 0.859403 0.070998 0.0
vt 0.859403 0.059262 0.0
vt 0.994634 0.148326 0.0
vt 0.986195 0.211449 0.0
vt 0.987870 0.212514 0.0
vt 0.986184 0.212928 0.0
vt 0.988868 0.214694 0.0
vt 0.991090 0.212891 0.0
vt 0.992107 0.213645 0.0
vt 0.993365 0.210751 0.0
vt 0.995667 0.148385 0.0
vt 0.995194 0.140391 0.0
vt 0.996212 0.140433 0.0
vt 0.992943 0.132217 0.0
vt 0.995388 0.132218 0.0
vt 0.997223 0.140471 0.0
vt 0.998516 0.132212 0.0
vt 0.996431 0.132217 0.0
vt 0.997455 0.132210 0.0
vt 0.997221 0.124077 0.0
vt 0.998273 0.124038 0.0
vt 0.996164 0.124122 0.0
vt 0.996154 0.103254 0.0
vt 0.997202 0.102993 0.0
vt 0.995129 0.124165 0.0
vt 0.995049 0.103138 0.0
vt 0.994722 0.099615 0.0
vt 0.995667 0.098951 0.0
vt 0.992518 0.096197 0.0
vt 0.992784 0.124269 0.0
vt 0.990294 0.104647 0.0
vt 0.991909 0.104328 0.0
vt 0.994019 0.103422 0.0
vt 0.991116 0.102564 0.0
vt 0.992918 0.101121 0.0
vt 0.993889 0.100403 0.0
vt 0.991408 0.098328 0.0
vt 0.989165 0.102698 0.0
vt 0.989845 0.101419 0.0
vt 0.990862 0.099400 0.0
vt 0.987211 0.102661 0.0
vt 0.988192 0.102413 0.0
vt 0.988215 0.100942 0.0
vt 0.986573 0.101369 0.0
vt 0.988246 0.098802 0.0
vt 0.985622 0.099331 0.0
vt 0.983509 0.100978 0.0
vt 0.982563 0.100242 0.0
vt 0.985091 0.098241 0.0
vt 0.984561 0.097154 0.0
vt 0.984052 0.096088 0.0
vt 0.988261 0.097573 0.0
vt 0.988277 0.096335 0.0
vt 0.988293 0.095157 0.0
vt 0.991969 0.097257 0.0
vt 0.772101 0.813232 0.0
vt 0.776546 0.801477 0.0
vt 0.779236 0.802457 0.0
vt 0.772865 0.813811 0.0
vt 0.778350 0.802094 0.0
vt 0.778544 0.789397 0.0
vt 0.780507 0.789319 0.0
vt 0.781453 0.789421 0.0
vt 0.779268 0.802367 0.0
vt 0.589399 0.391279 0.0
vt 0.592395 0.385991 0.0
vt 0.592467 0.391254 0.0
vt 0.589399 0.382240 0.0
vt 0.501998 0.642025 0.0
vt 0.467128 0.642026 0.0
vt 0.467136 0.638982 0.0
vt 0.466179 0.641970 0.0
vt 0.466187 0.639011 0.0
vt 0.502002 0.638981 0.0
vt 0.467136 0.638982 0.0
vt 0.467196 0.603028 0.0
vt 0.466187 0.638951 0.0
vt 0.466246 0.603048 0.0
vt 0.502015 0.603026 0.0
vt 0.467206 0.599499 0.0
vt 0.502020 0.599497 0.0
vt 0.467196 0.603028 0.0
vt 0.466257 0.599552 0.0
vt 0.466247 0.603007 0.0
vt 0.467215 0.596357 0.0
vt 0.466265 0.596424 0.0
vt 0.466257 0.599445 0.0
vt 0.851436 0.339892 0.0
vt 0.847063 0.328651 0.0
vt 0.851045 0.327776 0.0
vt 0.846462 0.316571 0.0
vt 0.850422 0.315549 0.0
vt 0.845714 0.303160 0.0
vt 0.844970 0.289591 0.0
vt 0.844227 0.276021 0.0
vt 0.843484 0.262452 0.0
vt 0.842740 0.248882 0.0
vt 0.842977 0.180818 0.0
vt 0.841997 0.235312 0.0
vt 0.841254 0.221743 0.0
vt 0.840510 0.208174 0.0
vt 0.839767 0.194604 0.0
vt 0.839024 0.181034 0.0
vt 0.842273 0.168219 0.0
vt 0.838312 0.168443 0.0
vt 0.837680 0.157150 0.0
vt 0.841640 0.156926 0.0
vt 0.837038 0.145661 0.0
vt 0.840998 0.145433 0.0
vt 0.836377 0.134074 0.0
vt 0.840337 0.133838 0.0
vt 0.835637 0.121796 0.0
vt 0.839597 0.121552 0.0
vt 0.834814 0.108594 0.0
vt 0.833966 0.094985 0.0
vt 0.836042 0.064478 0.0
vt 0.832074 0.064602 0.0
vt 0.635205 0.409228 0.0
vt 0.632252 0.404031 0.0
vt 0.635205 0.400163 0.0
vt 0.632371 0.409292 0.0
vt 0.548213 0.376069 0.0
vt 0.551607 0.380671 0.0
vt 0.548213 0.384700 0.0
vt 0.551559 0.376014 0.0
vt 0.830717 0.144523 0.0
vt 0.833745 0.156935 0.0
vt 0.830717 0.157930 0.0
vt 0.833755 0.143508 0.0
vt 0.368358 0.400029 0.0
vt 0.371608 0.404598 0.0
vt 0.368358 0.408672 0.0
vt 0.371484 0.399943 0.0
vt 0.841321 0.384116 0.0
vt 0.844340 0.388667 0.0
vt 0.841321 0.392779 0.0
vt 0.844146 0.384015 0.0
vt 0.693432 0.408805 0.0
vt 0.696557 0.404244 0.0
vt 0.696416 0.408899 0.0
vt 0.693432 0.400165 0.0
vt 0.551702 0.359970 0.0
vt 0.554719 0.371974 0.0
vt 0.551702 0.372884 0.0
vt 0.554551 0.358796 0.0
vt 0.780487 0.654544 0.0
vt 0.780507 0.789319 0.0
vt 0.781457 0.789375 0.0
vt 0.781437 0.654486 0.0
vt 0.778525 0.654462 0.0
vt 0.778236 0.641559 0.0
vt 0.776352 0.642031 0.0
vt 0.780488 0.654544 0.0
vt 0.779164 0.641349 0.0
vt 0.781433 0.654439 0.0
vt 0.778236 0.641559 0.0
vt 0.772848 0.631278 0.0
vt 0.774554 0.630165 0.0
vt 0.779155 0.641311 0.0
vt 0.775424 0.629766 0.0
vt 0.774554 0.630165 0.0
vt 0.766030 0.622004 0.0
vt 0.767409 0.620597 0.0
vt 0.768119 0.619960 0.0
vt 0.775382 0.629686 0.0
vt 0.767409 0.620597 0.0
vt 0.757046 0.614643 0.0
vt 0.757738 0.612816 0.0
vt 0.768070 0.619910 0.0
vt 0.758211 0.611978 0.0
vt 0.745209 0.610009 0.0
vt 0.757738 0.612816 0.0
vt 0.745343 0.609066 0.0
vt 0.758098 0.611923 0.0
vt 0.745032 0.611972 0.0
vt 0.687867 0.610009 0.0
vt 0.687847 0.611979 0.0
vt 0.687992 0.609060 0.0
vt 0.745283 0.609060 0.0
vt 0.360009 0.263052 0.0
vt 0.356313 0.267250 0.0
vt 0.356937 0.262635 0.0
vt 0.360009 0.271785 0.0
vt 0.819735 0.085726 0.0
vt 0.816049 0.113012 0.0
vt 0.815793 0.054108 0.0
vt 0.819795 0.099361 0.0
vt 0.819854 0.112996 0.0
vt 0.819901 0.125589 0.0
vt 0.816095 0.125606 0.0
vt 0.819916 0.137694 0.0
vt 0.816110 0.137711 0.0
vt 0.819896 0.149142 0.0
vt 0.816090 0.149157 0.0
vt 0.819858 0.160961 0.0
vt 0.816050 0.160974 0.0
vt 0.819814 0.173110 0.0
vt 0.816007 0.173126 0.0
vt 0.819789 0.186506 0.0
vt 0.819741 0.200095 0.0
vt 0.819694 0.213684 0.0
vt 0.819646 0.227272 0.0
vt 0.819598 0.240861 0.0
vt 0.819551 0.254450 0.0
vt 0.819504 0.268038 0.0
vt 0.819457 0.281627 0.0
vt 0.819410 0.295216 0.0
vt 0.819363 0.308805 0.0
vt 0.862293 0.387308 0.0
vt 0.859163 0.382120 0.0
vt 0.862293 0.378255 0.0
vt 0.859292 0.387381 0.0
vt 0.610963 0.010581 0.0
vt 0.612948 0.004617 0.0
vt 0.614255 0.009715 0.0
vt 0.608668 0.001808 0.0
vt 0.697647 0.168597 0.0
vt 0.597543 0.215573 0.0
vt 0.599797 0.214525 0.0
vt 0.601084 0.212540 0.0
vt 0.601207 0.210021 0.0
vt 0.600014 0.207697 0.0
vt 0.591940 0.183189 0.0
vt 0.597921 0.206545 0.0
vt 0.590901 0.185392 0.0
vt 0.595416 0.206610 0.0
vt 0.588810 0.186868 0.0
vt 0.575840 0.191955 0.0
vt 0.582995 0.210569 0.0
vt 0.578420 0.212282 0.0
vt 0.571091 0.193894 0.0
vt 0.573804 0.214171 0.0
vt 0.566279 0.195929 0.0
vt 0.569338 0.216136 0.0
vt 0.561620 0.197969 0.0
vt 0.534254 0.237935 0.0
vt 0.523959 0.217003 0.0
vt 0.532722 0.240097 0.0
vt 0.521270 0.217409 0.0
vt 0.532472 0.243068 0.0
vt 0.518524 0.216325 0.0
vt 0.533766 0.245701 0.0
vt 0.516686 0.213975 0.0
vt 0.505066 0.182206 0.0
vt 0.516353 0.211060 0.0
vt 0.507736 0.183423 0.0
vt 0.517491 0.208400 0.0
vt 0.510402 0.183194 0.0
vt 0.519592 0.206842 0.0
vt 0.549786 0.170867 0.0
vt 0.557986 0.189640 0.0
vt 0.562709 0.187611 0.0
vt 0.554446 0.168909 0.0
vt 0.567547 0.185520 0.0
vt 0.559154 0.166837 0.0
vt 0.572289 0.183451 0.0
vt 0.563723 0.164726 0.0
vt 0.585067 0.177838 0.0
vt 0.575721 0.158652 0.0
vt 0.577591 0.156905 0.0
vt 0.587629 0.177418 0.0
vt 0.578315 0.154569 0.0
vt 0.589930 0.178311 0.0
vt 0.619225 0.118314 0.0
vt 0.577569 0.151997 0.0
vt 0.575691 0.150193 0.0
vt 0.573312 0.149612 0.0
vt 0.591676 0.180477 0.0
vt 0.570813 0.150413 0.0
vt 0.659615 0.091026 0.0
vt 0.565451 0.141977 0.0
vt 0.611458 0.107136 0.0
vt 0.649685 0.077761 0.0
vt 0.559869 0.156881 0.0
vt 0.604570 0.098294 0.0
vt 0.642257 0.068478 0.0
vt 0.560509 0.135652 0.0
vt 0.555489 0.148781 0.0
vt 0.551977 0.143732 0.0
vt 0.551733 0.150889 0.0
vt 0.555568 0.158989 0.0
vt 0.548935 0.146464 0.0
vt 0.547835 0.139978 0.0
vt 0.555396 0.130526 0.0
vt 0.598162 0.090729 0.0
vt 0.634808 0.059476 0.0
vt 0.591386 0.083343 0.0
vt 0.627218 0.050593 0.0
vt 0.549485 0.125729 0.0
vt 0.583299 0.075077 0.0
vt 0.619418 0.041689 0.0
vt 0.542923 0.136793 0.0
vt 0.565811 0.021535 0.0
vt 0.582738 0.002229 0.0
vt 0.557051 0.032307 0.0
vt 0.545951 0.041361 0.0
vt 0.532536 0.046921 0.0
vt 0.541408 0.120677 0.0
vt 0.483903 0.112646 0.0
vt 0.513553 0.047256 0.0
vt 0.536065 0.134511 0.0
vt 0.481805 0.132831 0.0
vt 0.541105 0.140946 0.0
vt 0.535272 0.139743 0.0
vt 0.481772 0.139762 0.0
vt 0.481946 0.146853 0.0
vt 0.545316 0.143460 0.0
vt 0.539656 0.145273 0.0
vt 0.535227 0.144879 0.0
vt 0.545792 0.149208 0.0
vt 0.542971 0.146978 0.0
vt 0.538652 0.149710 0.0
vt 0.535989 0.149863 0.0
vt 0.540800 0.150594 0.0
vt 0.542582 0.151910 0.0
vt 0.547788 0.152646 0.0
vt 0.551105 0.160932 0.0
vt 0.543721 0.154058 0.0
vt 0.546628 0.162631 0.0
vt 0.656055 0.370125 0.0
vt 0.652807 0.375316 0.0
vt 0.652916 0.370054 0.0
vt 0.656055 0.379175 0.0
vt 0.945802 0.883365 0.0
vt 0.949632 0.899862 0.0
vt 0.945465 0.899924 0.0
vt 0.949350 0.916702 0.0
vt 0.941368 0.899827 0.0
vt 0.941805 0.883278 0.0
vt 0.945081 0.916627 0.0
vt 0.941012 0.916530 0.0
vt 0.943519 0.993680 0.0
vt 0.939345 0.997729 0.0
vt 0.947933 0.988987 0.0
vt 0.952147 0.984890 0.0
vt 0.953411 0.916770 0.0
vt 0.953726 0.899932 0.0
vt 0.949956 0.883376 0.0
vt 0.953897 0.883435 0.0
vt 0.954195 0.867114 0.0
vt 0.946068 0.866985 0.0
vt 0.942115 0.866929 0.0
vt 0.950167 0.867054 0.0
vt 0.946251 0.850645 0.0
vt 0.942274 0.850613 0.0
vt 0.950416 0.850602 0.0
vt 0.954393 0.850651 0.0
vt 0.946446 0.828258 0.0
vt 0.942428 0.828224 0.0
vt 0.950656 0.828298 0.0
vt 0.954672 0.828343 0.0
vt 0.951658 0.724507 0.0
vt 0.955681 0.724546 0.0
vt 0.947460 0.724466 0.0
vt 0.943437 0.724427 0.0
vt 0.943834 0.683592 0.0
vt 0.947850 0.683637 0.0
vt 0.944111 0.661617 0.0
vt 0.952063 0.683678 0.0
vt 0.956077 0.683711 0.0
vt 0.956226 0.661813 0.0
vt 0.952250 0.661784 0.0
vt 0.956348 0.645352 0.0
vt 0.948088 0.661662 0.0
vt 0.944269 0.645304 0.0
vt 0.952320 0.645334 0.0
vt 0.952425 0.629013 0.0
vt 0.956367 0.629031 0.0
vt 0.948222 0.645325 0.0
vt 0.944276 0.628955 0.0
vt 0.948273 0.628946 0.0
vt 0.952420 0.612528 0.0
vt 0.840890 0.355766 0.0
vt 0.843944 0.368121 0.0
vt 0.840890 0.369092 0.0
vt 0.843703 0.354719 0.0
vt 0.586769 0.400117 0.0
vt 0.583759 0.405231 0.0
vt 0.584000 0.399973 0.0
vt 0.586769 0.409163 0.0
vt 0.002435 0.178833 0.0
vt 0.001496 0.159540 0.0
vt 0.002430 0.159897 0.0
vt 0.001496 0.179302 0.0
vt 0.823464 0.376944 0.0
vt 0.826953 0.372397 0.0
vt 0.826828 0.377052 0.0
vt 0.823464 0.368294 0.0
vt 0.845197 0.051704 0.0
vt 0.822576 0.014397 0.0
vt 0.845200 0.014395 0.0
vt 0.822576 0.051730 0.0
vt 0.791170 0.377048 0.0
vt 0.793141 0.366109 0.0
vt 0.793141 0.377065 0.0
vt 0.791172 0.366079 0.0
vt 0.790222 0.366187 0.0
vt 0.790220 0.377041 0.0
vt 0.501173 0.380057 0.0
vt 0.504578 0.384659 0.0
vt 0.501173 0.388688 0.0
vt 0.504529 0.380002 0.0
vt 0.323835 0.260712 0.0
vt 0.328829 0.271542 0.0
vt 0.323835 0.272807 0.0
vt 0.328798 0.261491 0.0
vt 0.242751 0.103327 0.0
vt 0.246304 0.107810 0.0
vt 0.242751 0.111977 0.0
vt 0.246096 0.103157 0.0
vt 0.312686 0.400029 0.0
vt 0.315953 0.404600 0.0
vt 0.312686 0.408671 0.0
vt 0.315833 0.399945 0.0
vt 0.910885 0.241907 0.0
vt 0.914168 0.236642 0.0
vt 0.914144 0.241904 0.0
vt 0.910885 0.232838 0.0
vt 0.668885 0.408808 0.0
vt 0.672037 0.404247 0.0
vt 0.671898 0.408902 0.0
vt 0.668885 0.400168 0.0
vt 0.507094 0.043482 0.0
vt 0.510126 0.048033 0.0
vt 0.507094 0.052145 0.0
vt 0.509933 0.043381 0.0
vt 0.683521 0.382567 0.0
vt 0.686999 0.386773 0.0
vt 0.683521 0.391323 0.0
vt 0.686319 0.382166 0.0
vt 0.383836 0.409219 0.0
vt 0.380804 0.404050 0.0
vt 0.383836 0.400166 0.0
vt 0.380955 0.409311 0.0
vt 0.459726 0.053400 0.0
vt 0.456396 0.058583 0.0
vt 0.456509 0.053321 0.0
vt 0.459726 0.062453 0.0
vt 0.952317 0.001493 0.0
vt 0.948878 0.006761 0.0
vt 0.948903 0.001499 0.0
vt 0.952317 0.010562 0.0
vt 0.832036 0.385316 0.0
vt 0.828885 0.380126 0.0
vt 0.832036 0.376264 0.0
vt 0.829007 0.385387 0.0
vt 0.416522 0.302392 0.0
vt 0.413249 0.307584 0.0
vt 0.413357 0.302322 0.0
vt 0.416522 0.311443 0.0
vt 0.011795 0.290554 0.0
vt 0.005639 0.331900 0.0
vt 0.005639 0.287335 0.0
vt 0.011661 0.330553 0.0
vt 0.124444 0.016080 0.0
vt 0.120602 0.020237 0.0
vt 0.121269 0.015629 0.0
vt 0.124444 0.024841 0.0
vt 0.537932 0.400118 0.0
vt 0.534912 0.405233 0.0
vt 0.535151 0.399974 0.0
vt 0.537932 0.409164 0.0
vt 0.037094 0.374086 0.0
vt 0.040508 0.378688 0.0
vt 0.037094 0.382718 0.0
vt 0.040459 0.374031 0.0
vt 0.532827 0.381991 0.0
vt 0.535881 0.387277 0.0
vt 0.532827 0.391050 0.0
vt 0.535900 0.382015 0.0
vt 0.097484 0.012181 0.0
vt 0.092839 0.002171 0.0
vt 0.099766 0.001646 0.0
vt 0.092839 0.014033 0.0
vt 0.107154 0.266703 0.0
vt 0.111947 0.277654 0.0
vt 0.107154 0.279003 0.0
vt 0.112080 0.267515 0.0
vt 0.019900 0.400028 0.0
vt 0.023185 0.404602 0.0
vt 0.019900 0.408670 0.0
vt 0.023068 0.399946 0.0
vt 0.619937 0.408809 0.0
vt 0.623115 0.404247 0.0
vt 0.622978 0.408902 0.0
vt 0.619937 0.400168 0.0
vt 0.956204 0.072415 0.0
vt 0.959529 0.084876 0.0
vt 0.956516 0.085695 0.0
vt 0.959529 0.071616 0.0
vt 0.518190 0.252034 0.0
vt 0.512587 0.262452 0.0
vt 0.512587 0.250847 0.0
vt 0.517569 0.261867 0.0
vt 0.214625 0.051379 0.0
vt 0.209621 0.063422 0.0
vt 0.209621 0.049832 0.0
vt 0.214621 0.062238 0.0
vt 0.504113 0.045274 0.0
vt 0.499099 0.057410 0.0
vt 0.499099 0.043820 0.0
vt 0.504109 0.056127 0.0
vt 0.496112 0.043351 0.0
vt 0.491104 0.055441 0.0
vt 0.491104 0.041851 0.0
vt 0.496109 0.054207 0.0
vt 0.717986 0.007932 0.0
vt 0.723005 0.020141 0.0
vt 0.717986 0.021522 0.0
vt 0.723009 0.009292 0.0
vt 0.293544 0.037241 0.0
vt 0.288526 0.049424 0.0
vt 0.288526 0.035834 0.0
vt 0.293541 0.048092 0.0
vt 0.392314 0.001915 0.0
vt 0.397343 0.014029 0.0
vt 0.392314 0.015505 0.0
vt 0.397347 0.003178 0.0
vt 0.384300 0.001936 0.0
vt 0.389324 0.014098 0.0
vt 0.384300 0.015526 0.0
vt 0.389327 0.003248 0.0
vt 0.352210 0.001881 0.0
vt 0.357249 0.013902 0.0
vt 0.352210 0.015471 0.0
vt 0.357253 0.003047 0.0
vt 0.555301 0.001894 0.0
vt 0.560335 0.013961 0.0
vt 0.555301 0.015483 0.0
vt 0.560339 0.003108 0.0
vt 0.798415 0.385312 0.0
vt 0.795244 0.380121 0.0
vt 0.798415 0.376261 0.0
vt 0.795360 0.385382 0.0
vt 0.280760 0.053531 0.0
vt 0.275711 0.041697 0.0
vt 0.280803 0.042796 0.0
vt 0.275711 0.055128 0.0
vt 0.450849 0.280483 0.0
vt 0.447554 0.285674 0.0
vt 0.447665 0.280413 0.0
vt 0.450849 0.289534 0.0
vt 0.287057 0.356790 0.0
vt 0.290754 0.360895 0.0
vt 0.287057 0.365551 0.0
vt 0.289978 0.356303 0.0
vt 0.762186 0.002170 0.0
vt 0.758230 0.006292 0.0
vt 0.758939 0.001690 0.0
vt 0.762186 0.010926 0.0
vt 0.570045 0.375321 0.0
vt 0.573267 0.370154 0.0
vt 0.571649 0.377435 0.0
vt 0.573267 0.379219 0.0
vt 0.570187 0.370060 0.0
vt 0.324121 0.335050 0.0
vt 0.327239 0.347378 0.0
vt 0.324121 0.348222 0.0
vt 0.327157 0.334477 0.0
vt 0.020463 0.083169 0.0
vt 0.015480 0.071506 0.0
vt 0.020384 0.072397 0.0
vt 0.015480 0.084734 0.0
vt 0.216987 0.021115 0.0
vt 0.215920 0.019443 0.0
vt 0.217229 0.019645 0.0
vt 0.217825 0.001896 0.0
vt 0.218660 0.001768 0.0
vt 0.215618 0.020937 0.0
vt 0.216927 0.022442 0.0
vt 0.215468 0.022362 0.0
vt 0.215407 0.023821 0.0
vt 0.216820 0.023864 0.0
vt 0.215429 0.025269 0.0
vt 0.216782 0.025253 0.0
vt 0.215563 0.026680 0.0
vt 0.216860 0.026528 0.0
vt 0.215866 0.028158 0.0
vt 0.217109 0.027950 0.0
vt 0.217858 0.045352 0.0
vt 0.218660 0.045453 0.0
vt 0.217858 0.045352 0.0
vt 0.960443 0.002981 0.0
vt 0.955455 0.032306 0.0
vt 0.955458 0.001864 0.0
vt 0.960443 0.032668 0.0
vt 0.563322 0.001853 0.0
vt 0.568307 0.013948 0.0
vt 0.563322 0.015488 0.0
vt 0.568306 0.002942 0.0
vt 0.726347 0.409196 0.0
vt 0.723470 0.403932 0.0
vt 0.726221 0.400157 0.0
vt 0.723443 0.409196 0.0
vt 0.651821 0.387301 0.0
vt 0.648647 0.382186 0.0
vt 0.651821 0.378255 0.0
vt 0.648870 0.387446 0.0
vt 0.758140 0.146092 0.0
vt 0.761225 0.158765 0.0
vt 0.758179 0.159523 0.0
vt 0.761225 0.145335 0.0
vt 0.152283 0.002879 0.0
vt 0.147144 0.014437 0.0
vt 0.147144 0.001825 0.0
vt 0.152880 0.013290 0.0
vt 0.013617 0.400021 0.0
vt 0.016918 0.404595 0.0
vt 0.013617 0.408661 0.0
vt 0.016803 0.399940 0.0
vt 0.552317 0.012465 0.0
vt 0.537407 0.001492 0.0
vt 0.552317 0.001492 0.0
vt 0.537407 0.012465 0.0
vt 0.552317 0.013543 0.0
vt 0.537407 0.013543 0.0
vt 0.552317 0.014437 0.0
vt 0.537407 0.014437 0.0
vt 0.552317 0.015416 0.0
vt 0.537407 0.015416 0.0
vt 0.552317 0.016396 0.0
vt 0.537407 0.016396 0.0
vt 0.552317 0.017289 0.0
vt 0.537407 0.017289 0.0
vt 0.552317 0.018367 0.0
vt 0.537407 0.018367 0.0
vt 0.537407 0.029344 0.0
vt 0.552317 0.029344 0.0
vt 0.516392 0.408811 0.0
vt 0.519596 0.404249 0.0
vt 0.519460 0.408904 0.0
vt 0.516392 0.400168 0.0
vt 0.120855 0.012012 0.0
vt 0.126683 0.001679 0.0
vt 0.126683 0.013186 0.0
vt 0.120633 0.002396 0.0
vt 0.484882 0.389293 0.0
vt 0.481691 0.384101 0.0
vt 0.484882 0.380243 0.0
vt 0.481805 0.389363 0.0
vt 0.840037 0.055383 0.0
vt 0.836718 0.060575 0.0
vt 0.836834 0.055313 0.0
vt 0.840037 0.064437 0.0
vt 0.326392 0.011746 0.0
vt 0.332221 0.001581 0.0
vt 0.332221 0.012892 0.0
vt 0.326235 0.001950 0.0
vt 0.757291 0.408817 0.0
vt 0.760187 0.404257 0.0
vt 0.760010 0.408910 0.0
vt 0.757291 0.400160 0.0
vt 0.565440 0.408832 0.0
vt 0.568651 0.404280 0.0
vt 0.568467 0.408933 0.0
vt 0.565440 0.400169 0.0
vt 0.180603 0.301247 0.0
vt 0.184112 0.296673 0.0
vt 0.184014 0.301329 0.0
vt 0.180603 0.292598 0.0
vt 0.917084 0.130182 0.0
vt 0.920181 0.142836 0.0
vt 0.917124 0.143612 0.0
vt 0.920181 0.129406 0.0
vt 0.720381 0.380095 0.0
vt 0.717248 0.385277 0.0
vt 0.717381 0.380016 0.0
vt 0.720381 0.389166 0.0
vt 0.188841 0.020158 0.0
vt 0.186281 0.003458 0.0
vt 0.190015 0.019759 0.0
vt 0.185501 0.003465 0.0
vt 0.186281 0.003458 0.0
vt 0.189168 0.021520 0.0
vt 0.190444 0.021203 0.0
vt 0.190633 0.022637 0.0
vt 0.189360 0.022746 0.0
vt 0.189461 0.024093 0.0
vt 0.190712 0.024114 0.0
vt 0.189392 0.025428 0.0
vt 0.190669 0.025573 0.0
vt 0.189209 0.026635 0.0
vt 0.190479 0.026968 0.0
vt 0.190073 0.028375 0.0
vt 0.188891 0.027972 0.0
vt 0.186741 0.044336 0.0
vt 0.185962 0.044328 0.0
vt 0.564029 0.389294 0.0
vt 0.560846 0.384180 0.0
vt 0.564029 0.380249 0.0
vt 0.561068 0.389439 0.0
vt 0.654808 0.382092 0.0
vt 0.658125 0.386667 0.0
vt 0.654808 0.390731 0.0
vt 0.658011 0.382011 0.0
vt 0.485769 0.209914 0.0
vt 0.484831 0.191440 0.0
vt 0.485768 0.191804 0.0
vt 0.484831 0.210376 0.0
vt 0.007549 0.380908 0.0
vt 0.010529 0.393239 0.0
vt 0.007549 0.394094 0.0
vt 0.010323 0.380327 0.0
vt 0.296535 0.036016 0.0
vt 0.300323 0.040172 0.0
vt 0.296535 0.044749 0.0
vt 0.299654 0.035564 0.0
vt 0.411460 0.408811 0.0
vt 0.414689 0.404251 0.0
vt 0.414553 0.408905 0.0
vt 0.411460 0.400168 0.0
vt 0.798125 0.343268 0.0
vt 0.801211 0.355852 0.0
vt 0.798321 0.356604 0.0
vt 0.801211 0.342526 0.0
vt 0.087011 0.305194 0.0
vt 0.085548 0.306543 0.0
vt 0.086078 0.305050 0.0
vt 0.086362 0.307020 0.0
vt 0.083486 0.308900 0.0
vt 0.083974 0.309750 0.0
vt 0.086851 0.300778 0.0
vt 0.085930 0.300949 0.0
vt 0.086098 0.298588 0.0
vt 0.085266 0.299020 0.0
vt 0.083486 0.296562 0.0
vt 0.083971 0.295651 0.0
vt 0.346654 0.409205 0.0
vt 0.343659 0.403969 0.0
vt 0.346654 0.400170 0.0
vt 0.343674 0.409233 0.0
vt 0.605781 0.383320 0.0
vt 0.602570 0.378128 0.0
vt 0.605781 0.374271 0.0
vt 0.602684 0.383390 0.0
vt 0.355176 0.026353 0.0
vt 0.358128 0.021705 0.0
vt 0.358089 0.026361 0.0
vt 0.355176 0.017694 0.0
vt 0.510186 0.408827 0.0
vt 0.513407 0.404276 0.0
vt 0.513222 0.408928 0.0
vt 0.510186 0.400164 0.0
vt 0.745018 0.375737 0.0
vt 0.741985 0.363684 0.0
vt 0.745018 0.362643 0.0
vt 0.742218 0.376424 0.0
vt 0.303440 0.409214 0.0
vt 0.300396 0.404091 0.0
vt 0.303440 0.400169 0.0
vt 0.300470 0.409358 0.0
vt 0.365724 0.331225 0.0
vt 0.368927 0.343293 0.0
vt 0.365724 0.344329 0.0
vt 0.368722 0.330552 0.0
vt 0.362120 0.408810 0.0
vt 0.365374 0.404251 0.0
vt 0.365237 0.408906 0.0
vt 0.362120 0.400166 0.0
vt 0.798692 0.359212 0.0
vt 0.801604 0.371890 0.0
vt 0.798684 0.372638 0.0
vt 0.801604 0.358483 0.0
vt 0.661957 0.081684 0.0
vt 0.662916 0.081971 0.0
vt 0.662891 0.087950 0.0
vt 0.661957 0.089267 0.0
vt 0.662885 0.089619 0.0
vt 0.843236 0.381324 0.0
vt 0.840006 0.376128 0.0
vt 0.843236 0.372279 0.0
vt 0.840128 0.381390 0.0
vt 0.632401 0.381329 0.0
vt 0.629172 0.376137 0.0
vt 0.632401 0.372281 0.0
vt 0.629285 0.381399 0.0
vt 0.283799 0.041817 0.0
vt 0.284742 0.053600 0.0
vt 0.283799 0.054089 0.0
vt 0.284781 0.042098 0.0
vt 0.506716 0.361254 0.0
vt 0.509649 0.373898 0.0
vt 0.506709 0.374680 0.0
vt 0.509649 0.360491 0.0
vt 0.004562 0.393853 0.0
vt 0.001509 0.381888 0.0
vt 0.004562 0.380682 0.0
vt 0.001764 0.394628 0.0
vt 0.001495 0.002751 0.0
vt 0.001495 0.001756 0.0
vt 0.002271 0.002465 0.0
vt 0.306423 0.408811 0.0
vt 0.309702 0.404254 0.0
vt 0.309563 0.408908 0.0
vt 0.306423 0.400165 0.0
vt 0.539203 0.379332 0.0
vt 0.535955 0.374142 0.0
vt 0.539203 0.370285 0.0
vt 0.536070 0.379404 0.0
vt 0.472377 0.388905 0.0
vt 0.475796 0.384354 0.0
vt 0.475664 0.389009 0.0
vt 0.472377 0.380245 0.0
vt 0.938141 0.150268 0.0
vt 0.937204 0.170160 0.0
vt 0.937204 0.149804 0.0
vt 0.938142 0.169842 0.0
vt 0.617548 0.034991 0.0
vt 0.618486 0.028007 0.0
vt 0.618486 0.035466 0.0
vt 0.617548 0.028336 0.0
vt 0.482809 0.353344 0.0
vt 0.485760 0.365955 0.0
vt 0.482801 0.366771 0.0
vt 0.485760 0.352548 0.0
vt 0.674519 0.009088 0.0
vt 0.675446 0.002860 0.0
vt 0.675446 0.008770 0.0
vt 0.674519 0.002405 0.0
vt 0.835044 0.361576 0.0
vt 0.837912 0.374065 0.0
vt 0.835044 0.375037 0.0
vt 0.837844 0.360635 0.0
vt 0.987134 0.390885 0.0
vt 0.990436 0.386330 0.0
vt 0.990295 0.390985 0.0
vt 0.987134 0.382238 0.0
vt 0.391321 0.379337 0.0
vt 0.388055 0.374148 0.0
vt 0.391321 0.370290 0.0
vt 0.388171 0.379410 0.0
vt 0.661537 0.367446 0.0
vt 0.664384 0.379477 0.0
vt 0.661889 0.380560 0.0
vt 0.664384 0.366566 0.0
vt 0.376352 0.361374 0.0
vt 0.379316 0.373952 0.0
vt 0.376341 0.374801 0.0
vt 0.379316 0.360546 0.0
vt 0.729781 0.068061 0.0
vt 0.728867 0.060253 0.0
vt 0.729781 0.059914 0.0
vt 0.728864 0.068485 0.0
vt 0.850169 0.044274 0.0
vt 0.848192 0.021434 0.0
vt 0.850169 0.021423 0.0
vt 0.848192 0.044285 0.0
vt 0.851118 0.021484 0.0
vt 0.851118 0.044269 0.0
vt 0.302034 0.331368 0.0
vt 0.305244 0.343343 0.0
vt 0.302034 0.344497 0.0
vt 0.305047 0.330603 0.0
vt 0.731675 0.376113 0.0
vt 0.728803 0.363639 0.0
vt 0.731675 0.362652 0.0
vt 0.728869 0.377069 0.0
vt 0.732704 0.390884 0.0
vt 0.736030 0.386333 0.0
vt 0.735883 0.390987 0.0
vt 0.732704 0.382236 0.0
vt 0.811904 0.099771 0.0
vt 0.812842 0.069877 0.0
vt 0.812842 0.100269 0.0
vt 0.811904 0.070225 0.0
vt 0.501994 0.647571 0.0
vt 0.467125 0.691531 0.0
vt 0.467120 0.647574 0.0
vt 0.502003 0.691526 0.0
vt 0.466175 0.691407 0.0
vt 0.466170 0.647609 0.0
vt 0.467120 0.647573 0.0
vt 0.467122 0.644986 0.0
vt 0.501995 0.644984 0.0
vt 0.466172 0.645052 0.0
vt 0.466170 0.647538 0.0
vt 0.467128 0.642026 0.0
vt 0.466173 0.644920 0.0
vt 0.466178 0.642081 0.0
vt 0.225869 0.339491 0.0
vt 0.222585 0.334305 0.0
vt 0.225869 0.330445 0.0
vt 0.222705 0.339566 0.0
vt 0.027962 0.394027 0.0
vt 0.025116 0.381616 0.0
vt 0.027853 0.380620 0.0
vt 0.025116 0.394886 0.0
vt 0.994276 0.347462 0.0
vt 0.997252 0.360008 0.0
vt 0.994261 0.360890 0.0
vt 0.997252 0.346601 0.0
vt 0.351702 0.347453 0.0
vt 0.348435 0.342243 0.0
vt 0.351702 0.338416 0.0
vt 0.348519 0.347505 0.0
vt 0.707700 0.123035 0.0
vt 0.696848 0.123964 0.0
vt 0.696849 0.123014 0.0
vt 0.707824 0.123985 0.0
vt 0.696835 0.158843 0.0
vt 0.696835 0.158843 0.0
vt 0.707824 0.123985 0.0
vt 0.707824 0.158863 0.0
vt 0.289094 0.556285 0.0
vt 0.282841 0.545149 0.0
vt 0.285084 0.532457 0.0
vt 0.281965 0.545509 0.0
vt 0.288338 0.556859 0.0
vt 0.282841 0.545149 0.0
vt 0.280683 0.532375 0.0
vt 0.279746 0.532477 0.0
vt 0.281933 0.545420 0.0
vt 0.311343 0.568357 0.0
vt 0.289094 0.556285 0.0
vt 0.299108 0.564252 0.0
vt 0.288406 0.556940 0.0
vt 0.298630 0.565074 0.0
vt 0.311110 0.569280 0.0
vt 0.298713 0.565122 0.0
vt 0.662752 0.408827 0.0
vt 0.665898 0.404244 0.0
vt 0.665790 0.408900 0.0
vt 0.662752 0.400164 0.0
vt 0.286671 0.373218 0.0
vt 0.293813 0.363644 0.0
vt 0.285137 0.387926 0.0
vt 0.293102 0.363008 0.0
vt 0.285843 0.372739 0.0
vt 0.293813 0.363644 0.0
vt 0.303488 0.355855 0.0
vt 0.293151 0.362957 0.0
vt 0.303014 0.355017 0.0
vt 0.303488 0.355855 0.0
vt 0.316024 0.353045 0.0
vt 0.315888 0.352102 0.0
vt 0.303128 0.354962 0.0
vt 0.282968 0.384677 0.0
vt 0.280728 0.397600 0.0
vt 0.279792 0.397495 0.0
vt 0.282058 0.384423 0.0
vt 0.286671 0.373218 0.0
vt 0.282064 0.384385 0.0
vt 0.285801 0.372820 0.0
vt 0.695673 0.388893 0.0
vt 0.699022 0.384346 0.0
vt 0.698865 0.389000 0.0
vt 0.695673 0.380244 0.0
vt 0.860527 0.345533 0.0
vt 0.863513 0.358048 0.0
vt 0.860508 0.358963 0.0
vt 0.863513 0.344641 0.0
vt 0.760427 0.253837 0.0
vt 0.757127 0.248653 0.0
vt 0.760427 0.244792 0.0
vt 0.757250 0.253915 0.0
vt 0.280728 0.397600 0.0
vt 0.279743 0.532431 0.0
vt 0.279788 0.397542 0.0
vt 0.280683 0.532375 0.0
vt 0.444466 0.532472 0.0
vt 0.324273 0.569757 0.0
vt 0.444183 0.570707 0.0
vt 0.324237 0.570707 0.0
vt 0.444462 0.569757 0.0
vt 0.444466 0.532472 0.0
vt 0.324274 0.569757 0.0
vt 0.311343 0.568357 0.0
vt 0.324207 0.570705 0.0
vt 0.311168 0.569293 0.0
vt 0.373344 0.387937 0.0
vt 0.316024 0.353045 0.0
vt 0.373348 0.353058 0.0
vt 0.285137 0.387926 0.0
vt 0.315950 0.352095 0.0
vt 0.373348 0.352108 0.0
vt 0.489784 0.330740 0.0
vt 0.491747 0.389503 0.0
vt 0.489784 0.389472 0.0
vt 0.491753 0.330598 0.0
vt 0.488834 0.330740 0.0
vt 0.488834 0.389495 0.0
vt 0.489787 0.280932 0.0
vt 0.489784 0.330740 0.0
vt 0.491763 0.280932 0.0
vt 0.488837 0.280932 0.0
vt 0.489787 0.280932 0.0
vt 0.489788 0.279480 0.0
vt 0.488839 0.279480 0.0
vt 0.491765 0.279480 0.0
vt 0.488843 0.278038 0.0
vt 0.489793 0.278038 0.0
vt 0.491770 0.278037 0.0
vt 0.488851 0.276445 0.0
vt 0.489800 0.276444 0.0
vt 0.491777 0.276444 0.0
vt 0.489800 0.276444 0.0
vt 0.488859 0.274652 0.0
vt 0.489809 0.274652 0.0
vt 0.491785 0.274651 0.0
vt 0.490008 0.239424 0.0
vt 0.489059 0.239423 0.0
vt 0.491985 0.239424 0.0
vt 0.490015 0.237748 0.0
vt 0.490008 0.239424 0.0
vt 0.489066 0.237747 0.0
vt 0.491992 0.237748 0.0
vt 0.490021 0.236116 0.0
vt 0.489071 0.236115 0.0
vt 0.490015 0.237748 0.0
vt 0.491997 0.236116 0.0
vt 0.490020 0.236116 0.0
vt 0.489073 0.234690 0.0
vt 0.490023 0.234690 0.0
vt 0.491999 0.234691 0.0
vt 0.489097 0.190733 0.0
vt 0.490047 0.190735 0.0
vt 0.492018 0.190733 0.0
vt 0.490023 0.234690 0.0
vt 0.279816 0.341596 0.0
vt 0.282811 0.354079 0.0
vt 0.279794 0.355027 0.0
vt 0.282811 0.340673 0.0
vt 0.009461 0.361479 0.0
vt 0.012507 0.373481 0.0
vt 0.009461 0.374720 0.0
vt 0.012511 0.360569 0.0
vt 0.330426 0.327701 0.0
vt 0.333450 0.340148 0.0
vt 0.330426 0.341132 0.0
vt 0.333427 0.326742 0.0
vt 0.302668 0.272349 0.0
vt 0.300692 0.264446 0.0
vt 0.302674 0.264443 0.0
vt 0.300692 0.272354 0.0
vt 0.303618 0.272283 0.0
vt 0.303624 0.264441 0.0
vt 0.055512 0.325760 0.0
vt 0.058520 0.338182 0.0
vt 0.055489 0.339191 0.0
vt 0.058520 0.324776 0.0
vt 0.597530 0.389524 0.0
vt 0.595554 0.381990 0.0
vt 0.597530 0.381984 0.0
vt 0.595554 0.389529 0.0
vt 0.598480 0.381981 0.0
vt 0.598480 0.389520 0.0
vt 0.500694 0.361576 0.0
vt 0.503721 0.373944 0.0
vt 0.500872 0.375005 0.0
vt 0.503721 0.360608 0.0
vt 0.683811 0.430151 0.0
vt 0.669386 0.432981 0.0
vt 0.669194 0.431018 0.0
vt 0.669508 0.433925 0.0
vt 0.684128 0.431057 0.0
vt 0.685672 0.426597 0.0
vt 0.695716 0.422194 0.0
vt 0.683811 0.430151 0.0
vt 0.684228 0.431014 0.0
vt 0.696357 0.422908 0.0
vt 0.695246 0.419441 0.0
vt 0.703671 0.410287 0.0
vt 0.695716 0.422194 0.0
vt 0.696433 0.422832 0.0
vt 0.704536 0.410702 0.0
vt 0.701860 0.409543 0.0
vt 0.706498 0.395861 0.0
vt 0.703671 0.410287 0.0
vt 0.704534 0.395671 0.0
vt 0.707442 0.395979 0.0
vt 0.704577 0.410601 0.0
vt 0.706484 0.263345 0.0
vt 0.704508 0.263344 0.0
vt 0.706498 0.395862 0.0
vt 0.707447 0.395926 0.0
vt 0.707434 0.263345 0.0
vt 0.039859 0.286448 0.0
vt 0.042276 0.298030 0.0
vt 0.041058 0.298317 0.0
vt 0.040627 0.283038 0.0
vt 0.041347 0.299590 0.0
vt 0.042621 0.299319 0.0
vt 0.042787 0.300544 0.0
vt 0.041555 0.300656 0.0
vt 0.042824 0.301800 0.0
vt 0.041647 0.301800 0.0
vt 0.041553 0.302946 0.0
vt 0.042789 0.303058 0.0
vt 0.041343 0.304016 0.0
vt 0.042623 0.304289 0.0
vt 0.042277 0.305588 0.0
vt 0.041049 0.305297 0.0
vt 0.039859 0.317267 0.0
vt 0.040619 0.320711 0.0
vt 0.489784 0.389472 0.0
vt 0.492513 0.402074 0.0
vt 0.490667 0.402573 0.0
vt 0.488835 0.389514 0.0
vt 0.489726 0.402728 0.0
vt 0.490667 0.402573 0.0
vt 0.496487 0.413508 0.0
vt 0.494834 0.414465 0.0
vt 0.489741 0.402802 0.0
vt 0.493980 0.414899 0.0
vt 0.502679 0.423647 0.0
vt 0.503947 0.422189 0.0
vt 0.494834 0.414465 0.0
vt 0.502024 0.424342 0.0
vt 0.494032 0.414988 0.0
vt 0.502679 0.423647 0.0
vt 0.513927 0.428519 0.0
vt 0.513288 0.430353 0.0
vt 0.502087 0.424397 0.0
vt 0.512888 0.431224 0.0
vt 0.513288 0.430353 0.0
vt 0.525859 0.430817 0.0
vt 0.526900 0.433017 0.0
vt 0.526784 0.433962 0.0
vt 0.512984 0.431261 0.0
vt 0.526900 0.433017 0.0
vt 0.669386 0.432981 0.0
vt 0.526837 0.433967 0.0
vt 0.669454 0.433931 0.0
vt 0.862583 0.146036 0.0
vt 0.862583 0.001505 0.0
vt 0.906275 0.001688 0.0
vt 0.862583 0.146036 0.0
vt 0.906275 0.001688 0.0
vt 0.906275 0.146219 0.0
vt 0.492370 0.023454 0.0
vt 0.518458 0.039270 0.0
vt 0.491483 0.039267 0.0
vt 0.519456 0.023454 0.0
vt 0.492431 0.022340 0.0
vt 0.519516 0.022340 0.0
vt 0.492453 0.021391 0.0
vt 0.519539 0.021391 0.0
vt 0.519524 0.020367 0.0
vt 0.492438 0.020367 0.0
vt 0.519478 0.019342 0.0
vt 0.492392 0.019342 0.0
vt 0.519419 0.018390 0.0
vt 0.492333 0.018390 0.0
vt 0.519353 0.017277 0.0
vt 0.492267 0.017277 0.0
vt 0.518458 0.001493 0.0
vt 0.491483 0.001495 0.0

f 1/1/1 2/2/2 3/3/3
f 1/1/1 4/4/4 2/2/2
f 5/5/5 6/6/6 7/7/7
f 5/5/5 8/8/8 6/6/6
f 9/9/9 10/10/10 11/11/11
f 9/9/9 12/12/12 10/10/10
f 13/13/13 14/14/14 15/15/15
f 13/13/13 16/16/16 14/14/14
f 17/17/17 18/18/18 19/19/19
f 17/17/17 20/20/20 18/18/18
f 21/21/21 22/22/22 23/23/23
f 24/24/24 25/25/25 26/26/26
f 27/27/27 28/28/28 29/29/29
f 27/27/27 30/30/30 28/28/28
f 31/31/31 32/32/32 33/33/33
f 33/33/33 34/34/34 31/31/31
f 33/33/33 35/35/35 34/34/34
f 31/31/31 36/36/36 32/32/32
f 32/32/32 36/36/36 37/37/37
f 32/32/32 37/37/37 38/38/38
f 39/39/39 40/40/40 41/41/41
f 41/41/41 42/42/42 39/39/39
f 41/41/41 43/43/43 42/42/42
f 39/39/39 44/44/44 40/40/40
f 44/44/44 45/45/45 40/40/40
f 44/44/44 46/46/46 45/45/45
f 47/47/47 39/39/39 48/48/48
f 47/47/47 48/48/48 49/49/49
f 47/47/47 50/50/50 39/39/39
f 47/47/47 51/51/51 50/50/50
f 51/51/51 52/52/52 50/50/50
f 51/51/51 53/53/53 52/52/52
f 54/54/54 55/55/55 56/56/56
f 54/54/54 57/57/57 55/55/55
f 54/54/54 56/56/56 58/58/58
f 54/54/54 58/58/58 59/59/59
f 59/59/59 58/58/58 60/60/60
f 59/59/59 60/60/60 61/61/61
f 62/62/62 63/63/63 64/64/64
f 62/62/62 65/65/65 63/63/63
f 65/65/65 62/62/62 66/66/66
f 65/65/65 66/66/66 67/67/67
f 67/67/67 66/66/66 68/68/68
f 67/67/67 68/68/68 69/69/69
f 70/70/70 71/71/71 72/72/72
f 73/73/73 72/72/72 71/71/71
f 73/73/73 71/71/71 74/74/74
f 70/70/70 75/75/75 71/71/71
f 75/75/75 70/70/70 76/76/76
f 74/74/74 71/71/71 77/77/77
f 74/74/74 77/77/77 78/78/78
f 71/71/71 75/75/75 79/79/79
f 71/71/71 79/79/79 77/77/77
f 75/75/75 76/76/76 80/80/80
f 80/80/80 76/76/76 81/81/81
f 75/75/75 82/82/82 79/79/79
f 75/75/75 80/80/80 82/82/82
f 78/78/78 77/77/77 83/83/83
f 78/78/78 83/83/83 84/84/84
f 77/77/77 79/79/79 85/85/85
f 77/77/77 85/85/85 83/83/83
f 79/79/79 82/82/82 86/86/86
f 79/79/79 86/86/86 85/85/85
f 87/87/87 82/82/82 80/80/80
f 87/87/87 86/86/86 82/82/82
f 80/80/80 81/81/81 88/88/88
f 87/87/87 80/80/80 88/88/88
f 88/88/88 81/81/81 89/89/89
f 88/88/88 89/89/89 90/90/90
f 90/90/90 89/89/89 91/91/91
f 92/92/92 87/87/87 88/88/88
f 92/92/92 88/88/88 90/90/90
f 87/87/87 93/93/93 86/86/86
f 92/92/92 93/93/93 87/87/87
f 94/94/94 86/86/86 93/93/93
f 95/95/95 92/92/92 90/90/90
f 90/90/90 91/91/91 96/96/96
f 95/95/95 90/90/90 96/96/96
f 96/96/96 91/91/91 97/97/97
f 98/98/98 97/97/97 91/91/91
f 99/99/99 95/95/95 96/96/96
f 97/97/97 99/99/99 96/96/96
f 95/95/95 100/100/100 92/92/92
f 95/95/95 99/99/99 100/100/100
f 92/92/92 100/100/100 93/93/93
f 101/101/101 97/97/97 98/98/98
f 98/98/98 102/102/102 101/101/101
f 102/102/102 103/103/103 101/101/101
f 103/103/103 104/104/104 101/101/101
f 104/104/104 105/105/105 101/101/101
f 106/106/106 93/93/93 100/100/100
f 106/106/106 94/94/94 93/93/93
f 107/107/107 100/100/100 99/99/99
f 107/107/107 106/106/106 100/100/100
f 97/97/97 107/107/107 99/99/99
f 108/108/108 97/97/97 101/101/101
f 107/107/107 97/97/97 108/108/108
f 107/107/107 108/108/108 106/106/106
f 108/108/108 101/101/101 109/109/109
f 106/106/106 108/108/108 110/110/110
f 110/110/110 108/108/108 109/109/109
f 106/106/106 110/110/110 94/94/94
f 110/110/110 109/109/109 111/111/111
f 112/112/112 110/110/110 111/111/111
f 112/112/112 113/113/113 110/110/110
f 94/94/94 110/110/110 113/113/113
f 114/114/114 113/113/113 112/112/112
f 94/94/94 113/113/113 115/115/115
f 94/94/94 115/115/115 86/86/86
f 85/85/85 86/86/86 115/115/115
f 115/115/115 113/113/113 116/116/116
f 114/114/114 116/116/116 113/113/113
f 85/85/85 115/115/115 117/117/117
f 115/115/115 116/116/116 117/117/117
f 83/83/83 85/85/85 117/117/117
f 118/118/118 116/116/116 114/114/114
f 117/117/117 116/116/116 118/118/118
f 118/118/118 114/114/114 119/119/119
f 83/83/83 117/117/117 120/120/120
f 117/117/117 118/118/118 120/120/120
f 84/84/84 83/83/83 120/120/120
f 84/84/84 120/120/120 121/121/121
f 121/121/121 120/120/120 118/118/118
f 121/121/121 118/118/118 122/122/122
f 122/122/122 118/118/118 119/119/119
f 122/122/122 119/119/119 123/123/123
f 124/124/124 125/125/125 126/126/126
f 126/126/126 127/127/127 124/124/124
f 126/126/126 128/128/128 127/127/127
f 124/124/124 129/129/129 125/125/125
f 129/129/129 130/130/130 125/125/125
f 129/129/129 131/131/131 130/130/130
f 132/132/132 133/133/133 134/134/134
f 132/132/132 135/135/135 133/133/133
f 136/136/136 137/137/137 138/138/138
f 136/136/136 139/139/139 137/137/137
f 139/139/139 136/136/136 140/140/140
f 139/139/139 140/140/140 141/141/141
f 141/141/141 140/140/140 142/142/142
f 141/141/141 142/142/142 143/143/143
f 144/144/144 145/145/145 146/146/146
f 144/144/144 147/147/147 145/145/145
f 147/147/147 144/144/144 148/148/148
f 147/147/147 148/148/148 149/149/149
f 149/149/149 148/148/148 150/150/150
f 149/149/149 150/150/150 151/151/151
f 152/152/152 153/153/153 154/154/154
f 152/152/152 155/155/155 153/153/153
f 154/154/154 156/156/156 152/152/152
f 156/156/156 157/157/157 152/152/152
f 158/158/158 159/159/159 160/160/160
f 158/158/158 161/161/161 159/159/159
f 160/160/160 159/159/159 162/162/162
f 160/160/160 162/162/162 163/163/163
f 164/164/164 165/165/165 158/158/158
f 164/164/164 166/166/166 165/165/165
f 166/166/166 164/164/164 163/163/163
f 166/166/166 163/163/163 167/167/167
f 168/168/168 169/169/169 162/162/162
f 168/168/168 162/162/162 170/170/170
f 170/170/170 171/171/171 168/168/168
f 170/170/170 161/161/161 171/171/171
f 172/172/172 171/171/171 173/173/173
f 172/172/172 173/173/173 174/174/174
f 173/173/173 175/175/175 176/176/176
f 173/173/173 177/177/177 175/175/175
f 177/177/177 178/178/178 179/179/179
f 177/177/177 180/180/180 178/178/178
f 181/181/181 178/178/178 182/182/182
f 181/181/181 183/183/183 178/178/178
f 184/184/184 181/181/181 185/185/185
f 184/184/184 185/185/185 166/166/166
f 166/166/166 186/186/186 184/184/184
f 166/166/166 187/187/187 186/186/186
f 188/188/188 186/186/186 189/189/189
f 188/188/188 190/190/190 186/186/186
f 190/190/190 188/188/188 191/191/191
f 190/190/190 191/191/191 192/192/192
f 192/192/192 191/191/191 193/193/193
f 192/192/192 193/193/193 194/194/194
f 191/191/191 195/195/195 196/196/196
f 191/191/191 197/197/197 195/195/195
f 198/198/198 197/197/197 191/191/191
f 198/198/198 199/199/199 197/197/197
f 198/198/198 200/200/200 199/199/199
f 198/198/198 201/201/201 200/200/200
f 202/202/202 203/203/203 204/204/204
f 202/202/202 205/205/205 203/203/203
f 202/202/202 204/204/204 206/206/206
f 202/202/202 206/206/206 207/207/207
f 207/207/207 206/206/206 208/208/208
f 207/207/207 208/208/208 209/209/209
f 210/210/210 211/211/211 212/212/212
f 210/210/210 213/213/213 211/211/211
f 214/214/214 215/215/215 216/216/216
f 214/214/214 217/217/217 215/215/215
f 218/218/218 219/219/219 220/220/220
f 218/218/218 221/221/221 219/219/219
f 222/222/222 223/223/223 224/224/224
f 222/222/222 225/225/225 223/223/223
f 226/226/226 227/227/227 228/228/228
f 226/226/226 229/229/229 227/227/227
f 230/230/230 227/227/227 229/229/229
f 230/230/230 231/231/231 227/227/227
f 232/232/232 231/231/231 230/230/230
f 232/232/232 233/233/233 231/231/231
f 234/234/234 233/233/233 232/232/232
f 234/234/234 235/235/235 233/233/233
f 235/235/235 234/234/234 236/236/236
f 236/236/236 237/237/237 235/235/235
f 235/235/235 237/237/237 238/238/238
f 237/237/237 239/239/239 238/238/238
f 239/239/239 240/240/240 238/238/238
f 239/239/239 241/241/241 240/240/240
f 241/241/241 242/242/242 240/240/240
f 241/241/241 243/243/243 242/242/242
f 244/244/244 242/242/242 243/243/243
f 244/244/244 245/245/245 242/242/242
f 245/245/245 244/244/244 246/246/246
f 247/247/247 245/245/245 246/246/246
f 246/246/246 248/248/248 247/247/247
f 248/248/248 249/249/249 247/247/247
f 249/249/249 250/250/250 247/247/247
f 249/249/249 251/251/251 250/250/250
f 251/251/251 252/252/252 250/250/250
f 251/251/251 253/253/253 252/252/252
f 254/254/254 252/252/252 253/253/253
f 255/255/255 256/256/256 257/257/257
f 255/255/255 258/258/258 256/256/256
f 259/259/259 260/260/260 261/261/261
f 259/259/259 262/262/262 260/260/260
f 263/263/263 264/264/264 265/265/265
f 263/263/263 266/266/266 264/264/264
f 267/267/267 268/268/268 269/269/269
f 267/267/267 270/270/270 268/268/268
f 271/271/271 272/272/272 273/273/273
f 271/271/271 273/273/273 274/274/274
f 271/271/271 274/274/274 275/275/275
f 271/271/271 276/276/276 272/272/272
f 276/276/276 277/277/277 272/272/272
f 276/276/276 278/278/278 277/277/277
f 279/279/279 280/280/280 281/281/281
f 279/279/279 282/282/282 280/280/280
f 283/283/283 284/284/284 285/285/285
f 283/283/283 286/286/286 284/284/284
f 287/287/287 288/288/288 289/289/289
f 287/287/287 290/290/290 288/288/288
f 291/291/291 292/292/292 293/293/293
f 291/291/291 293/293/293 294/294/294
f 291/291/291 294/294/294 295/295/295
f 296/296/296 291/291/291 295/295/295
f 297/297/297 296/296/296 298/298/298
f 298/298/298 299/299/299 297/297/297
f 299/299/299 300/300/300 297/297/297
f 301/301/301 297/297/297 300/300/300
f 302/302/302 297/297/297 301/301/301
f 300/300/300 303/303/303 301/301/301
f 302/302/302 301/301/301 304/304/304
f 305/305/305 302/302/302 304/304/304
f 303/303/303 306/306/306 301/301/301
f 307/307/307 306/306/306 303/303/303
f 305/305/305 304/304/304 308/308/308
f 309/309/309 305/305/305 308/308/308
f 310/310/310 304/304/304 301/301/301
f 311/311/311 309/309/309 308/308/308
f 311/311/311 312/312/312 309/309/309
f 311/311/311 313/313/313 312/312/312
f 314/314/314 308/308/308 304/304/304
f 314/314/314 311/311/311 308/308/308
f 310/310/310 314/314/314 304/304/304
f 311/311/311 315/315/315 313/313/313
f 314/314/314 315/315/315 311/311/311
f 310/310/310 316/316/316 314/314/314
f 314/314/314 316/316/316 315/315/315
f 310/310/310 301/301/301 317/317/317
f 310/310/310 317/317/317 316/316/316
f 306/306/306 317/317/317 301/301/301
f 318/318/318 313/313/313 315/315/315
f 318/318/318 319/319/319 313/313/313
f 320/320/320 315/315/315 316/316/316
f 320/320/320 318/318/318 315/315/315
f 321/321/321 316/316/316 317/317/317
f 321/321/321 320/320/320 316/316/316
f 321/321/321 317/317/317 306/306/306
f 321/321/321 306/306/306 322/322/322
f 321/321/321 322/322/322 320/320/320
f 307/307/307 322/322/322 306/306/306
f 322/322/322 307/307/307 323/323/323
f 320/320/320 322/322/322 324/324/324
f 322/322/322 323/323/323 324/324/324
f 320/320/320 324/324/324 318/318/318
f 325/325/325 324/324/324 323/323/323
f 318/318/318 324/324/324 326/326/326
f 325/325/325 326/326/326 324/324/324
f 318/318/318 326/326/326 319/319/319
f 325/325/325 327/327/327 326/326/326
f 327/327/327 319/319/319 326/326/326
f 312/312/312 328/328/328 309/309/309
f 328/328/328 329/329/329 309/309/309
f 309/309/309 329/329/329 305/305/305
f 328/328/328 330/330/330 329/329/329
f 331/331/331 330/330/330 328/328/328
f 331/331/331 328/328/328 332/332/332
f 333/333/333 331/331/331 332/332/332
f 333/333/333 332/332/332 334/334/334
f 335/335/335 334/334/334 332/332/332
f 336/336/336 332/332/332 328/328/328
f 312/312/312 336/336/336 328/328/328
f 335/335/335 332/332/332 337/337/337
f 336/336/336 337/337/337 332/332/332
f 338/338/338 335/335/335 337/337/337
f 338/338/338 337/337/337 339/339/339
f 339/339/339 337/337/337 336/336/336
f 340/340/340 338/338/338 339/339/339
f 341/341/341 336/336/336 312/312/312
f 339/339/339 336/336/336 341/341/341
f 340/340/340 339/339/339 342/342/342
f 342/342/342 339/339/339 341/341/341
f 343/343/343 340/340/340 342/342/342
f 341/341/341 312/312/312 313/313/313
f 343/343/343 342/342/342 344/344/344
f 342/342/342 341/341/341 345/345/345
f 344/344/344 342/342/342 345/345/345
f 345/345/345 341/341/341 313/313/313
f 344/344/344 346/346/346 343/343/343
f 344/344/344 345/345/345 327/327/327
f 344/344/344 347/347/347 346/346/346
f 347/347/347 344/344/344 327/327/327
f 348/348/348 349/349/349 350/350/350
f 351/351/351 348/348/348 350/350/350
f 352/352/352 351/351/351 350/350/350
f 353/353/353 354/354/354 355/355/355
f 356/356/356 355/355/355 354/354/354
f 356/356/356 354/354/354 357/357/357
f 353/353/353 358/358/358 354/354/354
f 359/359/359 358/358/358 353/353/353
f 359/359/359 353/353/353 360/360/360
f 361/361/361 362/362/362 363/363/363
f 361/361/361 364/364/364 362/362/362
f 365/365/365 366/366/366 367/367/367
f 365/365/365 368/368/368 366/366/366
f 369/369/369 370/370/370 371/371/371
f 369/369/369 372/372/372 370/370/370
f 373/373/373 374/374/374 375/375/375
f 373/373/373 376/376/376 374/374/374
f 377/377/377 378/378/378 379/379/379
f 377/377/377 380/380/380 378/378/378
f 381/381/381 382/382/382 383/383/383
f 381/381/381 384/384/384 382/382/382
f 383/383/383 385/385/385 381/381/381
f 383/383/383 386/386/386 385/385/385
f 384/384/384 387/387/387 382/382/382
f 384/384/384 388/388/388 387/387/387
f 383/383/383 382/382/382 389/389/389
f 389/389/389 382/382/382 390/390/390
f 389/389/389 390/390/390 391/391/391
f 383/383/383 389/389/389 392/392/392
f 392/392/392 393/393/393 383/383/383
f 392/392/392 394/394/394 393/393/393
f 395/395/395 396/396/396 397/397/397
f 395/395/395 398/398/398 396/396/396
f 399/399/399 400/400/400 401/401/401
f 402/402/402 399/399/399 401/401/401
f 403/403/403 399/399/399 402/402/402
f 403/403/403 404/404/404 399/399/399
f 405/405/405 403/403/403 402/402/402
f 404/404/404 406/406/406 399/399/399
f 399/399/399 406/406/406 400/400/400
f 404/404/404 407/407/407 406/406/406
f 408/408/408 406/406/406 407/407/407
f 405/405/405 402/402/402 409/409/409
f 405/405/405 409/409/409 410/410/410
f 402/402/402 410/410/410 409/409/409
f 405/405/405 410/410/410 411/411/411
f 402/402/402 412/412/412 410/410/410
f 402/402/402 401/401/401 412/412/412
f 411/411/411 410/410/410 413/413/413
f 413/413/413 410/410/410 412/412/412
f 411/411/411 413/413/413 414/414/414
f 401/401/401 415/415/415 412/412/412
f 415/415/415 413/413/413 412/412/412
f 401/401/401 400/400/400 415/415/415
f 414/414/414 413/413/413 416/416/416
f 415/415/415 416/416/416 413/413/413
f 414/414/414 416/416/416 417/417/417
f 418/418/418 417/417/417 416/416/416
f 419/419/419 416/416/416 415/415/415
f 400/400/400 419/419/419 415/415/415
f 418/418/418 416/416/416 420/420/420
f 419/419/419 420/420/420 416/416/416
f 418/418/418 420/420/420 421/421/421
f 418/418/418 421/421/421 422/422/422
f 423/423/423 421/421/421 420/420/420
f 423/423/423 420/420/420 419/419/419
f 424/424/424 423/423/423 419/419/419
f 425/425/425 424/424/424 419/419/419
f 400/400/400 426/426/426 419/419/419
f 426/426/426 425/425/425 419/419/419
f 406/406/406 426/426/426 400/400/400
f 426/426/426 427/427/427 425/425/425
f 406/406/406 428/428/428 426/426/426
f 427/427/427 426/426/426 428/428/428
f 408/408/408 428/428/428 406/406/406
f 427/427/427 428/428/428 429/429/429
f 408/408/408 429/429/429 428/428/428
f 408/408/408 430/430/430 429/429/429
f 431/431/431 432/432/432 433/433/433
f 434/434/434 435/435/435 431/431/431
f 436/436/436 431/431/431 435/435/435
f 434/434/434 431/431/431 437/437/437
f 438/438/438 434/434/434 437/437/437
f 437/437/437 431/431/431 433/433/433
f 438/438/438 437/437/437 439/439/439
f 436/436/436 440/440/440 431/431/431
f 431/431/431 440/440/440 432/432/432
f 436/436/436 441/441/441 440/440/440
f 436/436/436 442/442/442 441/441/441
f 443/443/443 440/440/440 441/441/441
f 443/443/443 432/432/432 440/440/440
f 432/432/432 443/443/443 444/444/444
f 445/445/445 438/438/438 439/439/439
f 446/446/446 432/432/432 444/444/444
f 433/433/433 432/432/432 446/446/446
f 444/444/444 447/447/447 446/446/446
f 447/447/447 448/448/448 446/446/446
f 448/448/448 449/449/449 446/446/446
f 448/448/448 450/450/450 449/449/449
f 451/451/451 449/449/449 450/450/450
f 451/451/451 450/450/450 452/452/452
f 451/451/451 453/453/453 449/449/449
f 446/446/446 449/449/449 453/453/453
f 451/451/451 454/454/454 453/453/453
f 455/455/455 453/453/453 454/454/454
f 446/446/446 453/453/453 456/456/456
f 433/433/433 446/446/446 456/456/456
f 455/455/455 457/457/457 453/453/453
f 456/456/456 453/453/453 457/457/457
f 458/458/458 457/457/457 455/455/455
f 459/459/459 433/433/433 456/456/456
f 437/437/437 433/433/433 459/459/459
f 439/439/439 437/437/437 459/459/459
f 459/459/459 456/456/456 460/460/460
f 439/439/439 459/459/459 460/460/460
f 456/456/456 457/457/457 460/460/460
f 458/458/458 461/461/461 457/457/457
f 461/461/461 460/460/460 457/457/457
f 439/439/439 460/460/460 461/461/461
f 445/445/445 461/461/461 458/458/458
f 439/439/439 461/461/461 462/462/462
f 445/445/445 462/462/462 461/461/461
f 445/445/445 439/439/439 462/462/462
f 463/463/463 464/464/464 465/465/465
f 463/463/463 466/466/466 464/464/464
f 467/467/467 468/468/468 469/469/469
f 467/467/467 470/470/470 468/468/468
f 471/471/471 472/472/472 473/473/473
f 471/471/471 474/474/474 472/472/472
f 475/475/475 476/476/476 477/477/477
f 478/478/478 475/475/475 477/477/477
f 475/475/475 478/478/478 479/479/479
f 478/478/478 477/477/477 480/480/480
f 478/478/478 480/480/480 481/481/481
f 479/479/479 478/478/478 482/482/482
f 478/478/478 481/481/481 482/482/482
f 479/479/479 482/482/482 483/483/483
f 479/479/479 483/483/483 484/484/484
f 485/485/485 482/482/482 481/481/481
f 483/483/483 482/482/482 485/485/485
f 484/484/484 483/483/483 485/485/485
f 485/485/485 481/481/481 486/486/486
f 485/485/485 486/486/486 487/487/487
f 485/485/485 487/487/487 488/488/488
f 484/484/484 485/485/485 488/488/488
f 488/488/488 487/487/487 489/489/489
f 484/484/484 488/488/488 490/490/490
f 488/488/488 489/489/489 490/490/490
f 484/484/484 490/490/490 491/491/491
f 490/490/490 489/489/489 492/492/492
f 491/491/491 490/490/490 493/493/493
f 490/490/490 492/492/492 493/493/493
f 493/493/493 492/492/492 494/494/494
f 493/493/493 494/494/494 495/495/495
f 495/495/495 494/494/494 496/496/496
f 495/495/495 497/497/497 493/493/493
f 495/495/495 496/496/496 498/498/498
f 495/495/495 499/499/499 497/497/497
f 499/499/499 495/495/495 498/498/498
f 499/499/499 500/500/500 497/497/497
f 499/499/499 501/501/501 500/500/500
f 498/498/498 496/496/496 502/502/502
f 503/503/503 501/501/501 499/499/499
f 499/499/499 498/498/498 503/503/503
f 503/503/503 504/504/504 501/501/501
f 503/503/503 505/505/505 504/504/504
f 503/503/503 506/506/506 505/505/505
f 506/506/506 503/503/503 498/498/498
f 506/506/506 507/507/507 505/505/505
f 498/498/498 502/502/502 508/508/508
f 498/498/498 508/508/508 506/506/506
f 506/506/506 509/509/509 507/507/507
f 509/509/509 506/506/506 508/508/508
f 509/509/509 510/510/510 507/507/507
f 509/509/509 511/511/511 510/510/510
f 512/512/512 510/510/510 511/511/511
f 512/512/512 513/513/513 510/510/510
f 514/514/514 511/511/511 509/509/509
f 509/509/509 508/508/508 514/514/514
f 515/515/515 512/512/512 511/511/511
f 514/514/514 515/515/515 511/511/511
f 515/515/515 516/516/516 512/512/512
f 516/516/516 517/517/517 512/512/512
f 516/516/516 515/515/515 518/518/518
f 516/516/516 518/518/518 519/519/519
f 515/515/515 520/520/520 518/518/518
f 515/515/515 514/514/514 520/520/520
f 521/521/521 520/520/520 514/514/514
f 508/508/508 521/521/521 514/514/514
f 521/521/521 522/522/522 520/520/520
f 523/523/523 522/522/522 521/521/521
f 508/508/508 523/523/523 521/521/521
f 523/523/523 524/524/524 522/522/522
f 508/508/508 525/525/525 523/523/523
f 525/525/525 508/508/508 502/502/502
f 525/525/525 502/502/502 526/526/526
f 527/527/527 525/525/525 526/526/526
f 523/523/523 525/525/525 527/527/527
f 527/527/527 526/526/526 528/528/528
f 529/529/529 524/524/524 523/523/523
f 523/523/523 527/527/527 529/529/529
f 529/529/529 530/530/530 524/524/524
f 529/529/529 527/527/527 531/531/531
f 529/529/529 531/531/531 532/532/532
f 533/533/533 534/534/534 535/535/535
f 533/533/533 536/536/536 534/534/534
f 537/537/537 538/538/538 539/539/539
f 537/537/537 540/540/540 538/538/538
f 541/541/541 542/542/542 543/543/543
f 541/541/541 544/544/544 542/542/542
f 545/545/545 546/546/546 547/547/547
f 545/545/545 548/548/548 546/546/546
f 549/549/549 550/550/550 551/551/551
f 549/549/549 552/552/552 550/550/550
f 553/553/553 554/554/554 555/555/555
f 553/553/553 556/556/556 554/554/554
f 557/557/557 558/558/558 559/559/559
f 557/557/557 560/560/560 558/558/558
f 561/561/561 562/562/562 563/563/563
f 561/561/561 564/564/564 562/562/562
f 565/565/565 566/566/566 567/567/567
f 565/565/565 568/568/568 566/566/566
f 569/569/569 570/570/570 571/571/571
f 569/569/569 572/572/572 570/570/570
f 573/573/573 574/574/574 575/575/575
f 573/573/573 576/576/576 574/574/574
f 577/577/577 573/573/573 575/575/575
f 577/577/577 575/575/575 578/578/578
f 579/579/579 576/576/576 573/573/573
f 579/579/579 580/580/580 576/576/576
f 581/581/581 579/579/579 573/573/573
f 581/581/581 582/582/582 579/579/579
f 583/583/583 584/584/584 585/585/585
f 583/583/583 586/586/586 584/584/584
f 587/587/587 493/493/493 588/588/588
f 491/491/491 493/493/493 587/587/587
f 589/589/589 587/587/587 588/588/588
f 491/491/491 587/587/587 589/589/589
f 588/588/588 493/493/493 590/590/590
f 588/588/588 590/590/590 591/591/591
f 588/588/588 591/591/591 592/592/592
f 497/497/497 591/591/591 590/590/590
f 497/497/497 590/590/590 493/493/493
f 497/497/497 500/500/500 591/591/591
f 593/593/593 588/588/588 592/592/592
f 593/593/593 592/592/592 594/594/594
f 593/593/593 595/595/595 588/588/588
f 595/595/595 589/589/589 588/588/588
f 593/593/593 596/596/596 595/595/595
f 593/593/593 597/597/597 596/596/596
f 595/595/595 596/596/596 598/598/598
f 599/599/599 589/589/589 595/595/595
f 595/595/595 598/598/598 599/599/599
f 599/599/599 600/600/600 589/589/589
f 491/491/491 589/589/589 600/600/600
f 601/601/601 599/599/599 598/598/598
f 601/601/601 600/600/600 599/599/599
f 601/601/601 598/598/598 602/602/602
f 603/603/603 491/491/491 600/600/600
f 601/601/601 603/603/603 600/600/600
f 604/604/604 601/601/601 602/602/602
f 604/604/604 603/603/603 601/601/601
f 604/604/604 602/602/602 476/476/476
f 603/603/603 484/484/484 491/491/491
f 604/604/604 479/479/479 603/603/603
f 479/479/479 484/484/484 603/603/603
f 475/475/475 604/604/604 476/476/476
f 475/475/475 479/479/479 604/604/604
f 605/605/605 606/606/606 607/607/607
f 608/608/608 607/607/607 606/606/606
f 607/607/607 609/609/609 605/605/605
f 605/605/605 610/610/610 606/606/606
f 608/608/608 611/611/611 607/607/607
f 612/612/612 610/610/610 605/605/605
f 613/613/613 606/606/606 610/610/610
f 612/612/612 614/614/614 610/610/610
f 615/615/615 610/610/610 614/614/614
f 615/615/615 613/613/613 610/610/610
f 612/612/612 616/616/616 614/614/614
f 615/615/615 614/614/614 616/616/616
f 605/605/605 617/617/617 612/612/612
f 605/605/605 609/609/609 617/617/617
f 613/613/613 618/618/618 606/606/606
f 608/608/608 606/606/606 618/618/618
f 613/613/613 619/619/619 618/618/618
f 612/612/612 617/617/617 620/620/620
f 613/613/613 621/621/621 619/619/619
f 615/615/615 621/621/621 613/613/613
f 622/622/622 618/618/618 619/619/619
f 615/615/615 623/623/623 621/621/621
f 622/622/622 624/624/624 618/618/618
f 608/608/608 618/618/618 624/624/624
f 625/625/625 622/622/622 619/619/619
f 621/621/621 626/626/626 619/619/619
f 625/625/625 619/619/619 626/626/626
f 621/621/621 627/627/627 626/626/626
f 623/623/623 627/627/627 621/621/621
f 625/625/625 626/626/626 628/628/628
f 627/627/627 628/628/628 626/626/626
f 622/622/622 625/625/625 629/629/629
f 623/623/623 630/630/630 627/627/627
f 624/624/624 622/622/622 631/631/631
f 622/622/622 629/629/629 631/631/631
f 624/624/624 631/631/631 632/632/632
f 608/608/608 624/624/624 632/632/632
f 631/631/631 633/633/633 632/632/632
f 631/631/631 634/634/634 633/633/633
f 629/629/629 634/634/634 631/631/631
f 635/635/635 632/632/632 633/633/633
f 608/608/608 632/632/632 635/635/635
f 635/635/635 633/633/633 636/636/636
f 629/629/629 637/637/637 634/634/634
f 608/608/608 635/635/635 638/638/638
f 638/638/638 635/635/635 636/636/636
f 638/638/638 636/636/636 639/639/639
f 608/608/608 638/638/638 611/611/611
f 640/640/640 638/638/638 639/639/639
f 640/640/640 611/611/611 638/638/638
f 640/640/640 639/639/639 641/641/641
f 642/642/642 637/637/637 629/629/629
f 642/642/642 643/643/643 637/637/637
f 644/644/644 642/642/642 629/629/629
f 644/644/644 629/629/629 625/625/625
f 645/645/645 643/643/643 642/642/642
f 645/645/645 646/646/646 643/643/643
f 645/645/645 647/647/647 646/646/646
f 625/625/625 628/628/628 644/644/644
f 648/648/648 645/645/645 642/642/642
f 648/648/648 642/642/642 644/644/644
f 645/645/645 649/649/649 647/647/647
f 648/648/648 649/649/649 645/645/645
f 650/650/650 647/647/647 649/649/649
f 650/650/650 651/651/651 647/647/647
f 650/650/650 652/652/652 651/651/651
f 644/644/644 628/628/628 653/653/653
f 644/644/644 653/653/653 648/648/648
f 650/650/650 654/654/654 652/652/652
f 654/654/654 655/655/655 652/652/652
f 656/656/656 650/650/650 649/649/649
f 656/656/656 654/654/654 650/650/650
f 648/648/648 657/657/657 649/649/649
f 656/656/656 649/649/649 657/657/657
f 657/657/657 648/648/648 653/653/653
f 657/657/657 658/658/658 656/656/656
f 654/654/654 659/659/659 655/655/655
f 657/657/657 653/653/653 660/660/660
f 657/657/657 660/660/660 658/658/658
f 656/656/656 661/661/661 654/654/654
f 661/661/661 659/659/659 654/654/654
f 661/661/661 656/656/656 658/658/658
f 659/659/659 662/662/662 655/655/655
f 663/663/663 660/660/660 653/653/653
f 663/663/663 653/653/653 628/628/628
f 664/664/664 658/658/658 660/660/660
f 663/663/663 664/664/664 660/660/660
f 659/659/659 665/665/665 662/662/662
f 665/665/665 666/666/666 662/662/662
f 663/663/663 628/628/628 667/667/667
f 627/627/627 667/667/667 628/628/628
f 665/665/665 668/668/668 666/666/666
f 669/669/669 667/667/667 627/627/627
f 668/668/668 670/670/670 666/666/666
f 669/669/669 627/627/627 630/630/630
f 671/671/671 663/663/663 667/667/667
f 671/671/671 667/667/667 669/669/669
f 672/672/672 663/663/663 671/671/671
f 672/672/672 664/664/664 663/663/663
f 671/671/671 669/669/669 673/673/673
f 669/669/669 630/630/630 673/673/673
f 672/672/672 671/671/671 674/674/674
f 673/673/673 674/674/674 671/671/671
f 630/630/630 675/675/675 673/673/673
f 630/630/630 676/676/676 675/675/675
f 630/630/630 623/623/623 676/676/676
f 673/673/673 675/675/675 677/677/677
f 676/676/676 677/677/677 675/675/675
f 615/615/615 676/676/676 623/623/623
f 673/673/673 677/677/677 678/678/678
f 674/674/674 673/673/673 678/678/678
f 615/615/615 679/679/679 676/676/676
f 615/615/615 616/616/616 679/679/679
f 676/676/676 680/680/680 677/677/677
f 679/679/679 680/680/680 676/676/676
f 677/677/677 681/681/681 678/678/678
f 674/674/674 678/678/678 682/682/682
f 682/682/682 678/678/678 681/681/681
f 683/683/683 674/674/674 682/682/682
f 674/674/674 683/683/683 672/672/672
f 684/684/684 685/685/685 686/686/686
f 684/684/684 687/687/687 685/685/685
f 688/688/688 689/689/689 690/690/690
f 688/688/688 691/691/691 689/689/689
f 692/692/692 693/693/693 694/694/694
f 695/695/695 694/694/694 696/696/696
f 695/695/695 692/692/692 694/694/694
f 697/697/697 695/695/695 696/696/696
f 697/697/697 696/696/696 698/698/698
f 692/692/692 695/695/695 699/699/699
f 697/697/697 699/699/699 695/695/695
f 692/692/692 700/700/700 693/693/693
f 701/701/701 693/693/693 700/700/700
f 700/700/700 692/692/692 702/702/702
f 692/692/692 699/699/699 702/702/702
f 700/700/700 703/703/703 701/701/701
f 702/702/702 699/699/699 704/704/704
f 699/699/699 705/705/705 704/704/704
f 702/702/702 704/704/704 706/706/706
f 699/699/699 707/707/707 705/705/705
f 697/697/697 707/707/707 699/699/699
f 707/707/707 708/708/708 705/705/705
f 709/709/709 702/702/702 706/706/706
f 700/700/700 702/702/702 709/709/709
f 700/700/700 709/709/709 703/703/703
f 709/709/709 706/706/706 710/710/710
f 709/709/709 710/710/710 711/711/711
f 709/709/709 711/711/711 703/703/703
f 712/712/712 703/703/703 711/711/711
f 701/701/701 703/703/703 712/712/712
f 712/712/712 711/711/711 713/713/713
f 712/712/712 713/713/713 714/714/714
f 701/701/701 712/712/712 715/715/715
f 701/701/701 715/715/715 716/716/716
f 712/712/712 714/714/714 717/717/717
f 717/717/717 714/714/714 718/718/718
f 719/719/719 715/715/715 712/712/712
f 719/719/719 712/712/712 717/717/717
f 719/719/719 716/716/716 715/715/715
f 717/717/717 718/718/718 720/720/720
f 720/720/720 718/718/718 721/721/721
f 722/722/722 719/719/719 717/717/717
f 722/722/722 717/717/717 720/720/720
f 719/719/719 723/723/723 716/716/716
f 722/722/722 723/723/723 719/719/719
f 724/724/724 716/716/716 723/723/723
f 724/724/724 723/723/723 725/725/725
f 725/725/725 723/723/723 726/726/726
f 722/722/722 726/726/726 723/723/723
f 725/725/725 726/726/726 727/727/727
f 722/722/722 720/720/720 728/728/728
f 720/720/720 721/721/721 728/728/728
f 729/729/729 728/728/728 721/721/721
f 729/729/729 721/721/721 730/730/730
f 722/722/722 728/728/728 731/731/731
f 731/731/731 728/728/728 729/729/729
f 722/722/722 732/732/732 726/726/726
f 722/722/722 731/731/731 732/732/732
f 733/733/733 727/727/727 726/726/726
f 733/733/733 726/726/726 732/732/732
f 734/734/734 727/727/727 733/733/733
f 735/735/735 729/729/729 730/730/730
f 731/731/731 729/729/729 736/736/736
f 736/736/736 732/732/732 731/731/731
f 736/736/736 729/729/729 735/735/735
f 735/735/735 730/730/730 737/737/737
f 736/736/736 738/738/738 732/732/732
f 733/733/733 732/732/732 738/738/738
f 736/736/736 735/735/735 739/739/739
f 739/739/739 738/738/738 736/736/736
f 740/740/740 735/735/735 737/737/737
f 740/740/740 737/737/737 741/741/741
f 742/742/742 739/739/739 735/735/735
f 742/742/742 735/735/735 740/740/740
f 733/733/733 738/738/738 743/743/743
f 734/734/734 733/733/733 743/743/743
f 739/739/739 744/744/744 738/738/738
f 743/743/743 738/738/738 744/744/744
f 739/739/739 742/742/742 745/745/745
f 739/739/739 745/745/745 744/744/744
f 743/743/743 744/744/744 746/746/746
f 746/746/746 744/744/744 745/745/745
f 734/734/734 743/743/743 747/747/747
f 747/747/747 743/743/743 746/746/746
f 748/748/748 734/734/734 747/747/747
f 747/747/747 746/746/746 749/749/749
f 748/748/748 747/747/747 750/750/750
f 751/751/751 749/749/749 746/746/746
f 752/752/752 747/747/747 749/749/749
f 752/752/752 750/750/750 747/747/747
f 752/752/752 749/749/749 751/751/751
f 750/750/750 752/752/752 753/753/753
f 748/748/748 750/750/750 754/754/754
f 750/750/750 753/753/753 754/754/754
f 748/748/748 754/754/754 755/755/755
f 748/748/748 755/755/755 756/756/756
f 755/755/755 757/757/757 756/756/756
f 758/758/758 756/756/756 757/757/757
f 758/758/758 757/757/757 698/698/698
f 759/759/759 698/698/698 757/757/757
f 759/759/759 697/697/697 698/698/698
f 759/759/759 707/707/707 697/697/697
f 755/755/755 760/760/760 757/757/757
f 759/759/759 757/757/757 760/760/760
f 755/755/755 761/761/761 760/760/760
f 755/755/755 754/754/754 761/761/761
f 759/759/759 760/760/760 762/762/762
f 759/759/759 763/763/763 707/707/707
f 707/707/707 763/763/763 708/708/708
f 763/763/763 764/764/764 708/708/708
f 759/759/759 765/765/765 763/763/763
f 763/763/763 765/765/765 764/764/764
f 759/759/759 762/762/762 765/765/765
f 766/766/766 764/764/764 765/765/765
f 762/762/762 766/766/766 765/765/765
f 766/766/766 767/767/767 764/764/764
f 768/768/768 762/762/762 760/760/760
f 762/762/762 768/768/768 766/766/766
f 768/768/768 760/760/760 761/761/761
f 769/769/769 767/767/767 766/766/766
f 768/768/768 769/769/769 766/766/766
f 769/769/769 770/770/770 767/767/767
f 771/771/771 768/768/768 761/761/761
f 768/768/768 771/771/771 769/769/769
f 771/771/771 761/761/761 772/772/772
f 754/754/754 772/772/772 761/761/761
f 754/754/754 753/753/753 772/772/772
f 771/771/771 772/772/772 773/773/773
f 753/753/753 773/773/773 772/772/772
f 774/774/774 769/769/769 771/771/771
f 771/771/771 773/773/773 774/774/774
f 775/775/775 770/770/770 769/769/769
f 774/774/774 775/775/775 769/769/769
f 775/775/775 776/776/776 770/770/770
f 777/777/777 776/776/776 775/775/775
f 777/777/777 778/778/778 776/776/776
f 777/777/777 779/779/779 778/778/778
f 780/780/780 777/777/777 775/775/775
f 780/780/780 775/775/775 774/774/774
f 777/777/777 781/781/781 779/779/779
f 780/780/780 781/781/781 777/777/777
f 782/782/782 779/779/779 781/781/781
f 782/782/782 783/783/783 779/779/779
f 782/782/782 784/784/784 783/783/783
f 774/774/774 785/785/785 780/780/780
f 774/774/774 773/773/773 785/785/785
f 780/780/780 786/786/786 781/781/781
f 786/786/786 780/780/780 785/785/785
f 787/787/787 782/782/782 781/781/781
f 787/787/787 781/781/781 786/786/786
f 782/782/782 788/788/788 784/784/784
f 787/787/787 788/788/788 782/782/782
f 788/788/788 789/789/789 784/784/784
f 786/786/786 790/790/790 787/787/787
f 788/788/788 791/791/791 789/789/789
f 791/791/791 741/741/741 789/789/789
f 791/791/791 740/740/740 741/741/741
f 787/787/787 792/792/792 788/788/788
f 792/792/792 791/791/791 788/788/788
f 792/792/792 787/787/787 790/790/790
f 793/793/793 740/740/740 791/791/791
f 792/792/792 793/793/793 791/791/791
f 793/793/793 742/742/742 740/740/740
f 793/793/793 792/792/792 794/794/794
f 792/792/792 790/790/790 794/794/794
f 742/742/742 793/793/793 795/795/795
f 793/793/793 794/794/794 795/795/795
f 742/742/742 795/795/795 745/745/745
f 786/786/786 796/796/796 790/790/790
f 786/786/786 785/785/785 796/796/796
f 797/797/797 796/796/796 785/785/785
f 797/797/797 785/785/785 773/773/773
f 798/798/798 790/790/790 796/796/796
f 797/797/797 798/798/798 796/796/796
f 798/798/798 799/799/799 790/790/790
f 799/799/799 794/794/794 790/790/790
f 797/797/797 773/773/773 800/800/800
f 753/753/753 800/800/800 773/773/773
f 799/799/799 801/801/801 794/794/794
f 801/801/801 795/795/795 794/794/794
f 802/802/802 799/799/799 798/798/798
f 802/802/802 801/801/801 799/799/799
f 803/803/803 800/800/800 753/753/753
f 803/803/803 753/753/753 752/752/752
f 803/803/803 752/752/752 751/751/751
f 804/804/804 800/800/800 803/803/803
f 804/804/804 803/803/803 751/751/751
f 804/804/804 797/797/797 800/800/800
f 805/805/805 798/798/798 797/797/797
f 805/805/805 797/797/797 804/804/804
f 802/802/802 798/798/798 805/805/805
f 751/751/751 806/806/806 804/804/804
f 805/805/805 804/804/804 806/806/806
f 807/807/807 802/802/802 805/805/805
f 806/806/806 807/807/807 805/805/805
f 802/802/802 807/807/807 801/801/801
f 806/806/806 751/751/751 808/808/808
f 751/751/751 746/746/746 808/808/808
f 746/746/746 745/745/745 808/808/808
f 806/806/806 808/808/808 809/809/809
f 807/807/807 806/806/806 809/809/809
f 809/809/809 808/808/808 745/745/745
f 807/807/807 809/809/809 801/801/801
f 809/809/809 745/745/745 795/795/795
f 801/801/801 809/809/809 795/795/795
f 810/810/810 811/811/811 812/812/812
f 810/810/810 813/813/813 811/811/811
f 814/814/814 815/815/815 816/816/816
f 814/814/814 817/817/817 815/815/815
f 818/818/818 816/816/816 819/819/819
f 818/818/818 819/819/819 820/820/820
f 814/814/814 816/816/816 821/821/821
f 818/818/818 821/821/821 816/816/816
f 814/814/814 822/822/822 817/817/817
f 818/818/818 820/820/820 823/823/823
f 824/824/824 823/823/823 820/820/820
f 824/824/824 820/820/820 825/825/825
f 826/826/826 818/818/818 823/823/823
f 826/826/826 823/823/823 824/824/824
f 827/827/827 821/821/821 818/818/818
f 826/826/826 827/827/827 818/818/818
f 828/828/828 814/814/814 821/821/821
f 829/829/829 824/824/824 825/825/825
f 830/830/830 814/814/814 828/828/828
f 830/830/830 822/822/822 814/814/814
f 828/828/828 821/821/821 831/831/831
f 827/827/827 831/831/831 821/821/821
f 831/831/831 832/832/832 828/828/828
f 830/830/830 828/828/828 832/832/832
f 831/831/831 833/833/833 832/832/832
f 831/831/831 834/834/834 833/833/833
f 831/831/831 827/827/827 834/834/834
f 826/826/826 834/834/834 827/827/827
f 826/826/826 835/835/835 834/834/834
f 830/830/830 832/832/832 836/836/836
f 826/826/826 837/837/837 835/835/835
f 830/830/830 836/836/836 838/838/838
f 826/826/826 839/839/839 837/837/837
f 826/826/826 824/824/824 839/839/839
f 839/839/839 840/840/840 837/837/837
f 829/829/829 839/839/839 824/824/824
f 839/839/839 841/841/841 840/840/840
f 829/829/829 841/841/841 839/839/839
f 841/841/841 842/842/842 840/840/840
f 830/830/830 838/838/838 843/843/843
f 843/843/843 838/838/838 844/844/844
f 830/830/830 843/843/843 845/845/845
f 830/830/830 845/845/845 822/822/822
f 845/845/845 817/817/817 822/822/822
f 843/843/843 844/844/844 846/846/846
f 846/846/846 844/844/844 847/847/847
f 848/848/848 845/845/845 843/843/843
f 848/848/848 843/843/843 846/846/846
f 845/845/845 849/849/849 817/817/817
f 848/848/848 849/849/849 845/845/845
f 850/850/850 817/817/817 849/849/849
f 850/850/850 849/849/849 851/851/851
f 851/851/851 849/849/849 852/852/852
f 848/848/848 852/852/852 849/849/849
f 851/851/851 852/852/852 853/853/853
f 848/848/848 846/846/846 854/854/854
f 846/846/846 847/847/847 854/854/854
f 855/855/855 854/854/854 847/847/847
f 855/855/855 847/847/847 856/856/856
f 848/848/848 854/854/854 857/857/857
f 857/857/857 854/854/854 855/855/855
f 848/848/848 858/858/858 852/852/852
f 848/848/848 857/857/857 858/858/858
f 859/859/859 853/853/853 852/852/852
f 859/859/859 852/852/852 858/858/858
f 860/860/860 853/853/853 859/859/859
f 861/861/861 855/855/855 856/856/856
f 857/857/857 855/855/855 862/862/862
f 862/862/862 858/858/858 857/857/857
f 862/862/862 855/855/855 861/861/861
f 861/861/861 856/856/856 863/863/863
f 862/862/862 864/864/864 858/858/858
f 859/859/859 858/858/858 864/864/864
f 862/862/862 861/861/861 865/865/865
f 865/865/865 864/864/864 862/862/862
f 866/866/866 861/861/861 863/863/863
f 866/866/866 863/863/863 867/867/867
f 868/868/868 865/865/865 861/861/861
f 868/868/868 861/861/861 866/866/866
f 859/859/859 864/864/864 869/869/869
f 860/860/860 859/859/859 869/869/869
f 865/865/865 870/870/870 864/864/864
f 869/869/869 864/864/864 870/870/870
f 865/865/865 868/868/868 871/871/871
f 865/865/865 871/871/871 870/870/870
f 869/869/869 870/870/870 872/872/872
f 872/872/872 870/870/870 871/871/871
f 860/860/860 869/869/869 873/873/873
f 873/873/873 869/869/869 872/872/872
f 874/874/874 860/860/860 873/873/873
f 873/873/873 872/872/872 875/875/875
f 874/874/874 873/873/873 876/876/876
f 877/877/877 875/875/875 872/872/872
f 878/878/878 873/873/873 875/875/875
f 878/878/878 876/876/876 873/873/873
f 878/878/878 875/875/875 877/877/877
f 876/876/876 878/878/878 879/879/879
f 874/874/874 876/876/876 880/880/880
f 876/876/876 879/879/879 880/880/880
f 874/874/874 880/880/880 881/881/881
f 874/874/874 881/881/881 882/882/882
f 881/881/881 880/880/880 883/883/883
f 881/881/881 884/884/884 882/882/882
f 885/885/885 882/882/882 884/884/884
f 885/885/885 884/884/884 825/825/825
f 829/829/829 825/825/825 884/884/884
f 881/881/881 886/886/886 884/884/884
f 829/829/829 884/884/884 886/886/886
f 881/881/881 883/883/883 886/886/886
f 829/829/829 886/886/886 887/887/887
f 887/887/887 886/886/886 883/883/883
f 887/887/887 841/841/841 829/829/829
f 880/880/880 888/888/888 883/883/883
f 880/880/880 879/879/879 888/888/888
f 887/887/887 883/883/883 889/889/889
f 887/887/887 890/890/890 841/841/841
f 889/889/889 890/890/890 887/887/887
f 841/841/841 890/890/890 842/842/842
f 891/891/891 889/889/889 883/883/883
f 891/891/891 883/883/883 888/888/888
f 889/889/889 892/892/892 890/890/890
f 892/892/892 842/842/842 890/890/890
f 891/891/891 892/892/892 889/889/889
f 892/892/892 893/893/893 842/842/842
f 891/891/891 888/888/888 894/894/894
f 879/879/879 894/894/894 888/888/888
f 891/891/891 895/895/895 892/892/892
f 895/895/895 893/893/893 892/892/892
f 895/895/895 896/896/896 893/893/893
f 897/897/897 895/895/895 891/891/891
f 891/891/891 894/894/894 897/897/897
f 898/898/898 896/896/896 895/895/895
f 897/897/897 898/898/898 895/895/895
f 898/898/898 899/899/899 896/896/896
f 900/900/900 899/899/899 898/898/898
f 900/900/900 901/901/901 899/899/899
f 900/900/900 902/902/902 901/901/901
f 903/903/903 900/900/900 898/898/898
f 903/903/903 898/898/898 897/897/897
f 900/900/900 904/904/904 902/902/902
f 903/903/903 904/904/904 900/900/900
f 905/905/905 902/902/902 904/904/904
f 905/905/905 906/906/906 902/902/902
f 905/905/905 907/907/907 906/906/906
f 897/897/897 908/908/908 903/903/903
f 897/897/897 894/894/894 908/908/908
f 903/903/903 909/909/909 904/904/904
f 909/909/909 903/903/903 908/908/908
f 910/910/910 905/905/905 904/904/904
f 910/910/910 904/904/904 909/909/909
f 905/905/905 911/911/911 907/907/907
f 910/910/910 911/911/911 905/905/905
f 911/911/911 912/912/912 907/907/907
f 909/909/909 913/913/913 910/910/910
f 911/911/911 914/914/914 912/912/912
f 914/914/914 867/867/867 912/912/912
f 914/914/914 866/866/866 867/867/867
f 910/910/910 915/915/915 911/911/911
f 915/915/915 914/914/914 911/911/911
f 915/915/915 910/910/910 913/913/913
f 916/916/916 866/866/866 914/914/914
f 915/915/915 916/916/916 914/914/914
f 916/916/916 868/868/868 866/866/866
f 916/916/916 915/915/915 917/917/917
f 915/915/915 913/913/913 917/917/917
f 868/868/868 916/916/916 918/918/918
f 916/916/916 917/917/917 918/918/918
f 868/868/868 918/918/918 871/871/871
f 909/909/909 919/919/919 913/913/913
f 909/909/909 908/908/908 919/919/919
f 920/920/920 919/919/919 908/908/908
f 920/920/920 908/908/908 894/894/894
f 921/921/921 913/913/913 919/919/919
f 920/920/920 921/921/921 919/919/919
f 921/921/921 922/922/922 913/913/913
f 922/922/922 917/917/917 913/913/913
f 920/920/920 894/894/894 923/923/923
f 879/879/879 923/923/923 894/894/894
f 922/922/922 924/924/924 917/917/917
f 924/924/924 918/918/918 917/917/917
f 925/925/925 922/922/922 921/921/921
f 925/925/925 924/924/924 922/922/922
f 926/926/926 923/923/923 879/879/879
f 926/926/926 879/879/879 878/878/878
f 926/926/926 878/878/878 877/877/877
f 927/927/927 923/923/923 926/926/926
f 927/927/927 926/926/926 877/877/877
f 927/927/927 920/920/920 923/923/923
f 928/928/928 921/921/921 920/920/920
f 928/928/928 920/920/920 927/927/927
f 925/925/925 921/921/921 928/928/928
f 877/877/877 929/929/929 927/927/927
f 928/928/928 927/927/927 929/929/929
f 930/930/930 925/925/925 928/928/928
f 929/929/929 930/930/930 928/928/928
f 925/925/925 930/930/930 924/924/924
f 929/929/929 877/877/877 931/931/931
f 877/877/877 872/872/872 931/931/931
f 872/872/872 871/871/871 931/931/931
f 929/929/929 931/931/931 932/932/932
f 930/930/930 929/929/929 932/932/932
f 932/932/932 931/931/931 871/871/871
f 930/930/930 932/932/932 924/924/924
f 932/932/932 871/871/871 918/918/918
f 924/924/924 932/932/932 918/918/918
f 933/933/933 934/934/934 935/935/935
f 934/934/934 936/936/936 935/935/935
f 937/937/937 938/938/938 933/933/933
f 935/935/935 937/937/937 933/933/933
f 935/935/935 936/936/936 939/939/939
f 940/940/940 937/937/937 935/935/935
f 940/940/940 935/935/935 941/941/941
f 942/942/942 940/940/940 941/941/941
f 943/943/943 935/935/935 939/939/939
f 939/939/939 944/944/944 945/945/945
f 945/945/945 943/943/943 939/939/939
f 943/943/943 945/945/945 946/946/946
f 942/942/942 941/941/941 947/947/947
f 948/948/948 941/941/941 935/935/935
f 948/948/948 935/935/935 943/943/943
f 947/947/947 941/941/941 948/948/948
f 949/949/949 942/942/942 947/947/947
f 943/943/943 946/946/946 950/950/950
f 950/950/950 946/946/946 951/951/951
f 952/952/952 948/948/948 943/943/943
f 952/952/952 943/943/943 950/950/950
f 947/947/947 948/948/948 953/953/953
f 953/953/953 948/948/948 952/952/952
f 949/949/949 947/947/947 954/954/954
f 954/954/954 947/947/947 953/953/953
f 955/955/955 949/949/949 954/954/954
f 953/953/953 952/952/952 956/956/956
f 955/955/955 954/954/954 957/957/957
f 954/954/954 953/953/953 958/958/958
f 957/957/957 954/954/954 958/958/958
f 958/958/958 953/953/953 956/956/956
f 957/957/957 959/959/959 955/955/955
f 957/957/957 960/960/960 959/959/959
f 960/960/960 961/961/961 959/959/959
f 960/960/960 962/962/962 961/961/961
f 963/963/963 960/960/960 957/957/957
f 957/957/957 958/958/958 963/963/963
f 964/964/964 962/962/962 960/960/960
f 963/963/963 964/964/964 960/960/960
f 964/964/964 965/965/965 962/962/962
f 963/963/963 958/958/958 966/966/966
f 958/958/958 956/956/956 966/966/966
f 964/964/964 963/963/963 967/967/967
f 963/963/963 966/966/966 967/967/967
f 965/965/965 964/964/964 968/968/968
f 964/964/964 967/967/967 968/968/968
f 965/965/965 968/968/968 969/969/969
f 970/970/970 967/967/967 966/966/966
f 970/970/970 966/966/966 956/956/956
f 968/968/968 967/967/967 971/971/971
f 970/970/970 971/971/971 967/967/967
f 969/969/969 968/968/968 972/972/972
f 968/968/968 971/971/971 972/972/972
f 969/969/969 972/972/972 973/973/973
f 972/972/972 974/974/974 973/973/973
f 972/972/972 975/975/975 974/974/974
f 971/971/971 975/975/975 972/972/972
f 975/975/975 976/976/976 974/974/974
f 977/977/977 971/971/971 970/970/970
f 971/971/971 978/978/978 975/975/975
f 977/977/977 978/978/978 971/971/971
f 977/977/977 970/970/970 979/979/979
f 970/970/970 956/956/956 979/979/979
f 980/980/980 978/978/978 977/977/977
f 975/975/975 978/978/978 981/981/981
f 980/980/980 981/981/981 978/978/978
f 975/975/975 982/982/982 976/976/976
f 975/975/975 981/981/981 982/982/982
f 982/982/982 983/983/983 976/976/976
f 984/984/984 976/976/976 983/983/983
f 985/985/985 984/984/984 983/983/983
f 983/983/983 986/986/986 985/985/985
f 986/986/986 987/987/987 985/985/985
f 988/988/988 983/983/983 982/982/982
f 989/989/989 988/988/988 982/982/982
f 982/982/982 981/981/981 989/989/989
f 990/990/990 988/988/988 989/989/989
f 981/981/981 991/991/991 989/989/989
f 981/981/981 980/980/980 991/991/991
f 990/990/990 989/989/989 992/992/992
f 951/951/951 990/990/990 992/992/992
f 989/989/989 991/991/991 993/993/993
f 993/993/993 992/992/992 989/989/989
f 980/980/980 994/994/994 991/991/991
f 993/993/993 991/991/991 994/994/994
f 980/980/980 977/977/977 994/994/994
f 977/977/977 979/979/979 994/994/994
f 993/993/993 994/994/994 995/995/995
f 993/993/993 995/995/995 992/992/992
f 995/995/995 994/994/994 979/979/979
f 951/951/951 992/992/992 996/996/996
f 995/995/995 996/996/996 992/992/992
f 950/950/950 951/951/951 996/996/996
f 995/995/995 979/979/979 997/997/997
f 995/995/995 997/997/997 996/996/996
f 997/997/997 950/950/950 996/996/996
f 997/997/997 979/979/979 956/956/956
f 997/997/997 952/952/952 950/950/950
f 997/997/997 956/956/956 952/952/952
f 998/998/998 999/999/999 1000/1000/1000
f 998/998/998 1001/1001/1001 999/999/999
f 1002/1002/1002 1003/1003/1003 1004/1004/1004
f 1002/1002/1002 1005/1005/1005 1003/1003/1003
f 1006/1006/1006 1007/1007/1007 1008/1008/1008
f 1009/1009/1009 1007/1007/1007 1006/1006/1006
f 1006/1006/1006 1008/1008/1008 1010/1010/1010
f 1009/1009/1009 1011/1011/1011 1012/1012/1012
f 1013/1013/1013 1006/1006/1006 1010/1010/1010
f 1013/1013/1013 1009/1009/1009 1006/1006/1006
f 1013/1013/1013 1010/1010/1010 1014/1014/1014
f 1015/1015/1015 1011/1011/1011 1009/1009/1009
f 1013/1013/1013 1015/1015/1015 1009/1009/1009
f 1015/1015/1015 1016/1016/1016 1011/1011/1011
f 1013/1013/1013 1014/1014/1014 1017/1017/1017
f 1015/1015/1015 1018/1018/1018 1016/1016/1016
f 1015/1015/1015 1019/1019/1019 1018/1018/1018
f 1013/1013/1013 1019/1019/1019 1015/1015/1015
f 1019/1019/1019 1020/1020/1020 1018/1018/1018
f 1013/1013/1013 1017/1017/1017 1021/1021/1021
f 1013/1013/1013 1021/1021/1021 1019/1019/1019
f 1021/1021/1021 1017/1017/1017 1022/1022/1022
f 1023/1023/1023 1019/1019/1019 1021/1021/1021
f 1021/1021/1021 1022/1022/1022 1023/1023/1023
f 1019/1019/1019 1024/1024/1024 1020/1020/1020
f 1023/1023/1023 1024/1024/1024 1019/1019/1019
f 1025/1025/1025 1020/1020/1020 1024/1024/1024
f 1025/1025/1025 1026/1026/1026 1020/1020/1020
f 1027/1027/1027 1024/1024/1024 1023/1023/1023
f 1027/1027/1027 1023/1023/1023 1022/1022/1022
f 1027/1027/1027 1025/1025/1025 1024/1024/1024
f 1027/1027/1027 1022/1022/1022 1028/1028/1028
f 1025/1025/1025 1029/1029/1029 1026/1026/1026
f 1030/1030/1030 1027/1027/1027 1028/1028/1028
f 1030/1030/1030 1025/1025/1025 1027/1027/1027
f 1030/1030/1030 1028/1028/1028 1031/1031/1031
f 1025/1025/1025 1032/1032/1032 1029/1029/1029
f 1030/1030/1030 1032/1032/1032 1025/1025/1025
f 1033/1033/1033 1029/1029/1029 1032/1032/1032
f 1034/1034/1034 1030/1030/1030 1031/1031/1031
f 1034/1034/1034 1032/1032/1032 1030/1030/1030
f 1034/1034/1034 1033/1033/1033 1032/1032/1032
f 1034/1034/1034 1031/1031/1031 1035/1035/1035
f 1033/1033/1033 1036/1036/1036 1029/1029/1029
f 1037/1037/1037 1034/1034/1034 1035/1035/1035
f 1037/1037/1037 1033/1033/1033 1034/1034/1034
f 1037/1037/1037 1035/1035/1035 1038/1038/1038
f 1039/1039/1039 1036/1036/1036 1033/1033/1033
f 1037/1037/1037 1039/1039/1039 1033/1033/1033
f 1039/1039/1039 1040/1040/1040 1036/1036/1036
f 1037/1037/1037 1038/1038/1038 1041/1041/1041
f 1042/1042/1042 1040/1040/1040 1039/1039/1039
f 1037/1037/1037 1042/1042/1042 1039/1039/1039
f 1042/1042/1042 1043/1043/1043 1040/1040/1040
f 1042/1042/1042 1044/1044/1044 1043/1043/1043
f 1037/1037/1037 1041/1041/1041 1045/1045/1045
f 1037/1037/1037 1045/1045/1045 1042/1042/1042
f 1045/1045/1045 1041/1041/1041 1046/1046/1046
f 1042/1042/1042 1047/1047/1047 1044/1044/1044
f 1045/1045/1045 1047/1047/1047 1042/1042/1042
f 1047/1047/1047 1048/1048/1048 1044/1044/1044
f 1045/1045/1045 1046/1046/1046 1049/1049/1049
f 1045/1045/1045 1049/1049/1049 1047/1047/1047
f 1049/1049/1049 1046/1046/1046 1050/1050/1050
f 1047/1047/1047 1051/1051/1051 1048/1048/1048
f 1051/1051/1051 1047/1047/1047 1049/1049/1049
f 1052/1052/1052 1048/1048/1048 1051/1051/1051
f 1052/1052/1052 1053/1053/1053 1048/1048/1048
f 1051/1051/1051 1049/1049/1049 1054/1054/1054
f 1049/1049/1049 1050/1050/1050 1054/1054/1054
f 1052/1052/1052 1051/1051/1051 1054/1054/1054
f 1054/1054/1054 1050/1050/1050 1055/1055/1055
f 1052/1052/1052 1056/1056/1056 1053/1053/1053
f 1054/1054/1054 1055/1055/1055 1057/1057/1057
f 1052/1052/1052 1054/1054/1054 1057/1057/1057
f 1057/1057/1057 1055/1055/1055 1058/1058/1058
f 1052/1052/1052 1059/1059/1059 1056/1056/1056
f 1059/1059/1059 1052/1052/1052 1057/1057/1057
f 1060/1060/1060 1056/1056/1056 1059/1059/1059
f 1060/1060/1060 1061/1061/1061 1056/1056/1056
f 1060/1060/1060 1062/1062/1062 1061/1061/1061
f 1060/1060/1060 1063/1063/1063 1062/1062/1062
f 1059/1059/1059 1057/1057/1057 1064/1064/1064
f 1060/1060/1060 1059/1059/1059 1064/1064/1064
f 1057/1057/1057 1058/1058/1058 1064/1064/1064
f 1065/1065/1065 1063/1063/1063 1060/1060/1060
f 1060/1060/1060 1064/1064/1064 1065/1065/1065
f 1065/1065/1065 1064/1064/1064 1058/1058/1058
f 1065/1065/1065 1066/1066/1066 1063/1063/1063
f 1065/1065/1065 1058/1058/1058 1067/1067/1067
f 1066/1066/1066 1065/1065/1065 1067/1067/1067
f 1066/1066/1066 1067/1067/1067 1068/1068/1068
f 1069/1069/1069 1070/1070/1070 1071/1071/1071
f 1069/1069/1069 1072/1072/1072 1070/1070/1070
f 1072/1072/1072 1073/1073/1073 1070/1070/1070
f 1072/1072/1072 1074/1074/1074 1073/1073/1073
f 1075/1075/1075 1076/1076/1076 1077/1077/1077
f 1075/1075/1075 1078/1078/1078 1076/1076/1076
f 1079/1079/1079 1080/1080/1080 1081/1081/1081
f 1079/1079/1079 1082/1082/1082 1080/1080/1080
f 1083/1083/1083 1084/1084/1084 1085/1085/1085
f 1083/1083/1083 1086/1086/1086 1084/1084/1084
f 1087/1087/1087 1088/1088/1088 1089/1089/1089
f 1087/1087/1087 1090/1090/1090 1088/1088/1088
f 1091/1091/1091 1090/1090/1090 1087/1087/1087
f 1091/1091/1091 1092/1092/1092 1090/1090/1090
f 1093/1093/1093 1092/1092/1092 1091/1091/1091
f 1093/1093/1093 1094/1094/1094 1092/1092/1092
f 1093/1093/1093 1095/1095/1095 1094/1094/1094
f 1093/1093/1093 1096/1096/1096 1095/1095/1095
f 1096/1096/1096 1097/1097/1097 1095/1095/1095
f 1096/1096/1096 1098/1098/1098 1097/1097/1097
f 1099/1099/1099 1100/1100/1100 1101/1101/1101
f 1099/1099/1099 1102/1102/1102 1100/1100/1100
f 1103/1103/1103 1102/1102/1102 1099/1099/1099
f 1103/1103/1103 1104/1104/1104 1102/1102/1102
f 1105/1105/1105 1104/1104/1104 1103/1103/1103
f 1105/1105/1105 1106/1106/1106 1104/1104/1104
f 1105/1105/1105 1107/1107/1107 1106/1106/1106
f 1105/1105/1105 1108/1108/1108 1107/1107/1107
f 1108/1108/1108 1109/1109/1109 1107/1107/1107
f 1108/1108/1108 1110/1110/1110 1109/1109/1109
f 1111/1111/1111 1112/1112/1112 1113/1113/1113
f 1111/1111/1111 1114/1114/1114 1112/1112/1112
f 1115/1115/1115 1116/1116/1116 1117/1117/1117
f 1117/1117/1117 1118/1118/1118 1115/1115/1115
f 1118/1118/1118 1119/1119/1119 1115/1115/1115
f 1120/1120/1120 1118/1118/1118 1117/1117/1117
f 1115/1115/1115 1119/1119/1119 1121/1121/1121
f 1122/1122/1122 1121/1121/1121 1119/1119/1119
f 1122/1122/1122 1123/1123/1123 1121/1121/1121
f 1119/1119/1119 1124/1124/1124 1122/1122/1122
f 1124/1124/1124 1125/1125/1125 1122/1122/1122
f 1124/1124/1124 1126/1126/1126 1125/1125/1125
f 1126/1126/1126 1127/1127/1127 1125/1125/1125
f 1117/1117/1117 1128/1128/1128 1120/1120/1120
f 1120/1120/1120 1128/1128/1128 1129/1129/1129
f 1128/1128/1128 1130/1130/1130 1129/1129/1129
f 1131/1131/1131 1129/1129/1129 1130/1130/1130
f 1130/1130/1130 1132/1132/1132 1131/1131/1131
f 1133/1133/1133 1117/1117/1117 1134/1134/1134
f 1134/1134/1134 1117/1117/1117 1116/1116/1116
f 1134/1134/1134 1135/1135/1135 1133/1133/1133
f 1136/1136/1136 1133/1133/1133 1135/1135/1135
f 1135/1135/1135 1137/1137/1137 1136/1136/1136
f 1137/1137/1137 1138/1138/1138 1136/1136/1136
f 1139/1139/1139 1134/1134/1134 1116/1116/1116
f 1116/1116/1116 1140/1140/1140 1139/1139/1139
f 1140/1140/1140 1141/1141/1141 1139/1139/1139
f 1142/1142/1142 1141/1141/1141 1140/1140/1140
f 1143/1143/1143 1139/1139/1139 1141/1141/1141
f 1144/1144/1144 1143/1143/1143 1141/1141/1141
f 1145/1145/1145 1143/1143/1143 1144/1144/1144
f 1144/1144/1144 1146/1146/1146 1145/1145/1145
f 1147/1147/1147 1148/1148/1148 1149/1149/1149
f 1147/1147/1147 1150/1150/1150 1148/1148/1148
f 1151/1151/1151 1152/1152/1152 1153/1153/1153
f 1151/1151/1151 1154/1154/1154 1152/1152/1152
f 1155/1155/1155 1156/1156/1156 1157/1157/1157
f 1155/1155/1155 1158/1158/1158 1156/1156/1156
f 1155/1155/1155 1157/1157/1157 1159/1159/1159
f 1155/1155/1155 1159/1159/1159 1160/1160/1160
f 1161/1161/1161 1160/1160/1160 1159/1159/1159
f 1161/1161/1161 1159/1159/1159 1162/1162/1162
f 1163/1163/1163 1164/1164/1164 1165/1165/1165
f 1163/1163/1163 1166/1166/1166 1164/1164/1164
f 1165/1165/1165 1164/1164/1164 1167/1167/1167
f 1165/1165/1165 1167/1167/1167 1168/1168/1168
f 1169/1169/1169 1168/1168/1168 1167/1167/1167
f 1169/1169/1169 1167/1167/1167 1170/1170/1170
f 1171/1171/1171 1172/1172/1172 1173/1173/1173
f 1174/1174/1174 1172/1172/1172 1171/1171/1171
f 1174/1174/1174 1171/1171/1171 1175/1175/1175
f 1176/1176/1176 1177/1177/1177 1178/1178/1178
f 1176/1176/1176 1178/1178/1178 1179/1179/1179
f 1176/1176/1176 1179/1179/1179 1180/1180/1180
f 1176/1176/1176 1181/1181/1181 1177/1177/1177
f 1181/1181/1181 1182/1182/1182 1177/1177/1177
f 1181/1181/1181 1183/1183/1183 1182/1182/1182
f 1184/1184/1184 1185/1185/1185 1186/1186/1186
f 1184/1184/1184 1187/1187/1187 1185/1185/1185
f 1188/1188/1188 1189/1189/1189 1190/1190/1190
f 1188/1188/1188 1191/1191/1191 1189/1189/1189
f 1192/1192/1192 1188/1188/1188 1190/1190/1190
f 1193/1193/1193 1190/1190/1190 1189/1189/1189
f 1193/1193/1193 1189/1189/1189 1194/1194/1194
f 1195/1195/1195 1193/1193/1193 1194/1194/1194
f 1195/1195/1195 1194/1194/1194 1196/1196/1196
f 1197/1197/1197 1193/1193/1193 1195/1195/1195
f 1197/1197/1197 1198/1198/1198 1193/1193/1193
f 1198/1198/1198 1190/1190/1190 1193/1193/1193
f 1199/1199/1199 1198/1198/1198 1197/1197/1197
f 1192/1192/1192 1190/1190/1190 1200/1200/1200
f 1198/1198/1198 1200/1200/1200 1190/1190/1190
f 1199/1199/1199 1201/1201/1201 1198/1198/1198
f 1201/1201/1201 1200/1200/1200 1198/1198/1198
f 1202/1202/1202 1201/1201/1201 1199/1199/1199
f 1192/1192/1192 1200/1200/1200 1203/1203/1203
f 1201/1201/1201 1203/1203/1203 1200/1200/1200
f 1192/1192/1192 1203/1203/1203 1204/1204/1204
f 1202/1202/1202 1205/1205/1205 1201/1201/1201
f 1205/1205/1205 1203/1203/1203 1201/1201/1201
f 1206/1206/1206 1205/1205/1205 1202/1202/1202
f 1204/1204/1204 1203/1203/1203 1207/1207/1207
f 1205/1205/1205 1207/1207/1207 1203/1203/1203
f 1204/1204/1204 1207/1207/1207 1208/1208/1208
f 1209/1209/1209 1208/1208/1208 1207/1207/1207
f 1210/1210/1210 1207/1207/1207 1205/1205/1205
f 1206/1206/1206 1210/1210/1210 1205/1205/1205
f 1209/1209/1209 1207/1207/1207 1211/1211/1211
f 1210/1210/1210 1211/1211/1211 1207/1207/1207
f 1212/1212/1212 1209/1209/1209 1211/1211/1211
f 1213/1213/1213 1211/1211/1211 1210/1210/1210
f 1212/1212/1212 1211/1211/1211 1213/1213/1213
f 1206/1206/1206 1214/1214/1214 1210/1210/1210
f 1213/1213/1213 1210/1210/1210 1214/1214/1214
f 1206/1206/1206 1215/1215/1215 1214/1214/1214
f 1212/1212/1212 1213/1213/1213 1216/1216/1216
f 1216/1216/1216 1213/1213/1213 1214/1214/1214
f 1212/1212/1212 1216/1216/1216 1217/1217/1217
f 1217/1217/1217 1216/1216/1216 1218/1218/1218
f 1217/1217/1217 1218/1218/1218 1219/1219/1219
f 1216/1216/1216 1214/1214/1214 1220/1220/1220
f 1215/1215/1215 1220/1220/1220 1214/1214/1214
f 1220/1220/1220 1218/1218/1218 1216/1216/1216
f 1215/1215/1215 1221/1221/1221 1220/1220/1220
f 1220/1220/1220 1222/1222/1222 1218/1218/1218
f 1221/1221/1221 1222/1222/1222 1220/1220/1220
f 1221/1221/1221 1223/1223/1223 1222/1222/1222
f 1224/1224/1224 1225/1225/1225 1226/1226/1226
f 1226/1226/1226 1227/1227/1227 1224/1224/1224
f 1226/1226/1226 1228/1228/1228 1227/1227/1227
f 1224/1224/1224 1229/1229/1229 1225/1225/1225
f 1225/1225/1225 1229/1229/1229 1230/1230/1230
f 1225/1225/1225 1230/1230/1230 1231/1231/1231
f 1232/1232/1232 1233/1233/1233 1234/1234/1234
f 1232/1232/1232 1235/1235/1235 1233/1233/1233
f 1236/1236/1236 1237/1237/1237 1238/1238/1238
f 1236/1236/1236 1239/1239/1239 1237/1237/1237
f 1236/1236/1236 1238/1238/1238 1240/1240/1240
f 1236/1236/1236 1240/1240/1240 1241/1241/1241
f 1242/1242/1242 1241/1241/1241 1240/1240/1240
f 1242/1242/1242 1240/1240/1240 1243/1243/1243
f 1244/1244/1244 1245/1245/1245 1246/1246/1246
f 1244/1244/1244 1247/1247/1247 1245/1245/1245
f 1245/1245/1245 1247/1247/1247 1248/1248/1248
f 1245/1245/1245 1248/1248/1248 1249/1249/1249
f 1248/1248/1248 1250/1250/1250 1249/1249/1249
f 1248/1248/1248 1251/1251/1251 1250/1250/1250
f 1252/1252/1252 1250/1250/1250 1251/1251/1251
f 1252/1252/1252 1253/1253/1253 1250/1250/1250
f 1254/1254/1254 1253/1253/1253 1252/1252/1252
f 1254/1254/1254 1255/1255/1255 1253/1253/1253
f 1256/1256/1256 1257/1257/1257 1258/1258/1258
f 1256/1256/1256 1259/1259/1259 1257/1257/1257
f 1173/1173/1173 1260/1260/1260 1261/1261/1261
f 1261/1261/1261 1262/1262/1262 1263/1263/1263
f 1261/1261/1261 1263/1263/1263 1264/1264/1264
f 1173/1173/1173 1261/1261/1261 1264/1264/1264
f 1265/1265/1265 1266/1266/1266 1173/1173/1173
f 1267/1267/1267 1266/1266/1266 1265/1265/1265
f 1267/1267/1267 1268/1268/1268 1266/1266/1266
f 1269/1269/1269 1270/1270/1270 1173/1173/1173
f 1271/1271/1271 1270/1270/1270 1269/1269/1269
f 1271/1271/1271 1269/1269/1269 1272/1272/1272
f 1273/1273/1273 1274/1274/1274 1173/1173/1173
f 1275/1275/1275 1274/1274/1274 1273/1273/1273
f 1275/1275/1275 1273/1273/1273 1276/1276/1276
f 1277/1277/1277 1278/1278/1278 1279/1279/1279
f 1277/1277/1277 1280/1280/1280 1278/1278/1278
f 1281/1281/1281 1282/1282/1282 1283/1283/1283
f 1281/1281/1281 1284/1284/1284 1282/1282/1282
f 1285/1285/1285 1282/1282/1282 1284/1284/1284
f 1285/1285/1285 1286/1286/1286 1282/1282/1282
f 1286/1286/1286 1285/1285/1285 1287/1287/1287
f 1286/1286/1286 1287/1287/1287 1288/1288/1288
f 1289/1289/1289 1290/1290/1290 1291/1291/1291
f 1289/1289/1289 1292/1292/1292 1290/1290/1290
f 1293/1293/1293 1294/1294/1294 1295/1295/1295
f 1296/1296/1296 1297/1297/1297 1298/1298/1298
f 1299/1299/1299 1300/1300/1300 1301/1301/1301
f 1301/1301/1301 1302/1302/1302 1299/1299/1299
f 1301/1301/1301 1303/1303/1303 1302/1302/1302
f 1301/1301/1301 1300/1300/1300 1304/1304/1304
f 1301/1301/1301 1304/1304/1304 1305/1305/1305
f 1305/1305/1305 1306/1306/1306 1301/1301/1301
f 1305/1305/1305 1307/1307/1307 1306/1306/1306
f 1304/1304/1304 1300/1300/1300 1308/1308/1308
f 1304/1304/1304 1308/1308/1308 1309/1309/1309
f 1300/1300/1300 1310/1310/1310 1311/1311/1311
f 1300/1300/1300 1312/1312/1312 1310/1310/1310
f 1299/1299/1299 1312/1312/1312 1300/1300/1300
f 1313/1313/1313 1312/1312/1312 1299/1299/1299
f 1313/1313/1313 1299/1299/1299 1314/1314/1314
f 1313/1313/1313 1314/1314/1314 1315/1315/1315
f 1313/1313/1313 1316/1316/1316 1312/1312/1312
f 1316/1316/1316 1317/1317/1317 1312/1312/1312
f 1316/1316/1316 1318/1318/1318 1317/1317/1317
f 1313/1313/1313 1319/1319/1319 1320/1320/1320
f 1313/1313/1313 1320/1320/1320 1321/1321/1321
f 1321/1321/1321 1322/1322/1322 1313/1313/1313
f 1321/1321/1321 1323/1323/1323 1322/1322/1322
f 1323/1323/1323 1324/1324/1324 1322/1322/1322
f 1323/1323/1323 1325/1325/1325 1324/1324/1324
f 1326/1326/1326 1327/1327/1327 1323/1323/1323
f 1326/1326/1326 1328/1328/1328 1327/1327/1327
f 1329/1329/1329 1326/1326/1326 1323/1323/1323
f 1329/1329/1329 1323/1323/1323 1330/1330/1330
f 1329/1329/1329 1330/1330/1330 1331/1331/1331
f 1329/1329/1329 1331/1331/1331 1332/1332/1332
f 1333/1333/1333 1334/1334/1334 1335/1335/1335
f 1333/1333/1333 1336/1336/1336 1334/1334/1334
f 1333/1333/1333 1337/1337/1337 1336/1336/1336
f 1333/1333/1333 1338/1338/1338 1337/1337/1337
f 1339/1339/1339 1337/1337/1337 1338/1338/1338
f 1339/1339/1339 1340/1340/1340 1337/1337/1337
f 1341/1341/1341 1340/1340/1340 1339/1339/1339
f 1341/1341/1341 1342/1342/1342 1340/1340/1340
f 1341/1341/1341 1343/1343/1343 1342/1342/1342
f 1341/1341/1341 1344/1344/1344 1343/1343/1343
f 1344/1344/1344 1345/1345/1345 1343/1343/1343
f 1344/1344/1344 1346/1346/1346 1345/1345/1345
f 1347/1347/1347 1345/1345/1345 1346/1346/1346
f 1347/1347/1347 1348/1348/1348 1345/1345/1345
f 1349/1349/1349 1348/1348/1348 1347/1347/1347
f 1349/1349/1349 1347/1347/1347 1350/1350/1350
f 1351/1351/1351 1352/1352/1352 1353/1353/1353
f 1353/1353/1353 1352/1352/1352 1354/1354/1354
f 1353/1353/1353 1354/1354/1354 1355/1355/1355
f 1351/1351/1351 1356/1356/1356 1352/1352/1352
f 1351/1351/1351 1357/1357/1357 1356/1356/1356
f 1351/1351/1351 1358/1358/1358 1357/1357/1357
f 1359/1359/1359 580/580/580 1360/1360/1360
f 1359/1359/1359 1360/1360/1360 1361/1361/1361
f 1361/1361/1361 1360/1360/1360 1362/1362/1362
f 1361/1361/1361 1362/1362/1362 1363/1363/1363
f 1364/1364/1364 1363/1363/1363 1365/1365/1365
f 1364/1364/1364 1366/1366/1366 1363/1363/1363
f 1359/1359/1359 1366/1366/1366 1364/1364/1364
f 1359/1359/1359 1364/1364/1364 1260/1260/1260
f 1367/1367/1367 1368/1368/1368 1260/1260/1260
f 1369/1369/1369 1368/1368/1368 1367/1367/1367
f 1369/1369/1369 1367/1367/1367 1370/1370/1370
f 1371/1371/1371 1372/1372/1372 1260/1260/1260
f 1373/1373/1373 1372/1372/1372 1371/1371/1371
f 1373/1373/1373 1374/1374/1374 1372/1372/1372
f 1375/1375/1375 1376/1376/1376 1260/1260/1260
f 1377/1377/1377 1376/1376/1376 1375/1375/1375
f 1377/1377/1377 1375/1375/1375 1378/1378/1378
f 1379/1379/1379 1380/1380/1380 1260/1260/1260
f 1379/1379/1379 1381/1381/1381 1380/1380/1380
f 1382/1382/1382 1381/1381/1381 1379/1379/1379
f 1382/1382/1382 1383/1383/1383 1381/1381/1381
f 1384/1384/1384 1380/1380/1380 1381/1381/1381
f 1384/1384/1384 1385/1385/1385 1380/1380/1380
f 1386/1386/1386 1387/1387/1387 1388/1388/1388
f 1386/1386/1386 1389/1389/1389 1387/1387/1387
f 1390/1390/1390 1391/1391/1391 1392/1392/1392
f 1390/1390/1390 1393/1393/1393 1391/1391/1391
f 1394/1394/1394 1395/1395/1395 1396/1396/1396
f 1394/1394/1394 1397/1397/1397 1395/1395/1395
f 1398/1398/1398 1399/1399/1399 1400/1400/1400
f 1398/1398/1398 1401/1401/1401 1399/1399/1399
f 1398/1398/1398 1400/1400/1400 1402/1402/1402
f 1398/1398/1398 1402/1402/1402 1403/1403/1403
f 1404/1404/1404 1403/1403/1403 1402/1402/1402
f 1404/1404/1404 1402/1402/1402 1405/1405/1405
f 1406/1406/1406 1407/1407/1407 1408/1408/1408
f 1406/1406/1406 1409/1409/1409 1407/1407/1407
f 1410/1410/1410 1411/1411/1411 1412/1412/1412
f 1413/1413/1413 1410/1410/1410 1412/1412/1412
f 1413/1413/1413 1414/1414/1414 1410/1410/1410
f 1415/1415/1415 1410/1410/1410 1414/1414/1414
f 1410/1410/1410 1416/1416/1416 1411/1411/1411
f 1417/1417/1417 1411/1411/1411 1416/1416/1416
f 1417/1417/1417 1416/1416/1416 1418/1418/1418
f 1419/1419/1419 1418/1418/1418 1416/1416/1416
f 1420/1420/1420 1416/1416/1416 1410/1410/1410
f 1419/1419/1419 1416/1416/1416 1420/1420/1420
f 1415/1415/1415 1421/1421/1421 1410/1410/1410
f 1420/1420/1420 1410/1410/1410 1421/1421/1421
f 1419/1419/1419 1420/1420/1420 1422/1422/1422
f 1422/1422/1422 1420/1420/1420 1421/1421/1421
f 1419/1419/1419 1422/1422/1422 1423/1423/1423
f 1415/1415/1415 1424/1424/1424 1421/1421/1421
f 1422/1422/1422 1421/1421/1421 1424/1424/1424
f 1415/1415/1415 1425/1425/1425 1424/1424/1424
f 1423/1423/1423 1422/1422/1422 1426/1426/1426
f 1426/1426/1426 1422/1422/1422 1424/1424/1424
f 1423/1423/1423 1426/1426/1426 1427/1427/1427
f 1428/1428/1428 1427/1427/1427 1426/1426/1426
f 1425/1425/1425 1429/1429/1429 1424/1424/1424
f 1426/1426/1426 1424/1424/1424 1429/1429/1429
f 1425/1425/1425 1430/1430/1430 1429/1429/1429
f 1431/1431/1431 1429/1429/1429 1430/1430/1430
f 1428/1428/1428 1426/1426/1426 1432/1432/1432
f 1432/1432/1432 1426/1426/1426 1429/1429/1429
f 1433/1433/1433 1428/1428/1428 1432/1432/1432
f 1431/1431/1431 1434/1434/1434 1429/1429/1429
f 1432/1432/1432 1429/1429/1429 1434/1434/1434
f 1435/1435/1435 1434/1434/1434 1431/1431/1431
f 1433/1433/1433 1432/1432/1432 1436/1436/1436
f 1436/1436/1436 1432/1432/1432 1434/1434/1434
f 1433/1433/1433 1436/1436/1436 1437/1437/1437
f 1433/1433/1433 1437/1437/1437 1438/1438/1438
f 1439/1439/1439 1438/1438/1438 1437/1437/1437
f 1439/1439/1439 1437/1437/1437 1440/1440/1440
f 1436/1436/1436 1434/1434/1434 1441/1441/1441
f 1435/1435/1435 1441/1441/1441 1434/1434/1434
f 1437/1437/1437 1436/1436/1436 1441/1441/1441
f 1435/1435/1435 1442/1442/1442 1441/1441/1441
f 1437/1437/1437 1441/1441/1441 1442/1442/1442
f 1440/1440/1440 1437/1437/1437 1442/1442/1442
f 1435/1435/1435 1443/1443/1443 1442/1442/1442
f 1440/1440/1440 1442/1442/1442 1444/1444/1444
f 1445/1445/1445 1442/1442/1442 1443/1443/1443
f 1445/1445/1445 1444/1444/1444 1442/1442/1442
f 1446/1446/1446 1447/1447/1447 1448/1448/1448
f 1446/1446/1446 1449/1449/1449 1447/1447/1447
f 1450/1450/1450 1451/1451/1451 1452/1452/1452
f 1450/1450/1450 1453/1453/1453 1451/1451/1451
f 1454/1454/1454 1455/1455/1455 1456/1456/1456
f 1454/1454/1454 1457/1457/1457 1455/1455/1455
f 1458/1458/1458 1459/1459/1459 1460/1460/1460
f 1458/1458/1458 1461/1461/1461 1459/1459/1459
f 1462/1462/1462 1463/1463/1463 1464/1464/1464
f 1462/1462/1462 1465/1465/1465 1463/1463/1463
f 1466/1466/1466 1467/1467/1467 1468/1468/1468
f 1466/1466/1466 1469/1469/1469 1467/1467/1467
f 1470/1470/1470 1471/1471/1471 1472/1472/1472
f 1470/1470/1470 1473/1473/1473 1471/1471/1471
f 1474/1474/1474 1475/1475/1475 1476/1476/1476
f 1474/1474/1474 1477/1477/1477 1475/1475/1475
f 1478/1478/1478 1479/1479/1479 1480/1480/1480
f 1479/1479/1479 1481/1481/1481 1480/1480/1480
f 1479/1479/1479 1482/1482/1482 1481/1481/1481
f 1478/1478/1478 1483/1483/1483 1479/1479/1479
f 1483/1483/1483 1478/1478/1478 1484/1484/1484
f 1483/1483/1483 1484/1484/1484 1485/1485/1485
f 1486/1486/1486 1487/1487/1487 1488/1488/1488
f 1486/1486/1486 1489/1489/1489 1487/1487/1487
f 1486/1486/1486 1488/1488/1488 1490/1490/1490
f 1486/1486/1486 1490/1490/1490 1491/1491/1491
f 1492/1492/1492 1491/1491/1491 1490/1490/1490
f 1492/1492/1492 1490/1490/1490 1493/1493/1493
f 1494/1494/1494 1495/1495/1495 1496/1496/1496
f 1494/1494/1494 1497/1497/1497 1495/1495/1495
f 1494/1494/1494 1496/1496/1496 1498/1498/1498
f 1494/1494/1494 1498/1498/1498 1499/1499/1499
f 1500/1500/1500 1499/1499/1499 1498/1498/1498
f 1500/1500/1500 1498/1498/1498 1501/1501/1501
f 1502/1502/1502 1503/1503/1503 1504/1504/1504
f 1502/1502/1502 1505/1505/1505 1503/1503/1503
f 1502/1502/1502 1504/1504/1504 1506/1506/1506
f 1502/1502/1502 1506/1506/1506 1507/1507/1507
f 1508/1508/1508 1507/1507/1507 1506/1506/1506
f 1508/1508/1508 1506/1506/1506 1509/1509/1509
f 1510/1510/1510 1511/1511/1511 1512/1512/1512
f 1510/1510/1510 1513/1513/1513 1511/1511/1511
f 1510/1510/1510 1512/1512/1512 1514/1514/1514
f 1510/1510/1510 1514/1514/1514 1515/1515/1515
f 1516/1516/1516 1515/1515/1515 1514/1514/1514
f 1516/1516/1516 1514/1514/1514 1517/1517/1517
f 1518/1518/1518 1519/1519/1519 1520/1520/1520
f 1518/1518/1518 1521/1521/1521 1519/1519/1519
f 1518/1518/1518 1520/1520/1520 1522/1522/1522
f 1518/1518/1518 1522/1522/1522 1523/1523/1523
f 1524/1524/1524 1523/1523/1523 1522/1522/1522
f 1524/1524/1524 1522/1522/1522 1525/1525/1525
f 1526/1526/1526 1527/1527/1527 1528/1528/1528
f 1526/1526/1526 1529/1529/1529 1527/1527/1527
f 1526/1526/1526 1528/1528/1528 1530/1530/1530
f 1526/1526/1526 1530/1530/1530 1531/1531/1531
f 1532/1532/1532 1531/1531/1531 1530/1530/1530
f 1532/1532/1532 1530/1530/1530 1533/1533/1533
f 1534/1534/1534 853/853/853 1535/1535/1535
f 1536/1536/1536 1534/1534/1534 1535/1535/1535
f 1536/1536/1536 1535/1535/1535 1537/1537/1537
f 874/874/874 1537/1537/1537 1535/1535/1535
f 1536/1536/1536 1537/1537/1537 882/882/882
f 874/874/874 882/882/882 1537/1537/1537
f 1536/1536/1536 882/882/882 885/885/885
f 874/874/874 1535/1535/1535 860/860/860
f 860/860/860 1535/1535/1535 853/853/853
f 1538/1538/1538 1534/1534/1534 1536/1536/1536
f 1534/1534/1534 851/851/851 853/853/853
f 1538/1538/1538 851/851/851 1534/1534/1534
f 1536/1536/1536 1539/1539/1539 1538/1538/1538
f 885/885/885 1539/1539/1539 1536/1536/1536
f 1538/1538/1538 850/850/850 851/851/851
f 1540/1540/1540 1538/1538/1538 1539/1539/1539
f 1540/1540/1540 850/850/850 1538/1538/1538
f 1539/1539/1539 1541/1541/1541 1540/1540/1540
f 885/885/885 1542/1542/1542 1539/1539/1539
f 1542/1542/1542 1541/1541/1541 1539/1539/1539
f 825/825/825 1542/1542/1542 885/885/885
f 1541/1541/1541 1543/1543/1543 1540/1540/1540
f 1540/1540/1540 1544/1544/1544 850/850/850
f 1543/1543/1543 1544/1544/1544 1540/1540/1540
f 1545/1545/1545 1543/1543/1543 1541/1541/1541
f 1542/1542/1542 1545/1545/1545 1541/1541/1541
f 1543/1543/1543 1546/1546/1546 1544/1544/1544
f 1545/1545/1545 1546/1546/1546 1543/1543/1543
f 820/820/820 1545/1545/1545 1542/1542/1542
f 825/825/825 820/820/820 1542/1542/1542
f 819/819/819 1546/1546/1546 1545/1545/1545
f 820/820/820 819/819/819 1545/1545/1545
f 1546/1546/1546 815/815/815 1544/1544/1544
f 1544/1544/1544 815/815/815 817/817/817
f 1544/1544/1544 817/817/817 850/850/850
f 1546/1546/1546 816/816/816 815/815/815
f 819/819/819 816/816/816 1546/1546/1546
f 1547/1547/1547 1548/1548/1548 1549/1549/1549
f 1549/1549/1549 1550/1550/1550 1547/1547/1547
f 1549/1549/1549 1551/1551/1551 1550/1550/1550
f 1547/1547/1547 1552/1552/1552 1548/1548/1548
f 1553/1553/1553 1548/1548/1548 1552/1552/1552
f 1553/1553/1553 1552/1552/1552 1554/1554/1554
f 1555/1555/1555 1556/1556/1556 1557/1557/1557
f 1555/1555/1555 1558/1558/1558 1556/1556/1556
f 1555/1555/1555 1557/1557/1557 1559/1559/1559
f 1555/1555/1555 1559/1559/1559 1560/1560/1560
f 1561/1561/1561 1560/1560/1560 1559/1559/1559
f 1561/1561/1561 1559/1559/1559 1562/1562/1562
f 1563/1563/1563 1564/1564/1564 1565/1565/1565
f 1563/1563/1563 1566/1566/1566 1564/1564/1564
f 1563/1563/1563 1565/1565/1565 1567/1567/1567
f 1563/1563/1563 1567/1567/1567 1568/1568/1568
f 1569/1569/1569 1568/1568/1568 1567/1567/1567
f 1569/1569/1569 1567/1567/1567 1570/1570/1570
f 1571/1571/1571 1572/1572/1572 1573/1573/1573
f 1571/1571/1571 1574/1574/1574 1572/1572/1572
f 1571/1571/1571 1573/1573/1573 1575/1575/1575
f 1571/1571/1571 1575/1575/1575 1576/1576/1576
f 1577/1577/1577 1576/1576/1576 1575/1575/1575
f 1577/1577/1577 1575/1575/1575 1578/1578/1578
f 1579/1579/1579 1580/1580/1580 1581/1581/1581
f 1579/1579/1579 1582/1582/1582 1580/1580/1580
f 1579/1579/1579 1581/1581/1581 1583/1583/1583
f 1579/1579/1579 1583/1583/1583 1584/1584/1584
f 1585/1585/1585 1584/1584/1584 1583/1583/1583
f 1585/1585/1585 1583/1583/1583 1586/1586/1586
f 1587/1587/1587 1588/1588/1588 1589/1589/1589
f 1587/1587/1587 1590/1590/1590 1588/1588/1588
f 1591/1591/1591 1589/1589/1589 1588/1588/1588
f 1591/1591/1591 1592/1592/1592 1589/1589/1589
f 1587/1587/1587 1593/1593/1593 1590/1590/1590
f 1587/1587/1587 1594/1594/1594 1593/1593/1593
f 1589/1589/1589 1595/1595/1595 1596/1596/1596
f 1589/1589/1589 1596/1596/1596 1597/1597/1597
f 1598/1598/1598 1589/1589/1589 1597/1597/1597
f 1598/1598/1598 1597/1597/1597 1599/1599/1599
f 1598/1598/1598 1599/1599/1599 1600/1600/1600
f 1598/1598/1598 1600/1600/1600 1601/1601/1601
f 1602/1602/1602 1590/1590/1590 1603/1603/1603
f 1602/1602/1602 1603/1603/1603 1604/1604/1604
f 1602/1602/1602 1605/1605/1605 1590/1590/1590
f 1602/1602/1602 1606/1606/1606 1605/1605/1605
f 1605/1605/1605 1606/1606/1606 1607/1607/1607
f 1605/1605/1605 1607/1607/1607 1608/1608/1608
f 1609/1609/1609 1610/1610/1610 1611/1611/1611
f 1612/1612/1612 1610/1610/1610 1613/1613/1613
f 1614/1614/1614 1613/1613/1613 1610/1610/1610
f 1609/1609/1609 1614/1614/1614 1610/1610/1610
f 1614/1614/1614 1615/1615/1615 1613/1613/1613
f 1616/1616/1616 1615/1615/1615 1614/1614/1614
f 1616/1616/1616 1617/1617/1617 1615/1615/1615
f 1618/1618/1618 1616/1616/1616 1614/1614/1614
f 1618/1618/1618 1614/1614/1614 1609/1609/1609
f 1619/1619/1619 1618/1618/1618 1609/1609/1609
f 1612/1612/1612 1620/1620/1620 1610/1610/1610
f 1620/1620/1620 1611/1611/1611 1610/1610/1610
f 1621/1621/1621 1620/1620/1620 1612/1612/1612
f 1619/1619/1619 1609/1609/1609 1622/1622/1622
f 1622/1622/1622 1609/1609/1609 1611/1611/1611
f 1623/1623/1623 1619/1619/1619 1622/1622/1622
f 1621/1621/1621 1624/1624/1624 1620/1620/1620
f 1624/1624/1624 1621/1621/1621 1625/1625/1625
f 1624/1624/1624 1625/1625/1625 1626/1626/1626
f 1624/1624/1624 1627/1627/1627 1620/1620/1620
f 1620/1620/1620 1627/1627/1627 1611/1611/1611
f 1628/1628/1628 1624/1624/1624 1626/1626/1626
f 1624/1624/1624 1628/1628/1628 1627/1627/1627
f 1628/1628/1628 1626/1626/1626 1629/1629/1629
f 1627/1627/1627 1630/1630/1630 1611/1611/1611
f 1622/1622/1622 1611/1611/1611 1630/1630/1630
f 1628/1628/1628 1631/1631/1631 1627/1627/1627
f 1627/1627/1627 1631/1631/1631 1630/1630/1630
f 1632/1632/1632 1628/1628/1628 1629/1629/1629
f 1628/1628/1628 1632/1632/1632 1631/1631/1631
f 1632/1632/1632 1629/1629/1629 1633/1633/1633
f 1634/1634/1634 1622/1622/1622 1630/1630/1630
f 1623/1623/1623 1622/1622/1622 1634/1634/1634
f 1635/1635/1635 1623/1623/1623 1634/1634/1634
f 1635/1635/1635 1634/1634/1634 1636/1636/1636
f 1634/1634/1634 1630/1630/1630 1637/1637/1637
f 1636/1636/1636 1634/1634/1634 1637/1637/1637
f 1631/1631/1631 1637/1637/1637 1630/1630/1630
f 1636/1636/1636 1637/1637/1637 1638/1638/1638
f 1631/1631/1631 1639/1639/1639 1637/1637/1637
f 1639/1639/1639 1638/1638/1638 1637/1637/1637
f 1632/1632/1632 1639/1639/1639 1631/1631/1631
f 1639/1639/1639 1640/1640/1640 1638/1638/1638
f 1641/1641/1641 1640/1640/1640 1639/1639/1639
f 1632/1632/1632 1642/1642/1642 1639/1639/1639
f 1641/1641/1641 1639/1639/1639 1642/1642/1642
f 1642/1642/1642 1632/1632/1632 1633/1633/1633
f 1642/1642/1642 1633/1633/1633 1643/1643/1643
f 1641/1641/1641 1642/1642/1642 1643/1643/1643
f 1641/1641/1641 1643/1643/1643 1644/1644/1644
f 1645/1645/1645 1646/1646/1646 1647/1647/1647
f 1645/1645/1645 1648/1648/1648 1646/1646/1646
f 1649/1649/1649 727/727/727 1650/1650/1650
f 1651/1651/1651 1649/1649/1649 1650/1650/1650
f 1651/1651/1651 1650/1650/1650 1652/1652/1652
f 748/748/748 1652/1652/1652 1650/1650/1650
f 1651/1651/1651 1652/1652/1652 756/756/756
f 748/748/748 756/756/756 1652/1652/1652
f 1651/1651/1651 756/756/756 758/758/758
f 748/748/748 1650/1650/1650 734/734/734
f 734/734/734 1650/1650/1650 727/727/727
f 1653/1653/1653 1649/1649/1649 1651/1651/1651
f 1649/1649/1649 725/725/725 727/727/727
f 1653/1653/1653 725/725/725 1649/1649/1649
f 1651/1651/1651 1654/1654/1654 1653/1653/1653
f 758/758/758 1654/1654/1654 1651/1651/1651
f 1653/1653/1653 724/724/724 725/725/725
f 1655/1655/1655 1653/1653/1653 1654/1654/1654
f 1655/1655/1655 724/724/724 1653/1653/1653
f 1654/1654/1654 1656/1656/1656 1655/1655/1655
f 758/758/758 1657/1657/1657 1654/1654/1654
f 1657/1657/1657 1656/1656/1656 1654/1654/1654
f 698/698/698 1657/1657/1657 758/758/758
f 1656/1656/1656 1658/1658/1658 1655/1655/1655
f 1655/1655/1655 1659/1659/1659 724/724/724
f 1658/1658/1658 1659/1659/1659 1655/1655/1655
f 1660/1660/1660 1658/1658/1658 1656/1656/1656
f 1657/1657/1657 1660/1660/1660 1656/1656/1656
f 1658/1658/1658 1661/1661/1661 1659/1659/1659
f 1660/1660/1660 1661/1661/1661 1658/1658/1658
f 696/696/696 1660/1660/1660 1657/1657/1657
f 698/698/698 696/696/696 1657/1657/1657
f 694/694/694 1661/1661/1661 1660/1660/1660
f 696/696/696 694/694/694 1660/1660/1660
f 1661/1661/1661 1662/1662/1662 1659/1659/1659
f 1659/1659/1659 1662/1662/1662 716/716/716
f 1659/1659/1659 716/716/716 724/724/724
f 1661/1661/1661 693/693/693 1662/1662/1662
f 694/694/694 693/693/693 1661/1661/1661
f 701/701/701 1662/1662/1662 693/693/693
f 701/701/701 716/716/716 1662/1662/1662
f 1663/1663/1663 1664/1664/1664 1665/1665/1665
f 1666/1666/1666 1667/1667/1667 1668/1668/1668
f 1669/1669/1669 1670/1670/1670 1671/1671/1671
f 1669/1669/1669 1672/1672/1672 1670/1670/1670
f 1669/1669/1669 1671/1671/1671 1673/1673/1673
f 1669/1669/1669 1673/1673/1673 1674/1674/1674
f 1674/1674/1674 1673/1673/1673 1675/1675/1675
f 1674/1674/1674 1675/1675/1675 1676/1676/1676
f 1677/1677/1677 1678/1678/1678 1679/1679/1679
f 1677/1677/1677 1680/1680/1680 1678/1678/1678
f 1681/1681/1681 1682/1682/1682 1683/1683/1683
f 1681/1681/1681 1684/1684/1684 1682/1682/1682
f 1685/1685/1685 1686/1686/1686 1687/1687/1687
f 1685/1685/1685 1688/1688/1688 1686/1686/1686
f 1689/1689/1689 1690/1690/1690 1691/1691/1691
f 1689/1689/1689 1692/1692/1692 1690/1690/1690
f 1693/1693/1693 1694/1694/1694 1695/1695/1695
f 1693/1693/1693 1696/1696/1696 1694/1694/1694
f 1697/1697/1697 1698/1698/1698 1699/1699/1699
f 1697/1697/1697 1700/1700/1700 1698/1698/1698
f 1701/1701/1701 1702/1702/1702 1703/1703/1703
f 1701/1701/1701 1704/1704/1704 1702/1702/1702
f 1705/1705/1705 1706/1706/1706 1707/1707/1707
f 1705/1705/1705 1708/1708/1708 1706/1706/1706
f 1709/1709/1709 1710/1710/1710 1711/1711/1711
f 1709/1709/1709 1712/1712/1712 1710/1710/1710
f 1713/1713/1713 1714/1714/1714 1715/1715/1715
f 1713/1713/1713 1716/1716/1716 1714/1714/1714
f 1717/1717/1717 1718/1718/1718 1719/1719/1719
f 1717/1717/1717 1720/1720/1720 1718/1718/1718
f 1721/1721/1721 1722/1722/1722 1723/1723/1723
f 1721/1721/1721 1724/1724/1724 1722/1722/1722
f 1725/1725/1725 1726/1726/1726 1727/1727/1727
f 1728/1728/1728 1725/1725/1725 1727/1727/1727
f 1728/1728/1728 1729/1729/1729 1725/1725/1725
f 1725/1725/1725 1730/1730/1730 1726/1726/1726
f 1730/1730/1730 1731/1731/1731 1726/1726/1726
f 1730/1730/1730 1732/1732/1732 1731/1731/1731
f 1729/1729/1729 1733/1733/1733 1734/1734/1734
f 1729/1729/1729 1734/1734/1734 1735/1735/1735
f 1734/1734/1734 1736/1736/1736 1735/1735/1735
f 1734/1734/1734 1737/1737/1737 1736/1736/1736
f 1738/1738/1738 1732/1732/1732 1736/1736/1736
f 1738/1738/1738 1736/1736/1736 1737/1737/1737
f 1739/1739/1739 1738/1738/1738 1740/1740/1740
f 1739/1739/1739 1740/1740/1740 1741/1741/1741
f 1740/1740/1740 1742/1742/1742 1741/1741/1741
f 1740/1740/1740 1743/1743/1743 1742/1742/1742
f 1742/1742/1742 1743/1743/1743 1744/1744/1744
f 1742/1742/1742 1744/1744/1744 1745/1745/1745
f 1739/1739/1739 1746/1746/1746 1747/1747/1747
f 1739/1739/1739 1748/1748/1748 1746/1746/1746
f 1748/1748/1748 1749/1749/1749 1746/1746/1746
f 1748/1748/1748 1750/1750/1750 1749/1749/1749
f 1750/1750/1750 1751/1751/1751 1749/1749/1749
f 1750/1750/1750 1752/1752/1752 1751/1751/1751
f 1753/1753/1753 1754/1754/1754 1755/1755/1755
f 1755/1755/1755 1756/1756/1756 1753/1753/1753
f 1755/1755/1755 1757/1757/1757 1756/1756/1756
f 1753/1753/1753 1758/1758/1758 1754/1754/1754
f 1758/1758/1758 1759/1759/1759 1754/1754/1754
f 1758/1758/1758 1760/1760/1760 1759/1759/1759
f 1761/1761/1761 1762/1762/1762 1763/1763/1763
f 1761/1761/1761 1764/1764/1764 1762/1762/1762
f 1763/1763/1763 1762/1762/1762 1765/1765/1765
f 1763/1763/1763 1765/1765/1765 1766/1766/1766
f 1766/1766/1766 1765/1765/1765 1767/1767/1767
f 1766/1766/1766 1767/1767/1767 1768/1768/1768
f 1769/1769/1769 1770/1770/1770 1771/1771/1771
f 1769/1769/1769 1772/1772/1772 1770/1770/1770
f 1773/1773/1773 1769/1769/1769 1771/1771/1771
f 1774/1774/1774 1770/1770/1770 1772/1772/1772
f 1773/1773/1773 1771/1771/1771 1775/1775/1775
f 1774/1774/1774 1772/1772/1772 1776/1776/1776
f 1777/1777/1777 1773/1773/1773 1775/1775/1775
f 1778/1778/1778 1774/1774/1774 1776/1776/1776
f 1777/1777/1777 1775/1775/1775 1779/1779/1779
f 1778/1778/1778 1776/1776/1776 1780/1780/1780
f 1781/1781/1781 1777/1777/1777 1779/1779/1779
f 1782/1782/1782 1778/1778/1778 1780/1780/1780
f 1781/1781/1781 1779/1779/1779 1783/1783/1783
f 1782/1782/1782 1780/1780/1780 1784/1784/1784
f 1782/1782/1782 1784/1784/1784 1785/1785/1785
f 1782/1782/1782 1785/1785/1785 1786/1786/1786
f 1787/1787/1787 1781/1781/1781 1783/1783/1783
f 1787/1787/1787 1783/1783/1783 1788/1788/1788
f 1788/1788/1788 1789/1789/1789 1787/1787/1787
f 1788/1788/1788 1790/1790/1790 1789/1789/1789
f 1791/1791/1791 1792/1792/1792 1793/1793/1793
f 1791/1791/1791 1794/1794/1794 1792/1792/1792
f 1794/1794/1794 1795/1795/1795 1792/1792/1792
f 1794/1794/1794 1796/1796/1796 1795/1795/1795
f 1747/1747/1747 1791/1791/1791 1793/1793/1793
f 1747/1747/1747 1793/1793/1793 1797/1797/1797
f 1797/1797/1797 1798/1798/1798 1799/1799/1799
f 1797/1797/1797 1800/1800/1800 1798/1798/1798
f 1800/1800/1800 1801/1801/1801 1798/1798/1798
f 1800/1800/1800 1802/1802/1802 1801/1801/1801
f 1802/1802/1802 1803/1803/1803 1801/1801/1801
f 1802/1802/1802 1804/1804/1804 1803/1803/1803
f 1805/1805/1805 1806/1806/1806 1799/1799/1799
f 1805/1805/1805 1807/1807/1807 1806/1806/1806
f 1807/1807/1807 1805/1805/1805 1808/1808/1808
f 1807/1807/1807 1808/1808/1808 1809/1809/1809
f 1809/1809/1809 1808/1808/1808 1810/1810/1810
f 1809/1809/1809 1810/1810/1810 1811/1811/1811
f 1812/1812/1812 1806/1806/1806 1813/1813/1813
f 1812/1812/1812 1813/1813/1813 1814/1814/1814
f 1814/1814/1814 1813/1813/1813 1815/1815/1815
f 1814/1814/1814 1815/1815/1815 1816/1816/1816
f 1816/1816/1816 1815/1815/1815 1817/1817/1817
f 1816/1816/1816 1817/1817/1817 1818/1818/1818
f 1819/1819/1819 1812/1812/1812 1820/1820/1820
f 1819/1819/1819 1820/1820/1820 1821/1821/1821
f 1821/1821/1821 1820/1820/1820 1822/1822/1822
f 1821/1821/1821 1822/1822/1822 1823/1823/1823
f 1823/1823/1823 1822/1822/1822 1824/1824/1824
f 1823/1823/1823 1824/1824/1824 1825/1825/1825
f 1819/1819/1819 1826/1826/1826 1827/1827/1827
f 1819/1819/1819 1828/1828/1828 1826/1826/1826
f 1826/1826/1826 1828/1828/1828 1829/1829/1829
f 1826/1826/1826 1829/1829/1829 1830/1830/1830
f 1829/1829/1829 1831/1831/1831 1830/1830/1830
f 1829/1829/1829 1832/1832/1832 1831/1831/1831
f 1833/1833/1833 1834/1834/1834 1827/1827/1827
f 1833/1833/1833 1835/1835/1835 1834/1834/1834
f 1833/1833/1833 1836/1836/1836 1835/1835/1835
f 1833/1833/1833 1837/1837/1837 1836/1836/1836
f 1836/1836/1836 1837/1837/1837 1838/1838/1838
f 1836/1836/1836 1838/1838/1838 1839/1839/1839
f 1840/1840/1840 1841/1841/1841 1842/1842/1842
f 1840/1840/1840 1842/1842/1842 1843/1843/1843
f 1840/1840/1840 1843/1843/1843 1844/1844/1844
f 1840/1840/1840 1845/1845/1845 1841/1841/1841
f 1841/1841/1841 1845/1845/1845 1846/1846/1846
f 1841/1841/1841 1846/1846/1846 1847/1847/1847
f 1848/1848/1848 1849/1849/1849 1850/1850/1850
f 1848/1848/1848 1851/1851/1851 1849/1849/1849
f 1850/1850/1850 1849/1849/1849 1852/1852/1852
f 1850/1850/1850 1852/1852/1852 1853/1853/1853
f 1853/1853/1853 1852/1852/1852 1854/1854/1854
f 1853/1853/1853 1854/1854/1854 1855/1855/1855
f 1856/1856/1856 1857/1857/1857 1858/1858/1858
f 1856/1856/1856 1859/1859/1859 1857/1857/1857
f 1860/1860/1860 1861/1861/1861 1862/1862/1862
f 1863/1863/1863 1860/1860/1860 1862/1862/1862
f 1864/1864/1864 1863/1863/1863 1862/1862/1862
f 1865/1865/1865 1864/1864/1864 1862/1862/1862
f 1866/1866/1866 1867/1867/1867 1868/1868/1868
f 1869/1869/1869 1868/1868/1868 1867/1867/1867
f 1866/1866/1866 1868/1868/1868 1870/1870/1870
f 1868/1868/1868 1871/1871/1871 1870/1870/1870
f 1872/1872/1872 1873/1873/1873 1874/1874/1874
f 1872/1872/1872 1875/1875/1875 1873/1873/1873
f 1876/1876/1876 1877/1877/1877 1878/1878/1878
f 1878/1878/1878 1879/1879/1879 1876/1876/1876
f 1880/1880/1880 1879/1879/1879 1878/1878/1878
f 1881/1881/1881 1879/1879/1879 1880/1880/1880
f 1881/1881/1881 1880/1880/1880 1882/1882/1882
f 1883/1883/1883 1882/1882/1882 1880/1880/1880
f 1883/1883/1883 1884/1884/1884 1882/1882/1882
f 1880/1880/1880 1885/1885/1885 1883/1883/1883
f 1885/1885/1885 1886/1886/1886 1883/1883/1883
f 1881/1881/1881 1882/1882/1882 1887/1887/1887
f 1881/1881/1881 1887/1887/1887 1888/1888/1888
f 1889/1889/1889 1888/1888/1888 1887/1887/1887
f 1887/1887/1887 1877/1877/1877 1889/1889/1889
f 1890/1890/1890 1889/1889/1889 1877/1877/1877
f 1890/1890/1890 1891/1891/1891 1889/1889/1889
f 1891/1891/1891 1892/1892/1892 1889/1889/1889
f 1893/1893/1893 1889/1889/1889 1892/1892/1892
f 1893/1893/1893 1892/1892/1892 1894/1894/1894
f 1893/1893/1893 1894/1894/1894 1895/1895/1895
f 1896/1896/1896 1893/1893/1893 1895/1895/1895
f 1890/1890/1890 1897/1897/1897 1891/1891/1891
f 1896/1896/1896 1895/1895/1895 1898/1898/1898
f 1890/1890/1890 1898/1898/1898 1897/1897/1897
f 1890/1890/1890 1896/1896/1896 1898/1898/1898
f 1896/1896/1896 1890/1890/1890 1899/1899/1899
f 1896/1896/1896 1899/1899/1899 1900/1900/1900
f 1896/1896/1896 1900/1900/1900 1901/1901/1901
f 1896/1896/1896 1901/1901/1901 1876/1876/1876
f 1902/1902/1902 1899/1899/1899 1890/1890/1890
f 1902/1902/1902 1876/1876/1876 1901/1901/1901
f 1877/1877/1877 1902/1902/1902 1890/1890/1890
f 1876/1876/1876 1902/1902/1902 1877/1877/1877
f 1902/1902/1902 1901/1901/1901 1903/1903/1903
f 1902/1902/1902 1903/1903/1903 1899/1899/1899
f 1904/1904/1904 1905/1905/1905 1906/1906/1906
f 1904/1904/1904 1907/1907/1907 1905/1905/1905
f 1908/1908/1908 1909/1909/1909 1910/1910/1910
f 1908/1908/1908 1911/1911/1911 1909/1909/1909
f 1912/1912/1912 1913/1913/1913 1914/1914/1914
f 1912/1912/1912 1915/1915/1915 1913/1913/1913
f 1916/1916/1916 1917/1917/1917 1918/1918/1918
f 1918/1918/1918 1919/1919/1919 1916/1916/1916
f 1919/1919/1919 1920/1920/1920 1916/1916/1916
f 1921/1921/1921 1918/1918/1918 1917/1917/1917
f 1921/1921/1921 1917/1917/1917 1922/1922/1922
f 1923/1923/1923 1921/1921/1921 1922/1922/1922
f 1924/1924/1924 1921/1921/1921 1923/1923/1923
f 1925/1925/1925 1924/1924/1924 1923/1923/1923
f 1923/1923/1923 1926/1926/1926 1925/1925/1925
f 1927/1927/1927 1928/1928/1928 1929/1929/1929
f 1927/1927/1927 1930/1930/1930 1928/1928/1928
f 1931/1931/1931 1932/1932/1932 1933/1933/1933
f 1931/1931/1931 1934/1934/1934 1932/1932/1932
f 1935/1935/1935 1936/1936/1936 1937/1937/1937
f 1937/1937/1937 1938/1938/1938 1935/1935/1935
f 1938/1938/1938 1939/1939/1939 1935/1935/1935
f 1939/1939/1939 1940/1940/1940 1935/1935/1935
f 1941/1941/1941 1935/1935/1935 1940/1940/1940
f 1941/1941/1941 1940/1940/1940 1942/1942/1942
f 1935/1935/1935 1943/1943/1943 1936/1936/1936
f 1944/1944/1944 1936/1936/1936 1943/1943/1943
f 1945/1945/1945 1944/1944/1944 1943/1943/1943
f 1946/1946/1946 1945/1945/1945 1943/1943/1943
f 1947/1947/1947 1946/1946/1946 1943/1943/1943
f 1948/1948/1948 1947/1947/1947 1943/1943/1943
f 1949/1949/1949 1950/1950/1950 1951/1951/1951
f 1949/1949/1949 1952/1952/1952 1950/1950/1950
f 1953/1953/1953 1954/1954/1954 1955/1955/1955
f 1953/1953/1953 1956/1956/1956 1954/1954/1954
f 1957/1957/1957 1958/1958/1958 1959/1959/1959
f 1959/1959/1959 1960/1960/1960 1957/1957/1957
f 1961/1961/1961 1957/1957/1957 1960/1960/1960
f 1962/1962/1962 1961/1961/1961 1960/1960/1960
f 1960/1960/1960 1963/1963/1963 1962/1962/1962
f 1964/1964/1964 1965/1965/1965 1966/1966/1966
f 1966/1966/1966 1965/1965/1965 1967/1967/1967
f 1965/1965/1965 1968/1968/1968 1967/1967/1967
f 1968/1968/1968 1969/1969/1969 1967/1967/1967
f 1970/1970/1970 1971/1971/1971 1972/1972/1972
f 1970/1970/1970 1973/1973/1973 1971/1971/1971
f 1974/1974/1974 1975/1975/1975 1976/1976/1976
f 1974/1974/1974 1977/1977/1977 1975/1975/1975
f 1978/1978/1978 1979/1979/1979 1980/1980/1980
f 1978/1978/1978 1981/1981/1981 1979/1979/1979
f 1982/1982/1982 1983/1983/1983 1984/1984/1984
f 1982/1982/1982 1985/1985/1985 1983/1983/1983
f 1986/1986/1986 1987/1987/1987 1988/1988/1988
f 1986/1986/1986 1989/1989/1989 1987/1987/1987
f 1990/1990/1990 1991/1991/1991 1992/1992/1992
f 1993/1993/1993 1994/1994/1994 1995/1995/1995
f 1993/1993/1993 1996/1996/1996 1994/1994/1994
f 1997/1997/1997 1998/1998/1998 1999/1999/1999
f 1997/1997/1997 2000/2000/2000 1998/1998/1998
f 2001/2001/2001 2002/2002/2002 2003/2003/2003
f 2001/2001/2001 2004/2004/2004 2002/2002/2002
f 2005/2005/2005 2004/2004/2004 2001/2001/2001
f 2005/2005/2005 2006/2006/2006 2004/2004/2004
f 2007/2007/2007 2003/2003/2003 2008/2008/2008
f 2007/2007/2007 2008/2008/2008 2009/2009/2009
f 2010/2010/2010 2007/2007/2007 2009/2009/2009
f 2010/2010/2010 2009/2009/2009 2011/2011/2011
f 2012/2012/2012 2013/2013/2013 2014/2014/2014
f 2012/2012/2012 2015/2015/2015 2013/2013/2013
f 2016/2016/2016 2017/2017/2017 2018/2018/2018
f 2016/2016/2016 2019/2019/2019 2017/2017/2017
f 2020/2020/2020 2021/2021/2021 2022/2022/2022
f 2020/2020/2020 2008/2008/2008 2021/2021/2021
f 2023/2023/2023 2020/2020/2020 2022/2022/2022
f 2023/2023/2023 2022/2022/2022 2024/2024/2024
f 2022/2022/2022 2021/2021/2021 2025/2025/2025
f 2022/2022/2022 2025/2025/2025 2026/2026/2026
f 2027/2027/2027 2022/2022/2022 2026/2026/2026
f 2027/2027/2027 2026/2026/2026 2028/2028/2028
f 2029/2029/2029 2030/2030/2030 2031/2031/2031
f 2032/2032/2032 2033/2033/2033 2034/2034/2034
f 2032/2032/2032 2035/2035/2035 2033/2033/2033
f 2036/2036/2036 2037/2037/2037 2038/2038/2038
f 2036/2036/2036 2039/2039/2039 2037/2037/2037
f 2040/2040/2040 2041/2041/2041 2042/2042/2042
f 2040/2040/2040 2043/2043/2043 2041/2041/2041
f 2044/2044/2044 2045/2045/2045 2046/2046/2046
f 2044/2044/2044 2047/2047/2047 2045/2045/2045
f 2048/2048/2048 2044/2044/2044 2046/2046/2046
f 2047/2047/2047 2049/2049/2049 2045/2045/2045
f 2047/2047/2047 2050/2050/2050 2049/2049/2049
f 2045/2045/2045 2049/2049/2049 2051/2051/2051
f 2045/2045/2045 2051/2051/2051 2052/2052/2052
f 2046/2046/2046 2045/2045/2045 2052/2052/2052
f 2052/2052/2052 2051/2051/2051 2053/2053/2053
f 2048/2048/2048 2046/2046/2046 2054/2054/2054
f 2055/2055/2055 2048/2048/2048 2054/2054/2054
f 2046/2046/2046 2052/2052/2052 2056/2056/2056
f 2054/2054/2054 2046/2046/2046 2056/2056/2056
f 2052/2052/2052 2053/2053/2053 2057/2057/2057
f 2056/2056/2056 2052/2052/2052 2057/2057/2057
f 2058/2058/2058 2057/2057/2057 2053/2053/2053
f 2055/2055/2055 2054/2054/2054 2059/2059/2059
f 2059/2059/2059 2060/2060/2060 2055/2055/2055
f 2059/2059/2059 2061/2061/2061 2060/2060/2060
f 2059/2059/2059 2054/2054/2054 2062/2062/2062
f 2054/2054/2054 2056/2056/2056 2062/2062/2062
f 2063/2063/2063 2061/2061/2061 2059/2059/2059
f 2059/2059/2059 2062/2062/2062 2063/2063/2063
f 2063/2063/2063 2064/2064/2064 2061/2061/2061
f 2062/2062/2062 2056/2056/2056 2065/2065/2065
f 2056/2056/2056 2057/2057/2057 2065/2065/2065
f 2063/2063/2063 2062/2062/2062 2066/2066/2066
f 2062/2062/2062 2065/2065/2065 2066/2066/2066
f 2067/2067/2067 2064/2064/2064 2063/2063/2063
f 2063/2063/2063 2066/2066/2066 2067/2067/2067
f 2067/2067/2067 2068/2068/2068 2064/2064/2064
f 2069/2069/2069 2065/2065/2065 2057/2057/2057
f 2058/2058/2058 2069/2069/2069 2057/2057/2057
f 2070/2070/2070 2069/2069/2069 2058/2058/2058
f 2070/2070/2070 2071/2071/2071 2069/2069/2069
f 2069/2069/2069 2072/2072/2072 2065/2065/2065
f 2071/2071/2071 2072/2072/2072 2069/2069/2069
f 2066/2066/2066 2065/2065/2065 2072/2072/2072
f 2071/2071/2071 2073/2073/2073 2072/2072/2072
f 2066/2066/2066 2072/2072/2072 2074/2074/2074
f 2074/2074/2074 2072/2072/2072 2073/2073/2073
f 2067/2067/2067 2066/2066/2066 2074/2074/2074
f 2074/2074/2074 2073/2073/2073 2075/2075/2075
f 2076/2076/2076 2074/2074/2074 2075/2075/2075
f 2067/2067/2067 2074/2074/2074 2077/2077/2077
f 2076/2076/2076 2077/2077/2077 2074/2074/2074
f 2077/2077/2077 2068/2068/2068 2067/2067/2067
f 2077/2077/2077 2078/2078/2078 2068/2068/2068
f 2076/2076/2076 2078/2078/2078 2077/2077/2077
f 2076/2076/2076 2079/2079/2079 2078/2078/2078
f 680/680/680 2080/2080/2080 677/677/677
f 677/677/677 2080/2080/2080 681/681/681
f 683/683/683 2081/2081/2081 672/672/672
f 2081/2081/2081 664/664/664 672/672/672
f 683/683/683 682/682/682 2082/2082/2082
f 2081/2081/2081 683/683/683 2082/2082/2082
f 2081/2081/2081 2083/2083/2083 664/664/664
f 2081/2081/2081 2082/2082/2082 2083/2083/2083
f 664/664/664 2083/2083/2083 658/658/658
f 2083/2083/2083 2084/2084/2084 658/658/658
f 2083/2083/2083 2082/2082/2082 2084/2084/2084
f 661/661/661 658/658/658 2084/2084/2084
f 2082/2082/2082 682/682/682 2085/2085/2085
f 2082/2082/2082 2085/2085/2085 2084/2084/2084
f 682/682/682 681/681/681 2085/2085/2085
f 2086/2086/2086 661/661/661 2084/2084/2084
f 2086/2086/2086 2084/2084/2084 2085/2085/2085
f 661/661/661 2086/2086/2086 659/659/659
f 2086/2086/2086 665/665/665 659/659/659
f 2087/2087/2087 2086/2086/2086 2085/2085/2085
f 2086/2086/2086 2087/2087/2087 665/665/665
f 2087/2087/2087 2085/2085/2085 681/681/681
f 2087/2087/2087 668/668/668 665/665/665
f 2088/2088/2088 2087/2087/2087 681/681/681
f 2087/2087/2087 2088/2088/2088 668/668/668
f 2088/2088/2088 681/681/681 2080/2080/2080
f 2088/2088/2088 2080/2080/2080 2089/2089/2089
f 680/680/680 2089/2089/2089 2080/2080/2080
f 2090/2090/2090 668/668/668 2088/2088/2088
f 2088/2088/2088 2089/2089/2089 2090/2090/2090
f 2091/2091/2091 2089/2089/2089 680/680/680
f 679/679/679 2091/2091/2091 680/680/680
f 2090/2090/2090 2089/2089/2089 2092/2092/2092
f 2091/2091/2091 2092/2092/2092 2089/2089/2089
f 2090/2090/2090 2093/2093/2093 668/668/668
f 668/668/668 2093/2093/2093 670/670/670
f 2093/2093/2093 2094/2094/2094 670/670/670
f 2095/2095/2095 2093/2093/2093 2090/2090/2090
f 2090/2090/2090 2092/2092/2092 2095/2095/2095
f 2093/2093/2093 2096/2096/2096 2094/2094/2094
f 2095/2095/2095 2096/2096/2096 2093/2093/2093
f 2097/2097/2097 2094/2094/2094 2096/2096/2096
f 2097/2097/2097 2098/2098/2098 2094/2094/2094
f 2099/2099/2099 2096/2096/2096 2095/2095/2095
f 2099/2099/2099 2097/2097/2097 2096/2096/2096
f 2099/2099/2099 2095/2095/2095 2092/2092/2092
f 2100/2100/2100 2098/2098/2098 2097/2097/2097
f 2099/2099/2099 2100/2100/2100 2097/2097/2097
f 2100/2100/2100 2101/2101/2101 2098/2098/2098
f 2099/2099/2099 2092/2092/2092 2102/2102/2102
f 2091/2091/2091 2102/2102/2102 2092/2092/2092
f 2099/2099/2099 2103/2103/2103 2100/2100/2100
f 2104/2104/2104 2101/2101/2101 2100/2100/2100
f 2104/2104/2104 2100/2100/2100 2103/2103/2103
f 2104/2104/2104 2105/2105/2105 2101/2101/2101
f 2104/2104/2104 2106/2106/2106 2105/2105/2105
f 2091/2091/2091 2107/2107/2107 2102/2102/2102
f 679/679/679 2107/2107/2107 2091/2091/2091
f 679/679/679 616/616/616 2107/2107/2107
f 2108/2108/2108 2107/2107/2107 616/616/616
f 612/612/612 2108/2108/2108 616/616/616
f 620/620/620 2108/2108/2108 612/612/612
f 2108/2108/2108 2109/2109/2109 2107/2107/2107
f 620/620/620 2109/2109/2109 2108/2108/2108
f 2109/2109/2109 2102/2102/2102 2107/2107/2107
f 2109/2109/2109 2110/2110/2110 2102/2102/2102
f 2099/2099/2099 2102/2102/2102 2110/2110/2110
f 2099/2099/2099 2110/2110/2110 2103/2103/2103
f 2111/2111/2111 2110/2110/2110 2109/2109/2109
f 620/620/620 2111/2111/2111 2109/2109/2109
f 2103/2103/2103 2110/2110/2110 2112/2112/2112
f 2111/2111/2111 2112/2112/2112 2110/2110/2110
f 2103/2103/2103 2112/2112/2112 2113/2113/2113
f 2104/2104/2104 2103/2103/2103 2113/2113/2113
f 2114/2114/2114 2113/2113/2113 2112/2112/2112
f 2104/2104/2104 2113/2113/2113 2114/2114/2114
f 2115/2115/2115 2111/2111/2111 620/620/620
f 2115/2115/2115 620/620/620 617/617/617
f 2116/2116/2116 2112/2112/2112 2111/2111/2111
f 2115/2115/2115 2116/2116/2116 2111/2111/2111
f 2116/2116/2116 2117/2117/2117 2112/2112/2112
f 2114/2114/2114 2112/2112/2112 2117/2117/2117
f 617/617/617 2118/2118/2118 2115/2115/2115
f 609/609/609 2118/2118/2118 617/617/617
f 2119/2119/2119 2116/2116/2116 2115/2115/2115
f 2118/2118/2118 2119/2119/2119 2115/2115/2115
f 2120/2120/2120 2117/2117/2117 2116/2116/2116
f 2119/2119/2119 2120/2120/2120 2116/2116/2116
f 2121/2121/2121 2119/2119/2119 2118/2118/2118
f 2121/2121/2121 2120/2120/2120 2119/2119/2119
f 609/609/609 2121/2121/2121 2118/2118/2118
f 2120/2120/2120 2122/2122/2122 2117/2117/2117
f 2114/2114/2114 2117/2117/2117 2122/2122/2122
f 2123/2123/2123 2120/2120/2120 2121/2121/2121
f 2123/2123/2123 2122/2122/2122 2120/2120/2120
f 2124/2124/2124 2121/2121/2121 609/609/609
f 2124/2124/2124 2123/2123/2123 2121/2121/2121
f 607/607/607 2124/2124/2124 609/609/609
f 611/611/611 2124/2124/2124 607/607/607
f 611/611/611 2125/2125/2125 2124/2124/2124
f 2125/2125/2125 2123/2123/2123 2124/2124/2124
f 640/640/640 2125/2125/2125 611/611/611
f 2125/2125/2125 2126/2126/2126 2123/2123/2123
f 640/640/640 2126/2126/2126 2125/2125/2125
f 2126/2126/2126 2122/2122/2122 2123/2123/2123
f 640/640/640 2127/2127/2127 2126/2126/2126
f 2127/2127/2127 640/640/640 641/641/641
f 2127/2127/2127 641/641/641 2128/2128/2128
f 2126/2126/2126 2129/2129/2129 2122/2122/2122
f 2127/2127/2127 2129/2129/2129 2126/2126/2126
f 2114/2114/2114 2122/2122/2122 2129/2129/2129
f 2130/2130/2130 2127/2127/2127 2128/2128/2128
f 2127/2127/2127 2130/2130/2130 2129/2129/2129
f 2130/2130/2130 2128/2128/2128 2131/2131/2131
f 2130/2130/2130 2131/2131/2131 2106/2106/2106
f 2132/2132/2132 2129/2129/2129 2130/2130/2130
f 2132/2132/2132 2114/2114/2114 2129/2129/2129
f 2130/2130/2130 2106/2106/2106 2132/2132/2132
f 2104/2104/2104 2114/2114/2114 2132/2132/2132
f 2104/2104/2104 2132/2132/2132 2106/2106/2106
f 2133/2133/2133 2025/2025/2025 2134/2134/2134
f 2135/2135/2135 2136/2136/2136 2133/2133/2133
f 2135/2135/2135 2133/2133/2133 2137/2137/2137
f 2133/2133/2133 2134/2134/2134 2137/2137/2137
f 2137/2137/2137 2134/2134/2134 2138/2138/2138
f 2137/2137/2137 2138/2138/2138 2139/2139/2139
f 2140/2140/2140 2137/2137/2137 2139/2139/2139
f 2140/2140/2140 2141/2141/2141 2137/2137/2137
f 2142/2142/2142 2143/2143/2143 2144/2144/2144
f 2142/2142/2142 2145/2145/2145 2143/2143/2143
f 2146/2146/2146 2147/2147/2147 2148/2148/2148
f 2149/2149/2149 2148/2148/2148 2147/2147/2147
f 2149/2149/2149 2150/2150/2150 2148/2148/2148
f 2146/2146/2146 2148/2148/2148 2151/2151/2151
f 2151/2151/2151 2152/2152/2152 2153/2153/2153
f 2154/2154/2154 2153/2153/2153 2152/2152/2152
f 2154/2154/2154 2155/2155/2155 2153/2153/2153
f 2151/2151/2151 2153/2153/2153 2156/2156/2156
f 2157/2157/2157 2158/2158/2158 2156/2156/2156
f 2157/2157/2157 2156/2156/2156 2159/2159/2159
f 2160/2160/2160 2157/2157/2157 2159/2159/2159
f 2160/2160/2160 2159/2159/2159 2161/2161/2161
f 2162/2162/2162 2158/2158/2158 2157/2157/2157
f 2162/2162/2162 574/574/574 2158/2158/2158
f 2163/2163/2163 2162/2162/2162 2157/2157/2157
f 2163/2163/2163 2157/2157/2157 2164/2164/2164
f 254/254/254 2165/2165/2165 252/252/252
f 2166/2166/2166 2165/2165/2165 254/254/254
f 2166/2166/2166 2167/2167/2167 2165/2165/2165
f 2168/2168/2168 2167/2167/2167 2166/2166/2166
f 2168/2168/2168 2169/2169/2169 2167/2167/2167
f 2169/2169/2169 2168/2168/2168 2170/2170/2170
f 2170/2170/2170 2171/2171/2171 2169/2169/2169
f 2171/2171/2171 2172/2172/2172 2169/2169/2169
f 2172/2172/2172 2173/2173/2173 2169/2169/2169
f 2173/2173/2173 2174/2174/2174 2169/2169/2169
f 2175/2175/2175 2169/2169/2169 2174/2174/2174
f 2174/2174/2174 2176/2176/2176 2175/2175/2175
f 2176/2176/2176 2177/2177/2177 2175/2175/2175
f 2177/2177/2177 2178/2178/2178 2175/2175/2175
f 2178/2178/2178 2179/2179/2179 2175/2175/2175
f 2179/2179/2179 2180/2180/2180 2175/2175/2175
f 2180/2180/2180 2181/2181/2181 2175/2175/2175
f 2180/2180/2180 2182/2182/2182 2181/2181/2181
f 2183/2183/2183 2181/2181/2181 2182/2182/2182
f 2183/2183/2183 2184/2184/2184 2181/2181/2181
f 2185/2185/2185 2184/2184/2184 2183/2183/2183
f 2185/2185/2185 2186/2186/2186 2184/2184/2184
f 2187/2187/2187 2186/2186/2186 2185/2185/2185
f 2187/2187/2187 2188/2188/2188 2186/2186/2186
f 2189/2189/2189 2188/2188/2188 2187/2187/2187
f 2189/2189/2189 2190/2190/2190 2188/2188/2188
f 2190/2190/2190 2189/2189/2189 2191/2191/2191
f 2190/2190/2190 2191/2191/2191 2192/2192/2192
f 2192/2192/2192 2193/2193/2193 2190/2190/2190
f 2192/2192/2192 2194/2194/2194 2193/2193/2193
f 2195/2195/2195 2196/2196/2196 2197/2197/2197
f 2195/2195/2195 2198/2198/2198 2196/2196/2196
f 2199/2199/2199 2200/2200/2200 2201/2201/2201
f 2199/2199/2199 2202/2202/2202 2200/2200/2200
f 2203/2203/2203 2204/2204/2204 2205/2205/2205
f 2203/2203/2203 2206/2206/2206 2204/2204/2204
f 2207/2207/2207 2208/2208/2208 2209/2209/2209
f 2207/2207/2207 2210/2210/2210 2208/2208/2208
f 2211/2211/2211 2212/2212/2212 2213/2213/2213
f 2211/2211/2211 2214/2214/2214 2212/2212/2212
f 2215/2215/2215 2216/2216/2216 2217/2217/2217
f 2215/2215/2215 2218/2218/2218 2216/2216/2216
f 2219/2219/2219 2220/2220/2220 2221/2221/2221
f 2219/2219/2219 2222/2222/2222 2220/2220/2220
f 2223/2223/2223 2224/2224/2224 2138/2138/2138
f 2225/2225/2225 2224/2224/2224 2223/2223/2223
f 2225/2225/2225 2223/2223/2223 2226/2226/2226
f 2223/2223/2223 2138/2138/2138 2227/2227/2227
f 2228/2228/2228 2227/2227/2227 2229/2229/2229
f 2228/2228/2228 2230/2230/2230 2227/2227/2227
f 2231/2231/2231 2230/2230/2230 2228/2228/2228
f 2231/2231/2231 2232/2232/2232 2230/2230/2230
f 2233/2233/2233 2229/2229/2229 2234/2234/2234
f 2233/2233/2233 2234/2234/2234 2235/2235/2235
f 2236/2236/2236 2233/2233/2233 2235/2235/2235
f 2236/2236/2236 2235/2235/2235 2237/2237/2237
f 2238/2238/2238 2234/2234/2234 2239/2239/2239
f 2238/2238/2238 2239/2239/2239 2240/2240/2240
f 2241/2241/2241 2238/2238/2238 2240/2240/2240
f 2241/2241/2241 2242/2242/2242 2238/2238/2238
f 2243/2243/2243 2239/2239/2239 2244/2244/2244
f 2243/2243/2243 2244/2244/2244 2245/2245/2245
f 2246/2246/2246 2243/2243/2243 2245/2245/2245
f 2246/2246/2246 2245/2245/2245 2247/2247/2247
f 2248/2248/2248 2249/2249/2249 2244/2244/2244
f 2250/2250/2250 2251/2251/2251 2249/2249/2249
f 2250/2250/2250 2249/2249/2249 2248/2248/2248
f 2248/2248/2248 2244/2244/2244 2252/2252/2252
f 2253/2253/2253 2248/2248/2248 2252/2252/2252
f 2253/2253/2253 2252/2252/2252 2254/2254/2254
f 2255/2255/2255 2248/2248/2248 2253/2253/2253
f 2255/2255/2255 2256/2256/2256 2248/2248/2248
f 2257/2257/2257 2258/2258/2258 2259/2259/2259
f 2257/2257/2257 2260/2260/2260 2258/2258/2258
f 2261/2261/2261 2262/2262/2262 2263/2263/2263
f 2263/2263/2263 1948/1948/1948 2261/2261/2261
f 2261/2261/2261 2264/2264/2264 2262/2262/2262
f 1948/1948/1948 2263/2263/2263 1947/1947/1947
f 2264/2264/2264 2265/2265/2265 2262/2262/2262
f 2266/2266/2266 2262/2262/2262 2265/2265/2265
f 2266/2266/2266 2267/2267/2267 2262/2262/2262
f 2268/2268/2268 2267/2267/2267 2266/2266/2266
f 2268/2268/2268 2269/2269/2269 2267/2267/2267
f 2270/2270/2270 2269/2269/2269 2268/2268/2268
f 2270/2270/2270 2271/2271/2271 2269/2269/2269
f 2272/2272/2272 2271/2271/2271 2270/2270/2270
f 2272/2272/2272 2273/2273/2273 2271/2271/2271
f 2274/2274/2274 2273/2273/2273 2272/2272/2272
f 2274/2274/2274 2275/2275/2275 2273/2273/2273
f 2275/2275/2275 2274/2274/2274 2276/2276/2276
f 2275/2275/2275 2276/2276/2276 2277/2277/2277
f 2277/2277/2277 2278/2278/2278 2275/2275/2275
f 2278/2278/2278 2279/2279/2279 2275/2275/2275
f 2279/2279/2279 2280/2280/2280 2275/2275/2275
f 228/228/228 2275/2275/2275 2280/2280/2280
f 2280/2280/2280 2281/2281/2281 228/228/228
f 2281/2281/2281 2282/2282/2282 228/228/228
f 2283/2283/2283 228/228/228 2282/2282/2282
f 2283/2283/2283 2284/2284/2284 228/228/228
f 2285/2285/2285 228/228/228 2284/2284/2284
f 2285/2285/2285 226/226/226 228/228/228
f 2286/2286/2286 2287/2287/2287 2288/2288/2288
f 2286/2286/2286 2289/2289/2289 2287/2287/2287
f 2290/2290/2290 2291/2291/2291 2292/2292/2292
f 2290/2290/2290 2293/2293/2293 2291/2291/2291
f 2294/2294/2294 346/346/346 347/347/347
f 327/327/327 345/345/345 319/319/319
f 345/345/345 313/313/313 319/319/319
f 347/347/347 327/327/327 2295/2295/2295
f 325/325/325 2295/2295/2295 327/327/327
f 347/347/347 2295/2295/2295 2296/2296/2296
f 347/347/347 2296/2296/2296 2297/2297/2297
f 347/347/347 2297/2297/2297 2298/2298/2298
f 347/347/347 2298/2298/2298 2299/2299/2299
f 347/347/347 2299/2299/2299 2300/2300/2300
f 2299/2299/2299 2301/2301/2301 2300/2300/2300
f 2301/2301/2301 2302/2302/2302 2300/2300/2300
f 2301/2301/2301 2303/2303/2303 2302/2302/2302
f 2303/2303/2303 2304/2304/2304 2302/2302/2302
f 2303/2303/2303 2305/2305/2305 2304/2304/2304
f 2303/2303/2303 2306/2306/2306 2305/2305/2305
f 2307/2307/2307 2305/2305/2305 2306/2306/2306
f 2307/2307/2307 2308/2308/2308 2305/2305/2305
f 2309/2309/2309 2308/2308/2308 2307/2307/2307
f 2309/2309/2309 2310/2310/2310 2308/2308/2308
f 2310/2310/2310 2309/2309/2309 2311/2311/2311
f 2310/2310/2310 2311/2311/2311 2312/2312/2312
f 2312/2312/2312 2311/2311/2311 2313/2313/2313
f 2314/2314/2314 2312/2312/2312 2313/2313/2313
f 2314/2314/2314 2313/2313/2313 296/296/296
f 2313/2313/2313 2315/2315/2315 296/296/296
f 2316/2316/2316 2314/2314/2314 296/296/296
f 2315/2315/2315 2317/2317/2317 296/296/296
f 2318/2318/2318 2316/2316/2316 296/296/296
f 2317/2317/2317 2319/2319/2319 296/296/296
f 296/296/296 2320/2320/2320 2318/2318/2318
f 2319/2319/2319 298/298/298 296/296/296
f 296/296/296 295/295/295 2320/2320/2320
f 295/295/295 2321/2321/2321 2320/2320/2320
f 2320/2320/2320 2321/2321/2321 2322/2322/2322
f 2321/2321/2321 2323/2323/2323 2322/2322/2322
f 2323/2323/2323 2324/2324/2324 2322/2322/2322
f 2323/2323/2323 2325/2325/2325 2324/2324/2324
f 2325/2325/2325 2326/2326/2326 2324/2324/2324
f 2325/2325/2325 2327/2327/2327 2326/2326/2326
f 2327/2327/2327 2328/2328/2328 2326/2326/2326
f 2327/2327/2327 2329/2329/2329 2328/2328/2328
f 2327/2327/2327 2330/2330/2330 2329/2329/2329
f 2331/2331/2331 2329/2329/2329 2330/2330/2330
f 2331/2331/2331 2330/2330/2330 2332/2332/2332
f 2333/2333/2333 2331/2331/2331 2332/2332/2332
f 2333/2333/2333 2332/2332/2332 2334/2334/2334
f 2335/2335/2335 2333/2333/2333 2334/2334/2334
f 2335/2335/2335 2334/2334/2334 2336/2336/2336
f 2335/2335/2335 2336/2336/2336 2337/2337/2337
f 2338/2338/2338 2335/2335/2335 2337/2337/2337
f 2337/2337/2337 2339/2339/2339 2338/2338/2338
f 2338/2338/2338 2339/2339/2339 2340/2340/2340
f 2339/2339/2339 2341/2341/2341 2340/2340/2340
f 2339/2339/2339 2342/2342/2342 2341/2341/2341
f 2342/2342/2342 2343/2343/2343 2341/2341/2341
f 2343/2343/2343 2344/2344/2344 2341/2341/2341
f 2345/2345/2345 2340/2340/2340 2341/2341/2341
f 2344/2344/2344 2346/2346/2346 2341/2341/2341
f 347/347/347 2300/2300/2300 2345/2345/2345
f 2341/2341/2341 347/347/347 2345/2345/2345
f 347/347/347 2341/2341/2341 2294/2294/2294
f 2341/2341/2341 2347/2347/2347 2294/2294/2294
f 2348/2348/2348 2341/2341/2341 2346/2346/2346
f 2349/2349/2349 2347/2347/2347 2341/2341/2341
f 2348/2348/2348 2349/2349/2349 2341/2341/2341
f 2349/2349/2349 2350/2350/2350 2347/2347/2347
f 2348/2348/2348 2346/2346/2346 2351/2351/2351
f 2350/2350/2350 2349/2349/2349 2352/2352/2352
f 2350/2350/2350 2352/2352/2352 2353/2353/2353
f 2349/2349/2349 2348/2348/2348 2354/2354/2354
f 2349/2349/2349 2354/2354/2354 2352/2352/2352
f 2348/2348/2348 2351/2351/2351 2355/2355/2355
f 2348/2348/2348 2356/2356/2356 2354/2354/2354
f 2348/2348/2348 2355/2355/2355 2356/2356/2356
f 2357/2357/2357 2355/2355/2355 2351/2351/2351
f 2357/2357/2357 2351/2351/2351 2358/2358/2358
f 2359/2359/2359 2356/2356/2356 2355/2355/2355
f 2359/2359/2359 2355/2355/2355 2357/2357/2357
f 2354/2354/2354 2356/2356/2356 2360/2360/2360
f 2359/2359/2359 2360/2360/2360 2356/2356/2356
f 2352/2352/2352 2354/2354/2354 2361/2361/2361
f 2354/2354/2354 2360/2360/2360 2361/2361/2361
f 2353/2353/2353 2352/2352/2352 2362/2362/2362
f 2352/2352/2352 2361/2361/2361 2362/2362/2362
f 2353/2353/2353 2362/2362/2362 2363/2363/2363
f 2363/2363/2363 2362/2362/2362 2364/2364/2364
f 2363/2363/2363 2364/2364/2364 2365/2365/2365
f 2362/2362/2362 2361/2361/2361 2366/2366/2366
f 2362/2362/2362 2366/2366/2366 2364/2364/2364
f 2365/2365/2365 2364/2364/2364 2367/2367/2367
f 2366/2366/2366 2367/2367/2367 2364/2364/2364
f 2365/2365/2365 2367/2367/2367 2368/2368/2368
f 2361/2361/2361 2369/2369/2369 2366/2366/2366
f 2361/2361/2361 2360/2360/2360 2369/2369/2369
f 2370/2370/2370 2371/2371/2371 2368/2368/2368
f 2370/2370/2370 2368/2368/2368 2367/2367/2367
f 2367/2367/2367 2372/2372/2372 2370/2370/2370
f 2367/2367/2367 2373/2373/2373 2372/2372/2372
f 2374/2374/2374 2373/2373/2373 2367/2367/2367
f 2366/2366/2366 2375/2375/2375 2367/2367/2367
f 2367/2367/2367 2375/2375/2375 2374/2374/2374
f 2369/2369/2369 2375/2375/2375 2366/2366/2366
f 2375/2375/2375 2376/2376/2376 2374/2374/2374
f 2376/2376/2376 2377/2377/2377 2374/2374/2374
f 2376/2376/2376 2375/2375/2375 2378/2378/2378
f 2369/2369/2369 2378/2378/2378 2375/2375/2375
f 2376/2376/2376 2378/2378/2378 2379/2379/2379
f 2380/2380/2380 2378/2378/2378 2369/2369/2369
f 2380/2380/2380 2369/2369/2369 2360/2360/2360
f 2379/2379/2379 2378/2378/2378 2381/2381/2381
f 2380/2380/2380 2381/2381/2381 2378/2378/2378
f 2379/2379/2379 2381/2381/2381 2382/2382/2382
f 2381/2381/2381 2383/2383/2383 2382/2382/2382
f 2380/2380/2380 2360/2360/2360 2384/2384/2384
f 2359/2359/2359 2384/2384/2384 2360/2360/2360
f 2385/2385/2385 2381/2381/2381 2380/2380/2380
f 2385/2385/2385 2380/2380/2380 2384/2384/2384
f 2381/2381/2381 2386/2386/2386 2383/2383/2383
f 2385/2385/2385 2386/2386/2386 2381/2381/2381
f 2386/2386/2386 291/291/291 2383/2383/2383
f 2387/2387/2387 2384/2384/2384 2359/2359/2359
f 2387/2387/2387 2359/2359/2359 2357/2357/2357
f 2385/2385/2385 2384/2384/2384 2388/2388/2388
f 2387/2387/2387 2388/2388/2388 2384/2384/2384
f 2389/2389/2389 2386/2386/2386 2385/2385/2385
f 2389/2389/2389 2385/2385/2385 2388/2388/2388
f 2389/2389/2389 2390/2390/2390 2386/2386/2386
f 2386/2386/2386 2390/2390/2390 291/291/291
f 2389/2389/2389 2388/2388/2388 2391/2391/2391
f 2390/2390/2390 2389/2389/2389 2391/2391/2391
f 2392/2392/2392 2388/2388/2388 2387/2387/2387
f 2392/2392/2392 2391/2391/2391 2388/2388/2388
f 2387/2387/2387 2357/2357/2357 2393/2393/2393
f 2392/2392/2392 2387/2387/2387 2393/2393/2393
f 2393/2393/2393 2357/2357/2357 2358/2358/2358
f 2393/2393/2393 2358/2358/2358 2394/2394/2394
f 2392/2392/2392 2393/2393/2393 2395/2395/2395
f 2391/2391/2391 2392/2392/2392 2395/2395/2395
f 2395/2395/2395 2393/2393/2393 2394/2394/2394
f 2390/2390/2390 2391/2391/2391 2395/2395/2395
f 2395/2395/2395 2394/2394/2394 2396/2396/2396
f 2395/2395/2395 2396/2396/2396 2390/2390/2390
f 292/292/292 2390/2390/2390 2396/2396/2396
f 291/291/291 2390/2390/2390 292/292/292
f 2397/2397/2397 2398/2398/2398 2399/2399/2399
f 2397/2397/2397 2400/2400/2400 2398/2398/2398
f 2401/2401/2401 2402/2402/2402 2403/2403/2403
f 2403/2403/2403 2402/2402/2402 2404/2404/2404
f 2401/2401/2401 2403/2403/2403 2405/2405/2405
f 2401/2401/2401 2405/2405/2405 2406/2406/2406
f 2407/2407/2407 2405/2405/2405 2403/2403/2403
f 2403/2403/2403 2404/2404/2404 2407/2407/2407
f 2407/2407/2407 2408/2408/2408 2405/2405/2405
f 2409/2409/2409 2408/2408/2408 2407/2407/2407
f 2409/2409/2409 2410/2410/2410 2408/2408/2408
f 2407/2407/2407 2411/2411/2411 2409/2409/2409
f 2407/2407/2407 2404/2404/2404 2411/2411/2411
f 2404/2404/2404 2412/2412/2412 2411/2411/2411
f 2404/2404/2404 2413/2413/2413 2412/2412/2412
f 2404/2404/2404 2414/2414/2414 2413/2413/2413
f 2404/2404/2404 2402/2402/2402 2414/2414/2414
f 2415/2415/2415 2414/2414/2414 2402/2402/2402
f 2401/2401/2401 2415/2415/2415 2402/2402/2402
f 2415/2415/2415 2416/2416/2416 2414/2414/2414
f 2415/2415/2415 2417/2417/2417 2416/2416/2416
f 2418/2418/2418 2415/2415/2415 2401/2401/2401
f 2418/2418/2418 2401/2401/2401 2406/2406/2406
f 2418/2418/2418 2406/2406/2406 2419/2419/2419
f 2418/2418/2418 2420/2420/2420 2415/2415/2415
f 2415/2415/2415 2420/2420/2420 2417/2417/2417
f 2421/2421/2421 2418/2418/2418 2419/2419/2419
f 2421/2421/2421 2420/2420/2420 2418/2418/2418
f 2421/2421/2421 2419/2419/2419 2422/2422/2422
f 2423/2423/2423 2417/2417/2417 2420/2420/2420
f 2421/2421/2421 2423/2423/2423 2420/2420/2420
f 2423/2423/2423 2424/2424/2424 2417/2417/2417
f 2425/2425/2425 2421/2421/2421 2422/2422/2422
f 2423/2423/2423 2421/2421/2421 2425/2425/2425
f 2425/2425/2425 2422/2422/2422 2426/2426/2426
f 2427/2427/2427 2424/2424/2424 2423/2423/2423
f 2423/2423/2423 2425/2425/2425 2427/2427/2427
f 2427/2427/2427 2428/2428/2428 2424/2424/2424
f 2429/2429/2429 2428/2428/2428 2427/2427/2427
f 2429/2429/2429 2427/2427/2427 2425/2425/2425
f 2429/2429/2429 2430/2430/2430 2428/2428/2428
f 2431/2431/2431 2425/2425/2425 2426/2426/2426
f 2429/2429/2429 2425/2425/2425 2431/2431/2431
f 2431/2431/2431 2426/2426/2426 2432/2432/2432
f 2431/2431/2431 2432/2432/2432 2433/2433/2433
f 2431/2431/2431 2433/2433/2433 2434/2434/2434
f 2429/2429/2429 2431/2431/2431 2434/2434/2434
f 2434/2434/2434 2433/2433/2433 2435/2435/2435
f 2436/2436/2436 2430/2430/2430 2429/2429/2429
f 2429/2429/2429 2434/2434/2434 2436/2436/2436
f 2436/2436/2436 2437/2437/2437 2430/2430/2430
f 2436/2436/2436 2438/2438/2438 2437/2437/2437
f 2436/2436/2436 2439/2439/2439 2438/2438/2438
f 2439/2439/2439 2436/2436/2436 2434/2434/2434
f 2439/2439/2439 2440/2440/2440 2438/2438/2438
f 2434/2434/2434 2435/2435/2435 2441/2441/2441
f 2439/2439/2439 2434/2434/2434 2441/2441/2441
f 2441/2441/2441 2435/2435/2435 2442/2442/2442
f 2439/2439/2439 2443/2443/2443 2440/2440/2440
f 2443/2443/2443 2439/2439/2439 2441/2441/2441
f 2444/2444/2444 2440/2440/2440 2443/2443/2443
f 2444/2444/2444 2445/2445/2445 2440/2440/2440
f 2443/2443/2443 2441/2441/2441 2446/2446/2446
f 2441/2441/2441 2442/2442/2442 2446/2446/2446
f 2444/2444/2444 2443/2443/2443 2446/2446/2446
f 2446/2446/2446 2442/2442/2442 2447/2447/2447
f 2444/2444/2444 1012/1012/1012 2445/2445/2445
f 2446/2446/2446 2447/2447/2447 2448/2448/2448
f 2444/2444/2444 2446/2446/2446 2448/2448/2448
f 2448/2448/2448 2447/2447/2447 1008/1008/1008
f 2444/2444/2444 2449/2449/2449 1012/1012/1012
f 2449/2449/2449 2444/2444/2444 2448/2448/2448
f 1009/1009/1009 1012/1012/1012 2449/2449/2449
f 2449/2449/2449 2448/2448/2448 1007/1007/1007
f 2448/2448/2448 1008/1008/1008 1007/1007/1007
f 1009/1009/1009 2449/2449/2449 1007/1007/1007
f 2450/2450/2450 2451/2451/2451 2452/2452/2452
f 2450/2450/2450 2453/2453/2453 2451/2451/2451
f 2454/2454/2454 2455/2455/2455 2456/2456/2456
f 2454/2454/2454 2457/2457/2457 2455/2455/2455
f 2458/2458/2458 2459/2459/2459 2460/2460/2460
f 2458/2458/2458 2461/2461/2461 2459/2459/2459
f 2462/2462/2462 2463/2463/2463 2464/2464/2464
f 2462/2462/2462 2465/2465/2465 2463/2463/2463
f 2466/2466/2466 2467/2467/2467 2468/2468/2468
f 2466/2466/2466 2469/2469/2469 2467/2467/2467
f 2470/2470/2470 2471/2471/2471 2472/2472/2472
f 2470/2470/2470 2473/2473/2473 2471/2471/2471
f 2474/2474/2474 2473/2473/2473 2470/2470/2470
f 2474/2474/2474 2470/2470/2470 2475/2475/2475
f 2476/2476/2476 2477/2477/2477 2478/2478/2478
f 2476/2476/2476 2479/2479/2479 2477/2477/2477
f 2480/2480/2480 2481/2481/2481 2482/2482/2482
f 2480/2480/2480 2483/2483/2483 2481/2481/2481
f 2484/2484/2484 2485/2485/2485 2486/2486/2486
f 2484/2484/2484 2487/2487/2487 2485/2485/2485
f 2488/2488/2488 2489/2489/2489 2490/2490/2490
f 2488/2488/2488 2491/2491/2491 2489/2489/2489
f 2492/2492/2492 2493/2493/2493 2494/2494/2494
f 2492/2492/2492 2495/2495/2495 2493/2493/2493
f 2496/2496/2496 2497/2497/2497 2498/2498/2498
f 2496/2496/2496 2499/2499/2499 2497/2497/2497
f 2500/2500/2500 2501/2501/2501 2502/2502/2502
f 2500/2500/2500 2503/2503/2503 2501/2501/2501
f 2504/2504/2504 2505/2505/2505 2506/2506/2506
f 2504/2504/2504 2507/2507/2507 2505/2505/2505
f 2508/2508/2508 2509/2509/2509 2510/2510/2510
f 2508/2508/2508 2511/2511/2511 2509/2509/2509
f 2512/2512/2512 2513/2513/2513 2514/2514/2514
f 2512/2512/2512 2515/2515/2515 2513/2513/2513
f 2516/2516/2516 2517/2517/2517 2518/2518/2518
f 2516/2516/2516 2519/2519/2519 2517/2517/2517
f 2520/2520/2520 2521/2521/2521 2522/2522/2522
f 2520/2520/2520 2523/2523/2523 2521/2521/2521
f 2524/2524/2524 2525/2525/2525 2526/2526/2526
f 2524/2524/2524 2527/2527/2527 2525/2525/2525
f 2528/2528/2528 2529/2529/2529 2530/2530/2530
f 2528/2528/2528 2531/2531/2531 2529/2529/2529
f 2532/2532/2532 2533/2533/2533 2534/2534/2534
f 2532/2532/2532 2535/2535/2535 2533/2533/2533
f 2536/2536/2536 2537/2537/2537 2538/2538/2538
f 2536/2536/2536 2539/2539/2539 2537/2537/2537
f 2540/2540/2540 2541/2541/2541 2542/2542/2542
f 2540/2540/2540 2543/2543/2543 2541/2541/2541
f 2544/2544/2544 2545/2545/2545 2546/2546/2546
f 2544/2544/2544 2547/2547/2547 2545/2545/2545
f 2548/2548/2548 2549/2549/2549 2550/2550/2550
f 2548/2548/2548 2551/2551/2551 2549/2549/2549
f 2552/2552/2552 2553/2553/2553 2554/2554/2554
f 2552/2552/2552 2555/2555/2555 2553/2553/2553
f 2556/2556/2556 2557/2557/2557 2558/2558/2558
f 2556/2556/2556 2559/2559/2559 2557/2557/2557
f 2560/2560/2560 2561/2561/2561 2562/2562/2562
f 2560/2560/2560 2563/2563/2563 2561/2561/2561
f 2564/2564/2564 2565/2565/2565 2566/2566/2566
f 2564/2564/2564 2567/2567/2567 2565/2565/2565
f 2568/2568/2568 2569/2569/2569 2570/2570/2570
f 2568/2568/2568 2571/2571/2571 2569/2569/2569
f 2572/2572/2572 2573/2573/2573 2574/2574/2574
f 2572/2572/2572 2575/2575/2575 2573/2573/2573
f 2576/2576/2576 2577/2577/2577 2578/2578/2578
f 2576/2576/2576 2579/2579/2579 2577/2577/2577
f 2580/2580/2580 2581/2581/2581 2582/2582/2582
f 2580/2580/2580 2583/2583/2583 2581/2581/2581
f 2584/2584/2584 2585/2585/2585 2586/2586/2586
f 2584/2584/2584 2587/2587/2587 2585/2585/2585
f 2588/2588/2588 2589/2589/2589 2590/2590/2590
f 2588/2588/2588 2591/2591/2591 2589/2589/2589
f 2592/2592/2592 2593/2593/2593 2594/2594/2594
f 2592/2592/2592 2595/2595/2595 2593/2593/2593
f 2596/2596/2596 2597/2597/2597 2598/2598/2598
f 2596/2596/2596 2599/2599/2599 2597/2597/2597
f 2600/2600/2600 2601/2601/2601 2602/2602/2602
f 2600/2600/2600 2603/2603/2603 2601/2601/2601
f 2604/2604/2604 2605/2605/2605 2606/2606/2606
f 2604/2604/2604 2607/2607/2607 2605/2605/2605
f 2608/2608/2608 2609/2609/2609 2610/2610/2610
f 2608/2608/2608 2611/2611/2611 2609/2609/2609
f 2612/2612/2612 2613/2613/2613 2614/2614/2614
f 2612/2612/2612 2615/2615/2615 2613/2613/2613
f 2616/2616/2616 2617/2617/2617 2618/2618/2618
f 2616/2616/2616 2619/2619/2619 2617/2617/2617
f 2620/2620/2620 2621/2621/2621 2622/2622/2622
f 2620/2620/2620 2623/2623/2623 2621/2621/2621
f 2624/2624/2624 2625/2625/2625 2626/2626/2626
f 2624/2624/2624 2627/2627/2627 2625/2625/2625
f 2628/2628/2628 2629/2629/2629 2630/2630/2630
f 2629/2629/2629 2631/2631/2631 2630/2630/2630
f 2632/2632/2632 2629/2629/2629 2628/2628/2628
f 2633/2633/2633 2634/2634/2634 2635/2635/2635
f 2633/2633/2633 2636/2636/2636 2634/2634/2634
f 2637/2637/2637 2638/2638/2638 2639/2639/2639
f 2637/2637/2637 2640/2640/2640 2638/2638/2638
f 2641/2641/2641 2642/2642/2642 2643/2643/2643
f 2643/2643/2643 2642/2642/2642 2644/2644/2644
f 2643/2643/2643 2644/2644/2644 2645/2645/2645
f 2641/2641/2641 2646/2646/2646 2642/2642/2642
f 2647/2647/2647 2646/2646/2646 2641/2641/2641
f 2647/2647/2647 2648/2648/2648 2646/2646/2646
f 2647/2647/2647 2649/2649/2649 2648/2648/2648
f 2647/2647/2647 2650/2650/2650 2649/2649/2649
f 2650/2650/2650 2651/2651/2651 2649/2649/2649
f 2650/2650/2650 2652/2652/2652 2651/2651/2651
f 2652/2652/2652 2653/2653/2653 2651/2651/2651
f 2652/2652/2652 2654/2654/2654 2653/2653/2653
f 2654/2654/2654 2655/2655/2655 2653/2653/2653
f 2654/2654/2654 2656/2656/2656 2655/2655/2655
f 2656/2656/2656 2657/2657/2657 2655/2655/2655
f 2656/2656/2656 2658/2658/2658 2659/2659/2659
f 2660/2660/2660 2661/2661/2661 2662/2662/2662
f 2660/2660/2660 2663/2663/2663 2661/2661/2661
f 2664/2664/2664 2665/2665/2665 2666/2666/2666
f 2664/2664/2664 2667/2667/2667 2665/2665/2665
f 2668/2668/2668 2669/2669/2669 2670/2670/2670
f 2668/2668/2668 2671/2671/2671 2669/2669/2669
f 2672/2672/2672 2673/2673/2673 2674/2674/2674
f 2672/2672/2672 2675/2675/2675 2673/2673/2673
f 2676/2676/2676 2677/2677/2677 2678/2678/2678
f 2676/2676/2676 2679/2679/2679 2677/2677/2677
f 2680/2680/2680 2681/2681/2681 2682/2682/2682
f 2680/2680/2680 2683/2683/2683 2681/2681/2681
f 2684/2684/2684 2685/2685/2685 2686/2686/2686
f 2684/2684/2684 2687/2687/2687 2685/2685/2685
f 2688/2688/2688 2689/2689/2689 2690/2690/2690
f 2688/2688/2688 2691/2691/2691 2689/2689/2689
f 2692/2692/2692 2691/2691/2691 2688/2688/2688
f 2692/2692/2692 2693/2693/2693 2691/2691/2691
f 2694/2694/2694 2693/2693/2693 2692/2692/2692
f 2694/2694/2694 2695/2695/2695 2693/2693/2693
f 2696/2696/2696 2695/2695/2695 2694/2694/2694
f 2696/2696/2696 2697/2697/2697 2695/2695/2695
f 2698/2698/2698 2697/2697/2697 2696/2696/2696
f 2698/2698/2698 2699/2699/2699 2697/2697/2697
f 2700/2700/2700 2699/2699/2699 2698/2698/2698
f 2700/2700/2700 2701/2701/2701 2699/2699/2699
f 2702/2702/2702 2701/2701/2701 2700/2700/2700
f 2702/2702/2702 2703/2703/2703 2701/2701/2701
f 2704/2704/2704 2703/2703/2703 2702/2702/2702
f 2704/2704/2704 2702/2702/2702 2705/2705/2705
f 2706/2706/2706 2707/2707/2707 2708/2708/2708
f 2706/2706/2706 2709/2709/2709 2707/2707/2707
f 2710/2710/2710 2711/2711/2711 2712/2712/2712
f 2710/2710/2710 2713/2713/2713 2711/2711/2711
f 2714/2714/2714 2715/2715/2715 2716/2716/2716
f 2714/2714/2714 2717/2717/2717 2715/2715/2715
f 2718/2718/2718 2719/2719/2719 2720/2720/2720
f 2718/2718/2718 2721/2721/2721 2719/2719/2719
f 2722/2722/2722 2723/2723/2723 2724/2724/2724
f 2722/2722/2722 2725/2725/2725 2723/2723/2723
f 2726/2726/2726 2727/2727/2727 2728/2728/2728
f 2726/2726/2726 2729/2729/2729 2727/2727/2727
f 2730/2730/2730 2731/2731/2731 2732/2732/2732
f 2730/2730/2730 2733/2733/2733 2731/2731/2731
f 2734/2734/2734 2735/2735/2735 2736/2736/2736
f 2734/2734/2734 2737/2737/2737 2735/2735/2735
f 2738/2738/2738 2739/2739/2739 2740/2740/2740
f 2738/2738/2738 2741/2741/2741 2739/2739/2739
f 2742/2742/2742 2743/2743/2743 2744/2744/2744
f 2742/2742/2742 2745/2745/2745 2743/2743/2743
f 2746/2746/2746 2747/2747/2747 2748/2748/2748
f 2746/2746/2746 2749/2749/2749 2750/2750/2750
f 2748/2748/2748 2751/2751/2751 2746/2746/2746
f 2748/2748/2748 2752/2752/2752 2751/2751/2751
f 2753/2753/2753 2751/2751/2751 2752/2752/2752
f 2753/2753/2753 2754/2754/2754 2751/2751/2751
f 2753/2753/2753 2755/2755/2755 2754/2754/2754
f 2753/2753/2753 2756/2756/2756 2755/2755/2755
f 2756/2756/2756 2757/2757/2757 2755/2755/2755
f 2756/2756/2756 2758/2758/2758 2757/2757/2757
f 2758/2758/2758 2759/2759/2759 2757/2757/2757
f 2758/2758/2758 2760/2760/2760 2759/2759/2759
f 2761/2761/2761 2759/2759/2759 2760/2760/2760
f 2761/2761/2761 2762/2762/2762 2759/2759/2759
f 2762/2762/2762 2761/2761/2761 2763/2763/2763
f 2762/2762/2762 2763/2763/2763 2764/2764/2764
f 2765/2765/2765 2766/2766/2766 2767/2767/2767
f 2765/2765/2765 2768/2768/2768 2766/2766/2766
f 2769/2769/2769 2770/2770/2770 2771/2771/2771
f 2769/2769/2769 2772/2772/2772 2770/2770/2770
f 2773/2773/2773 2774/2774/2774 2775/2775/2775
f 2773/2773/2773 2776/2776/2776 2774/2774/2774
f 2777/2777/2777 2778/2778/2778 2779/2779/2779
f 2777/2777/2777 2780/2780/2780 2778/2778/2778
f 2781/2781/2781 2782/2782/2782 2783/2783/2783
f 2781/2781/2781 2784/2784/2784 2782/2782/2782
f 2785/2785/2785 2786/2786/2786 2787/2787/2787
f 2785/2785/2785 2788/2788/2788 2786/2786/2786
f 2789/2789/2789 2790/2790/2790 2791/2791/2791
f 2789/2789/2789 2792/2792/2792 2790/2790/2790
f 2793/2793/2793 2794/2794/2794 2795/2795/2795
f 2793/2793/2793 2796/2796/2796 2794/2794/2794
f 2796/2796/2796 2797/2797/2797 2794/2794/2794
f 2796/2796/2796 2798/2798/2798 2797/2797/2797
f 2795/2795/2795 2799/2799/2799 2793/2793/2793
f 2795/2795/2795 2800/2800/2800 2799/2799/2799
f 2800/2800/2800 2801/2801/2801 2799/2799/2799
f 2800/2800/2800 2802/2802/2802 2801/2801/2801
f 2801/2801/2801 2802/2802/2802 2803/2803/2803
f 2801/2801/2801 2803/2803/2803 2804/2804/2804
f 2805/2805/2805 2806/2806/2806 2807/2807/2807
f 2805/2805/2805 2808/2808/2808 2806/2806/2806
f 2809/2809/2809 2810/2810/2810 2811/2811/2811
f 2809/2809/2809 2812/2812/2812 2810/2810/2810
f 2813/2813/2813 2814/2814/2814 2815/2815/2815
f 2813/2813/2813 2816/2816/2816 2814/2814/2814
f 2817/2817/2817 2818/2818/2818 2819/2819/2819
f 2817/2817/2817 2820/2820/2820 2818/2818/2818
f 2821/2821/2821 2822/2822/2822 2823/2823/2823
f 2821/2821/2821 2824/2824/2824 2822/2822/2822
f 2825/2825/2825 2826/2826/2826 2827/2827/2827
f 2825/2825/2825 2828/2828/2828 2826/2826/2826
f 2829/2829/2829 2830/2830/2830 2831/2831/2831
f 2829/2829/2829 2832/2832/2832 2830/2830/2830
f 2833/2833/2833 2834/2834/2834 2835/2835/2835
f 2833/2833/2833 2836/2836/2836 2834/2834/2834
f 2837/2837/2837 2838/2838/2838 2839/2839/2839
f 2837/2837/2837 2840/2840/2840 2838/2838/2838
f 2841/2841/2841 2842/2842/2842 2843/2843/2843
f 2844/2844/2844 2841/2841/2841 2843/2843/2843
f 2845/2845/2845 2844/2844/2844 2843/2843/2843
f 2846/2846/2846 2847/2847/2847 2848/2848/2848
f 2846/2846/2846 2849/2849/2849 2847/2847/2847
f 2850/2850/2850 2851/2851/2851 2852/2852/2852
f 2850/2850/2850 2853/2853/2853 2851/2851/2851
f 2854/2854/2854 2855/2855/2855 2856/2856/2856
f 2854/2854/2854 2857/2857/2857 2855/2855/2855
f 2858/2858/2858 2859/2859/2859 2860/2860/2860
f 2858/2858/2858 2861/2861/2861 2859/2859/2859
f 2862/2862/2862 2863/2863/2863 2864/2864/2864
f 2862/2862/2862 2865/2865/2865 2863/2863/2863
f 2866/2866/2866 2867/2867/2867 2868/2868/2868
f 2869/2869/2869 2870/2870/2870 2871/2871/2871
f 2869/2869/2869 2872/2872/2872 2870/2870/2870
f 2873/2873/2873 2874/2874/2874 2875/2875/2875
f 2873/2873/2873 2876/2876/2876 2874/2874/2874
f 2877/2877/2877 2878/2878/2878 2879/2879/2879
f 2877/2877/2877 2880/2880/2880 2878/2878/2878
f 2881/2881/2881 2882/2882/2882 2883/2883/2883
f 2881/2881/2881 2884/2884/2884 2882/2882/2882
f 2885/2885/2885 2886/2886/2886 2887/2887/2887
f 2885/2885/2885 2888/2888/2888 2886/2886/2886
f 2889/2889/2889 2890/2890/2890 2891/2891/2891
f 2889/2889/2889 2892/2892/2892 2890/2890/2890
f 2893/2893/2893 2894/2894/2894 2895/2895/2895
f 2893/2893/2893 2896/2896/2896 2894/2894/2894
f 2897/2897/2897 2898/2898/2898 2899/2899/2899
f 2897/2897/2897 2900/2900/2900 2898/2898/2898
f 2901/2901/2901 2902/2902/2902 2903/2903/2903
f 2901/2901/2901 2904/2904/2904 2902/2902/2902
f 2905/2905/2905 2906/2906/2906 2907/2907/2907
f 2905/2905/2905 2908/2908/2908 2906/2906/2906
f 2909/2909/2909 2910/2910/2910 2911/2911/2911
f 2909/2909/2909 2912/2912/2912 2910/2910/2910
f 2913/2913/2913 2914/2914/2914 2915/2915/2915
f 2913/2913/2913 2916/2916/2916 2914/2914/2914
f 2917/2917/2917 2918/2918/2918 2919/2919/2919
f 2917/2917/2917 2920/2920/2920 2918/2918/2918
f 2921/2921/2921 2922/2922/2922 2923/2923/2923
f 2921/2921/2921 2924/2924/2924 2922/2922/2922
f 2925/2925/2925 2921/2921/2921 2923/2923/2923
f 2925/2925/2925 2926/2926/2926 2921/2921/2921
f 2927/2927/2927 2928/2928/2928 2929/2929/2929
f 2927/2927/2927 2930/2930/2930 2928/2928/2928
f 2931/2931/2931 2932/2932/2932 2933/2933/2933
f 2931/2931/2931 2934/2934/2934 2932/2932/2932
f 2935/2935/2935 2936/2936/2936 2937/2937/2937
f 2935/2935/2935 2938/2938/2938 2936/2936/2936
f 2939/2939/2939 2940/2940/2940 2941/2941/2941
f 2939/2939/2939 2942/2942/2942 2940/2940/2940
f 2943/2943/2943 2944/2944/2944 2945/2945/2945
f 2943/2943/2943 2946/2946/2946 2944/2944/2944
f 2947/2947/2947 2945/2945/2945 2944/2944/2944
f 2947/2947/2947 2948/2948/2948 2945/2945/2945
f 2943/2943/2943 2949/2949/2949 2950/2950/2950
f 2943/2943/2943 2950/2950/2950 2951/2951/2951
f 2952/2952/2952 2950/2950/2950 2949/2949/2949
f 2952/2952/2952 2949/2949/2949 2953/2953/2953
f 2951/2951/2951 2950/2950/2950 2954/2954/2954
f 2955/2955/2955 2954/2954/2954 2950/2950/2950
f 2955/2955/2955 2956/2956/2956 2954/2954/2954
f 2951/2951/2951 2954/2954/2954 2146/2146/2146
f 2957/2957/2957 2958/2958/2958 2959/2959/2959
f 2957/2957/2957 2960/2960/2960 2958/2958/2958
f 2961/2961/2961 2962/2962/2962 2963/2963/2963
f 2961/2961/2961 2964/2964/2964 2962/2962/2962
f 2965/2965/2965 2966/2966/2966 2967/2967/2967
f 2965/2965/2965 2968/2968/2968 2966/2966/2966
f 2969/2969/2969 2970/2970/2970 2971/2971/2971
f 2969/2969/2969 2972/2972/2972 2970/2970/2970
f 2973/2973/2973 2974/2974/2974 2975/2975/2975
f 2973/2973/2973 2976/2976/2976 2974/2974/2974
f 2977/2977/2977 2974/2974/2974 2976/2976/2976
f 2978/2978/2978 2979/2979/2979 2980/2980/2980
f 2981/2981/2981 2982/2982/2982 2983/2983/2983
f 2984/2984/2984 2982/2982/2982 2981/2981/2981
f 2984/2984/2984 2981/2981/2981 2985/2985/2985
f 2986/2986/2986 2987/2987/2987 2983/2983/2983
f 2988/2988/2988 2987/2987/2987 2986/2986/2986
f 2988/2988/2988 2986/2986/2986 2989/2989/2989
f 2990/2990/2990 2991/2991/2991 2983/2983/2983
f 2990/2990/2990 2992/2992/2992 2991/2991/2991
f 2993/2993/2993 2991/2991/2991 2992/2992/2992
f 2993/2993/2993 2992/2992/2992 2994/2994/2994
f 2995/2995/2995 2992/2992/2992 2990/2990/2990
f 2995/2995/2995 2996/2996/2996 2992/2992/2992
f 2997/2997/2997 2998/2998/2998 2999/2999/2999
f 2997/2997/2997 3000/3000/3000 2998/2998/2998
f 3001/3001/3001 3002/3002/3002 3003/3003/3003
f 3004/3004/3004 3002/3002/3002 3001/3001/3001
f 3004/3004/3004 3001/3001/3001 3005/3005/3005
f 3006/3006/3006 3007/3007/3007 3003/3003/3003
f 3008/3008/3008 3007/3007/3007 3006/3006/3006
f 3008/3008/3008 3009/3009/3009 3007/3007/3007
f 3010/3010/3010 3011/3011/3011 3003/3003/3003
f 3012/3012/3012 3011/3011/3011 3010/3010/3010
f 3012/3012/3012 3010/3010/3010 3013/3013/3013
f 3014/3014/3014 3003/3003/3003 3015/3015/3015
f 3016/3016/3016 3014/3014/3014 3015/3015/3015
f 3016/3016/3016 3017/3017/3017 3014/3014/3014
f 3014/3014/3014 3018/3018/3018 3003/3003/3003
f 3019/3019/3019 3018/3018/3018 3014/3014/3014
f 3019/3019/3019 3020/3020/3020 3018/3018/3018
f 3021/3021/3021 3022/3022/3022 3023/3023/3023
f 3021/3021/3021 3024/3024/3024 3022/3022/3022
f 3025/3025/3025 3026/3026/3026 3027/3027/3027
f 3025/3025/3025 3028/3028/3028 3026/3026/3026
f 3029/3029/3029 3030/3030/3030 3031/3031/3031
f 3029/3029/3029 3032/3032/3032 3030/3030/3030
f 2983/2983/2983 3033/3033/3033 3003/3003/3003
f 3033/3033/3033 3034/3034/3034 3035/3035/3035
f 3033/3033/3033 3036/3036/3036 3034/3034/3034
f 2983/2983/2983 3036/3036/3036 3033/3033/3033
f 3037/3037/3037 3038/3038/3038 2983/2983/2983
f 3039/3039/3039 3040/3040/3040 3038/3038/3038
f 3039/3039/3039 3038/3038/3038 3041/3041/3041
f 3042/3042/3042 3041/3041/3041 3038/3038/3038
f 3043/3043/3043 3044/3044/3044 2983/2983/2983
f 3045/3045/3045 3044/3044/3044 3043/3043/3043
f 3045/3045/3045 3046/3046/3046 3044/3044/3044
f 3047/3047/3047 3048/3048/3048 3049/3049/3049
f 3047/3047/3047 3050/3050/3050 3048/3048/3048
f 3051/3051/3051 3049/3049/3049 3048/3048/3048
f 3051/3051/3051 3052/3052/3052 3049/3049/3049
f 3053/3053/3053 3054/3054/3054 3055/3055/3055
f 3053/3053/3053 3056/3056/3056 3054/3054/3054
f 3057/3057/3057 3053/3053/3053 3055/3055/3055
f 3057/3057/3057 3055/3055/3055 3058/3058/3058
f 3059/3059/3059 3056/3056/3056 3060/3060/3060
f 3059/3059/3059 3060/3060/3060 3057/3057/3057
f 3059/3059/3059 3061/3061/3061 3056/3056/3056
f 3059/3059/3059 3057/3057/3057 3062/3062/3062
f 3061/3061/3061 3063/3063/3063 3064/3064/3064
f 3064/3064/3064 3063/3063/3063 3062/3062/3062
f 3064/3064/3064 3062/3062/3062 3065/3065/3065
f 3061/3061/3061 3064/3064/3064 3066/3066/3066
f 3064/3064/3064 3065/3065/3065 3067/3067/3067
f 3066/3066/3066 3064/3064/3064 3068/3068/3068
f 3064/3064/3064 3067/3067/3067 3068/3068/3068
f 3066/3066/3066 3068/3068/3068 3069/3069/3069
f 3068/3068/3068 3067/3067/3067 3070/3070/3070
f 3069/3069/3069 3068/3068/3068 3071/3071/3071
f 3068/3068/3068 3070/3070/3070 3071/3071/3071
f 3069/3069/3069 3071/3071/3071 3072/3072/3072
f 3073/3073/3073 3070/3070/3070 3074/3074/3074
f 3072/3072/3072 3073/3073/3073 3075/3075/3075
f 3073/3073/3073 3074/3074/3074 3075/3075/3075
f 3072/3072/3072 3075/3075/3075 3076/3076/3076
f 3074/3074/3074 3077/3077/3077 3075/3075/3075
f 3077/3077/3077 3076/3076/3076 3075/3075/3075
f 3074/3074/3074 3078/3078/3078 3077/3077/3077
f 3077/3077/3077 3079/3079/3079 3076/3076/3076
f 3080/3080/3080 3081/3081/3081 3078/3078/3078
f 3080/3080/3080 3079/3079/3079 3081/3081/3081
f 3080/3080/3080 3078/3078/3078 3082/3082/3082
f 3080/3080/3080 3083/3083/3083 3079/3079/3079
f 3084/3084/3084 3082/3082/3082 3085/3085/3085
f 3084/3084/3084 3086/3086/3086 3082/3082/3082
f 3084/3084/3084 3083/3083/3083 3086/3086/3086
f 3084/3084/3084 3087/3087/3087 3083/3083/3083
f 3088/3088/3088 3085/3085/3085 3089/3089/3089
f 3090/3090/3090 3087/3087/3087 3088/3088/3088
f 3088/3088/3088 3089/3089/3089 3090/3090/3090
f 3090/3090/3090 3091/3091/3091 3087/3087/3087
f 3089/3089/3089 3092/3092/3092 3093/3093/3093
f 3093/3093/3093 3094/3094/3094 3091/3091/3091
f 3089/3089/3089 3093/3093/3093 3095/3095/3095
f 3093/3093/3093 3091/3091/3091 3095/3095/3095
f 3096/3096/3096 3097/3097/3097 3098/3098/3098
f 3096/3096/3096 3099/3099/3099 3097/3097/3097
f 3100/3100/3100 3101/3101/3101 3102/3102/3102
f 3100/3100/3100 3103/3103/3103 3101/3101/3101
f 3104/3104/3104 3105/3105/3105 3106/3106/3106
f 3104/3104/3104 3107/3107/3107 3105/3105/3105
f 3108/3108/3108 3109/3109/3109 3110/3110/3110
f 3108/3108/3108 3111/3111/3111 3109/3109/3109
f 3112/3112/3112 3108/3108/3108 3110/3110/3110
f 3112/3112/3112 3110/3110/3110 3113/3113/3113
f 3114/3114/3114 3115/3115/3115 3116/3116/3116
f 3114/3114/3114 3117/3117/3117 3115/3115/3115
f 3118/3118/3118 3119/3119/3119 3120/3120/3120
f 3118/3118/3118 3121/3121/3121 3119/3119/3119
f 3122/3122/3122 3118/3118/3118 3120/3120/3120
f 3122/3122/3122 3123/3123/3123 3118/3118/3118
f 3124/3124/3124 3125/3125/3125 3126/3126/3126
f 3124/3124/3124 3127/3127/3127 3125/3125/3125
f 3128/3128/3128 3129/3129/3129 3130/3130/3130
f 3131/3131/3131 3129/3129/3129 3128/3128/3128
f 3131/3131/3131 3128/3128/3128 3132/3132/3132
f 3128/3128/3128 3130/3130/3130 3133/3133/3133
f 3134/3134/3134 3135/3135/3135 3133/3133/3133
f 3136/3136/3136 3135/3135/3135 3134/3134/3134
f 3136/3136/3136 3134/3134/3134 3137/3137/3137
f 3134/3134/3134 3133/3133/3133 3138/3138/3138
f 3139/3139/3139 3140/3140/3140 3138/3138/3138
f 3141/3141/3141 3140/3140/3140 3139/3139/3139
f 3141/3141/3141 3139/3139/3139 3142/3142/3142
f 3139/3139/3139 3138/3138/3138 3143/3143/3143
f 3144/3144/3144 3145/3145/3145 3143/3143/3143
f 3144/3144/3144 3143/3143/3143 3146/3146/3146
f 3147/3147/3147 3145/3145/3145 3144/3144/3144
f 3147/3147/3147 3148/3148/3148 3145/3145/3145
f 3149/3149/3149 3146/3146/3146 3150/3150/3150
f 3149/3149/3149 3151/3151/3151 3146/3146/3146
f 3152/3152/3152 3151/3151/3151 3149/3149/3149
f 3152/3152/3152 3149/3149/3149 3153/3153/3153
f 3154/3154/3154 3155/3155/3155 3156/3156/3156
f 3154/3154/3154 3157/3157/3157 3155/3155/3155
f 3158/3158/3158 3156/3156/3156 3155/3155/3155
f 3158/3158/3158 3155/3155/3155 3159/3159/3159
f 3158/3158/3158 3159/3159/3159 3160/3160/3160
f 3158/3158/3158 3160/3160/3160 3161/3161/3161
f 3161/3161/3161 3160/3160/3160 3162/3162/3162
f 3161/3161/3161 3162/3162/3162 3163/3163/3163
f 3164/3164/3164 3163/3163/3163 3162/3162/3162
f 3164/3164/3164 3162/3162/3162 3165/3165/3165
f 3166/3166/3166 3164/3164/3164 3165/3165/3165
f 3166/3166/3166 3165/3165/3165 3167/3167/3167
f 3166/3166/3166 3167/3167/3167 3168/3168/3168
f 3166/3166/3166 3168/3168/3168 3169/3169/3169
f 3170/3170/3170 3169/3169/3169 3168/3168/3168
f 3170/3170/3170 3168/3168/3168 3171/3171/3171
f 3172/3172/3172 3173/3173/3173 3174/3174/3174
f 3175/3175/3175 3172/3172/3172 3174/3174/3174
f 3175/3175/3175 3174/3174/3174 3176/3176/3176
f 3172/3172/3172 3054/3054/3054 3173/3173/3173
f 3177/3177/3177 3173/3173/3173 3178/3178/3178
f 3177/3177/3177 3178/3178/3178 3179/3179/3179
f 3180/3180/3180 3177/3177/3177 3179/3179/3179
f 3180/3180/3180 3179/3179/3179 3181/3181/3181
f 3182/3182/3182 3178/3178/3178 3183/3183/3183
f 3182/3182/3182 3184/3184/3184 3178/3178/3178
f 3185/3185/3185 3184/3184/3184 3182/3182/3182
f 3185/3185/3185 3186/3186/3186 3184/3184/3184
f 3187/3187/3187 3183/3183/3183 3188/3188/3188
f 3187/3187/3187 3188/3188/3188 3189/3189/3189
f 3190/3190/3190 3187/3187/3187 3189/3189/3189
f 3190/3190/3190 3189/3189/3189 3191/3191/3191
f 3192/3192/3192 3188/3188/3188 3193/3193/3193
f 3192/3192/3192 3193/3193/3193 3194/3194/3194
f 3195/3195/3195 3192/3192/3192 3194/3194/3194
f 3195/3195/3195 3196/3196/3196 3192/3192/3192
f 3197/3197/3197 3193/3193/3193 3130/3130/3130
f 3197/3197/3197 3130/3130/3130 3198/3198/3198
f 3199/3199/3199 3197/3197/3197 3198/3198/3198
f 3199/3199/3199 3198/3198/3198 3200/3200/3200
f 3201/3201/3201 3202/3202/3202 3203/3203/3203
f 3204/3204/3204 3205/3205/3205 3206/3206/3206
f 3207/3207/3207 3208/3208/3208 3209/3209/3209
f 3207/3207/3207 3210/3210/3210 3208/3208/3208
f 3211/3211/3211 3210/3210/3210 3207/3207/3207
f 3211/3211/3211 3212/3212/3212 3210/3210/3210
f 3213/3213/3213 3212/3212/3212 3211/3211/3211
f 3213/3213/3213 3214/3214/3214 3212/3212/3212
f 3213/3213/3213 3215/3215/3215 3214/3214/3214
f 3213/3213/3213 3216/3216/3216 3215/3215/3215
f 3216/3216/3216 3217/3217/3217 3215/3215/3215
f 3216/3216/3216 3218/3218/3218 3217/3217/3217
f 3218/3218/3218 3219/3219/3219 3217/3217/3217
f 3218/3218/3218 3220/3220/3220 3219/3219/3219
f 3220/3220/3220 3221/3221/3221 3219/3219/3219
f 3220/3220/3220 3222/3222/3222 3221/3221/3221
f 3222/3222/3222 3223/3223/3223 3221/3221/3221
f 3222/3222/3222 3224/3224/3224 3223/3223/3223
